ticker,name,sic_code,gics_sector_code,gics_sector,gics_industry_group_code,gics_industry_group,gics_industry_code,gics_industry,gics_sub_industry_code,gics_sub_industry,confidence,method,excluded_reason
A,Agilent Technologies Inc.,3826,35,Health Care,3520,"Pharmaceuticals, Biotechnology & Life Sciences",352030,Life Sciences Tools & Services,35203010,Life Sciences Tools & Services,0.900,model+crosswalk,
AA,Alcoa Corporation,3334,15,Materials,1510,Materials,151040,Metals & Mining,15104010,Aluminum,0.909,model+crosswalk,
AABB,ASIA BROADBAND INC,,15,Materials,1510,Materials,151040,Metals & Mining,15104020,Diversified Metals & Mining,0.762,model+crosswalk,
AAC,Ares Acquisition Corporation III,6770,,,,,,,,,,,shell_company
AACI,Armada Acquisition Corp. III Class A Ordinary Share,6770,,,,,,,,,,,shell_company
AACO,Abony Acquisition Corp. I Class A Ordinary Share,6770,,,,,,,,,,,shell_company
AACP,Apogee Acquisition Corp Class A Ordinary Shares,6770,,,,,,,,,,,shell_company
AADX,"Applied Aerospace & Defense, Inc.",3728,20,Industrials,2010,Capital Goods,201010,Aerospace & Defense,20101010,Aerospace & Defense,0.900,model+crosswalk,
AAL,American Airlines Group Inc.,4512,20,Industrials,2030,Transportation,203020,Passenger Airlines,20302010,Passenger Airlines,0.900,model+crosswalk,
AAMCF,ACCELITRON ADVANCED MOTOR,,25,Consumer Discretionary,2510,Automobiles & Components,251010,Automobile Components,25101010,Automotive Parts & Equipment,0.781,model+crosswalk,
AAME,Atlantic American Corp,6311,40,Financials,4030,Insurance,403010,Insurance,40301020,Life & Health Insurance,0.900,model+crosswalk,
AAMI,Acadian Asset Management Inc.,6282,40,Financials,4020,Financial Services,402030,Capital Markets,40203010,Asset Management & Custody Banks,0.900,model+crosswalk,
AAOI,"Applied Optoelectronics, Inc.",3674,45,Information Technology,4520,Technology Hardware & Equipment,452010,Communications Equipment,45201020,Communications Equipment,0.700,model+crosswalk,
AAON,Aaon Inc,3585,20,Industrials,2010,Capital Goods,201020,Building Products,20102010,Building Products,0.900,model+crosswalk,
AAP,ADVANCE AUTO PARTS INC,5531,25,Consumer Discretionary,2510,Automobiles & Components,251010,Automobile Components,25101010,Automotive Parts & Equipment,0.700,model+crosswalk,
AAPL,Apple Inc.,3571,45,Information Technology,4520,Technology Hardware & Equipment,452020,"Technology Hardware, Storage & Peripherals",45202030,"Technology Hardware, Storage & Peripherals",0.900,model+crosswalk,
AARD,"Aardvark Therapeutics, Inc. Common Stock",2834,35,Health Care,3520,"Pharmaceuticals, Biotechnology & Life Sciences",352010,Biotechnology,35201010,Biotechnology,0.900,model+crosswalk,
AAT,"AMERICAN ASSETS TRUST, INC.",6798,60,Real Estate,6010,Equity Real Estate Investment Trusts (REITs),601010,Diversified REITs,60101010,Diversified REITs,0.750,yahoo+sic,
AATC,AUTOSCOPE TECHS CORP,,45,Information Technology,4520,Technology Hardware & Equipment,452030,"Electronic Equipment, Instruments & Components",45203010,Electronic Equipment & Instruments,0.650,model+crosswalk,
AAUC,Allied Gold Corporation,1040,15,Materials,1510,Materials,151040,Metals & Mining,15104030,Gold,0.900,model+crosswalk,
AB,"AllianceBernstein Holding, L.P.",6282,40,Financials,4020,Financial Services,402030,Capital Markets,40203010,Asset Management & Custody Banks,0.900,model+crosswalk,
ABAT,American Battery Technology Company Common Stock,1400,20,Industrials,2020,Commercial & Professional Services,202010,Commercial Services & Supplies,20201050,Environmental & Facilities Services,0.600,yahoo,
ABBV,ABBVIE INC.,2834,35,Health Care,3520,"Pharmaceuticals, Biotechnology & Life Sciences",352020,Pharmaceuticals,35202010,Pharmaceuticals,0.750,model+crosswalk,
ABCB,Ameris Bancorp,6022,40,Financials,4010,Banks,401010,Banks,40101015,Regional Banks,0.900,model+crosswalk,
ABCL,AbCellera Biologics Inc. Common Shares,2834,35,Health Care,3520,"Pharmaceuticals, Biotechnology & Life Sciences",352010,Biotechnology,35201010,Biotechnology,0.900,model+crosswalk,
ABEO,Abeona Therapeutics Inc. Common Stock,2834,35,Health Care,3520,"Pharmaceuticals, Biotechnology & Life Sciences",352010,Biotechnology,35201010,Biotechnology,0.900,model+crosswalk,
ABG,"Asbury Automotive Group, Inc.",5500,25,Consumer Discretionary,2550,Consumer Discretionary Distribution & Retail,255040,Specialty Retail,25504050,Automotive Retail,0.900,model+crosswalk,
ABLV,Able View Global Inc. Class B Ordinary Shares,5960,25,Consumer Discretionary,2550,Consumer Discretionary Distribution & Retail,255040,Specialty Retail,25504040,Other Specialty Retail,0.750,model+crosswalk,
ABM,"ABM Industries, Inc.",7340,20,Industrials,2020,Commercial & Professional Services,202010,Commercial Services & Supplies,20201050,Environmental & Facilities Services,0.900,model+crosswalk,
ABNB,"Airbnb, Inc. Class A Common Stock",7340,25,Consumer Discretionary,2530,Consumer Services,253010,"Hotels, Restaurants & Leisure",25301020,"Hotels, Resorts & Cruise Lines",0.600,yahoo,
ABOS,"Acumen Pharmaceuticals, Inc. Common Stock",2836,35,Health Care,3520,"Pharmaceuticals, Biotechnology & Life Sciences",352010,Biotechnology,35201010,Biotechnology,0.900,model+crosswalk,
ABR,"Arbor Realty Trust, Inc.",6798,40,Financials,4020,Financial Services,402040,Mortgage Real Estate Investment Trusts,40204010,Mortgage REITs,0.900,model+crosswalk,
ABSI,Absci Corporation Common Stock,8731,35,Health Care,3520,"Pharmaceuticals, Biotechnology & Life Sciences",352010,Biotechnology,35201010,Biotechnology,0.900,model+crosswalk,
ABT,Abbott Laboratories,2834,35,Health Care,3510,Health Care Equipment & Services,351010,Health Care Equipment & Supplies,35101010,Health Care Equipment,0.700,model+crosswalk,
ABTC,American Bitcoin Corp. Class A Common Stock,6199,40,Financials,4020,Financial Services,402030,Capital Markets,40203020,Investment Banking & Brokerage,0.600,model+crosswalk,
ABTS,Abits Group Inc Ordinary Shares,6199,40,Financials,4020,Financial Services,402030,Capital Markets,40203020,Investment Banking & Brokerage,0.600,model+crosswalk,
ABUS,Arbutus Biopharma Corporation Common Stock,2834,35,Health Care,3520,"Pharmaceuticals, Biotechnology & Life Sciences",352010,Biotechnology,35201010,Biotechnology,0.900,model+crosswalk,
ABVC,"ABVC BioPharma, Inc. Common Stock",2834,35,Health Care,3520,"Pharmaceuticals, Biotechnology & Life Sciences",352010,Biotechnology,35201010,Biotechnology,0.900,model+crosswalk,
ABX,"Abacus Global Management, Inc.",6282,40,Financials,4030,Insurance,403010,Insurance,40301020,Life & Health Insurance,0.700,yahoo+sic,
ACA,"Arcosa, Inc. Common Stock",3440,20,Industrials,2010,Capital Goods,201030,Construction & Engineering,20103010,Construction & Engineering,0.750,model+crosswalk,
ACAA,Averin Capital Acquisition Corp. Class A Ordinary Shares,6770,,,,,,,,,,,shell_company
ACAD,Acadia Pharmaceuticals Inc.,2834,35,Health Care,3520,"Pharmaceuticals, Biotechnology & Life Sciences",352010,Biotechnology,35201010,Biotechnology,0.900,model+crosswalk,
ACB,Aurora Cannabis Inc. Common Shares,2833,35,Health Care,3520,"Pharmaceuticals, Biotechnology & Life Sciences",352020,Pharmaceuticals,35202010,Pharmaceuticals,0.600,model+crosswalk,
ACCL,Acco Group Holdings Limited Class A Ordinary Shares,8742,20,Industrials,2020,Commercial & Professional Services,202020,Professional Services,20202020,Research & Consulting Services,0.900,model+crosswalk,
ACCO,Acco Brands Corporation,2780,20,Industrials,2020,Commercial & Professional Services,202010,Commercial Services & Supplies,20201060,Office Services & Supplies,0.900,model+crosswalk,
ACCS,ACCESS Newswire Inc.,8742,50,Communication Services,5020,Media & Entertainment,502010,Media,50201010,Advertising,0.600,model+crosswalk,
ACCV,Accelevation Holdings Corp. Class A Ordinary Shares,,20,Industrials,2010,Capital Goods,201040,Electrical Equipment,20104010,Electrical Components & Equipment,0.650,model+crosswalk,
ACDC,ProFrac Holding Corp. Class A Common Stock,1389,10,Energy,1010,Energy,101010,Energy Equipment & Services,10101020,Oil & Gas Equipment & Services,0.900,model+crosswalk,
ACEL,"Accel Entertainment, Inc.",7900,25,Consumer Discretionary,2530,Consumer Services,253010,"Hotels, Restaurants & Leisure",25301010,Casinos & Gaming,0.900,model+crosswalk,
ACET,"Adicet Bio, Inc. Common Stock",2834,35,Health Care,3520,"Pharmaceuticals, Biotechnology & Life Sciences",352010,Biotechnology,35201010,Biotechnology,0.900,model+crosswalk,
ACFL,AMC FINANCIAL HLDGS INC,,40,Financials,4010,Banks,401010,Banks,40101015,Regional Banks,0.650,model+crosswalk,
ACFN,"Acorn Energy, Inc. Common Stock",8711,45,Information Technology,4520,Technology Hardware & Equipment,452030,"Electronic Equipment, Instruments & Components",45203010,Electronic Equipment & Instruments,0.600,model+crosswalk,
ACGC,ACP Holdings Acquisition Corp. Class A Ordinary Shares,6770,,,,,,,,,,,shell_company
ACGL,Arch Capital Group Ltd,6331,40,Financials,4030,Insurance,403010,Insurance,40301030,Multi-line Insurance,0.750,yahoo+sic,
ACGLN,"Arch Capital Group Ltd. Depositary Shares, each Representing a 1/1,000th Interest in a 4.550% Non-Cumulative Preferred Share, Series G",6331,,,,,,,,,,,not_common_equity
ACGP,ASSOCIATED CAPITAL GRP A,,40,Financials,4020,Financial Services,402030,Capital Markets,40203010,Asset Management & Custody Banks,0.650,model+crosswalk,
ACH,"Accendra Health, Inc.",5047,35,Health Care,3510,Health Care Equipment & Services,351020,Health Care Providers & Services,35102010,Health Care Distributors,0.900,model+crosswalk,
ACHC,"Acadia Healthcare Company, Inc.",8093,35,Health Care,3510,Health Care Equipment & Services,351020,Health Care Providers & Services,35102020,Health Care Facilities,0.900,model+crosswalk,
ACHR,Archer Aviation Inc.,3721,20,Industrials,2010,Capital Goods,201010,Aerospace & Defense,20101010,Aerospace & Defense,0.900,model+crosswalk,
ACHV,"Achieve Life Sciences, Inc.",2835,35,Health Care,3520,"Pharmaceuticals, Biotechnology & Life Sciences",352010,Biotechnology,35201010,Biotechnology,0.900,model+crosswalk,
ACI,"Albertsons Companies, Inc.",5411,30,Consumer Staples,3010,Consumer Staples Distribution & Retail,301010,Consumer Staples Distribution & Retail,30101030,Food Retail,0.900,model+crosswalk,
ACIC,American Coastal Insurance Corporation Common Stock,6331,40,Financials,4030,Insurance,403010,Insurance,40301040,Property & Casualty Insurance,0.989,model+crosswalk,
ACIU,AC Immune SA,2834,35,Health Care,3520,"Pharmaceuticals, Biotechnology & Life Sciences",352010,Biotechnology,35201010,Biotechnology,0.900,model+crosswalk,
ACIW,"ACI Worldwide, Inc.",7372,40,Financials,4020,Financial Services,402010,Financial Services,40201060,Transaction & Payment Processing Services,0.900,model+crosswalk,
ACKAF,ARCELIK A S,,,,,,,,,,,,no_evidence
ACLS,Axcelis Technologies Inc,3559,45,Information Technology,4530,Semiconductors & Semiconductor Equipment,453010,Semiconductors & Semiconductor Equipment,45301010,Semiconductor Materials & Equipment,0.900,model+crosswalk,
ACM,Aecom,8711,20,Industrials,2010,Capital Goods,201030,Construction & Engineering,20103010,Construction & Engineering,0.900,model+crosswalk,
ACMB,AGRO CAPITAL MGMT CP,,20,Industrials,2010,Capital Goods,201050,Industrial Conglomerates,20105010,Industrial Conglomerates,0.650,yahoo,
ACMR,"ACM Research, Inc. Class A Common Stock",3559,45,Information Technology,4530,Semiconductors & Semiconductor Equipment,453010,Semiconductors & Semiconductor Equipment,45301010,Semiconductor Materials & Equipment,0.900,model+crosswalk,
ACN,Accenture PLC,7389,20,Industrials,2020,Commercial & Professional Services,202020,Professional Services,20202030,Data Processing & Outsourced Services,0.900,model+crosswalk,
ACNB,ACNB Corp,6022,40,Financials,4010,Banks,401010,Banks,40101015,Regional Banks,0.900,model+crosswalk,
ACNT,Ascent Industries Co. Common Stock,2800,15,Materials,1510,Materials,151010,Chemicals,15101050,Specialty Chemicals,0.900,model+crosswalk,
ACOG,Alpha Cognition Inc. Common Stock,2836,35,Health Care,3520,"Pharmaceuticals, Biotechnology & Life Sciences",352010,Biotechnology,35201010,Biotechnology,0.900,model+crosswalk,
ACON,"Aclarion, Inc. Common Stock",8071,35,Health Care,3510,Health Care Equipment & Services,351030,Health Care Technology,35103010,Health Care Technology,0.750,yahoo+sic,
ACR,ACRES Commercial Realty Corp.,6798,40,Financials,4020,Financial Services,402040,Mortgage Real Estate Investment Trusts,40204010,Mortgage REITs,0.900,model+crosswalk,
ACRE,Ares Commercial Real Estate Corporation,6798,40,Financials,4020,Financial Services,402040,Mortgage Real Estate Investment Trusts,40204010,Mortgage REITs,0.653,model+crosswalk,
ACRS,"Aclaris Therapeutics, Inc.",2834,35,Health Care,3520,"Pharmaceuticals, Biotechnology & Life Sciences",352010,Biotechnology,35201010,Biotechnology,0.900,model+crosswalk,
ACRV,"Acrivon Therapeutics, Inc. Common Stock",2834,35,Health Care,3520,"Pharmaceuticals, Biotechnology & Life Sciences",352010,Biotechnology,35201010,Biotechnology,0.900,model+crosswalk,
ACT,"Enact Holdings, Inc. Common Stock",6411,40,Financials,4030,Insurance,403010,Insurance,40301040,Property & Casualty Insurance,0.750,yahoo+sic,
ACTG,Acacia Research Corporation,6794,20,Industrials,2020,Commercial & Professional Services,202010,Commercial Services & Supplies,20201060,Office Services & Supplies,0.600,yahoo,
ACTU,"Actuate Therapeutics, Inc. Common stock",2834,35,Health Care,3520,"Pharmaceuticals, Biotechnology & Life Sciences",352010,Biotechnology,35201010,Biotechnology,0.900,model+crosswalk,
ACU,Acme United Corporation,3420,30,Consumer Staples,3030,Household & Personal Products,303010,Household Products,30301010,Household Products,0.600,yahoo,
ACVA,ACV Auctions Inc.,7389,25,Consumer Discretionary,2550,Consumer Discretionary Distribution & Retail,255040,Specialty Retail,25504050,Automotive Retail,0.600,model+crosswalk,
ACXP,"Acurx Pharmaceuticals, Inc. Common Stock",2834,35,Health Care,3520,"Pharmaceuticals, Biotechnology & Life Sciences",352010,Biotechnology,35201010,Biotechnology,0.900,model+crosswalk,
AD,"Array Digital Infrastructure, Inc.",4812,50,Communication Services,5010,Telecommunication Services,501020,Wireless Telecommunication Services,50102010,Wireless Telecommunication Services,0.900,model+crosswalk,
ADAC,American Drive Acquisition Company Class A Ordinary Shares,6770,,,,,,,,,,,shell_company
ADAM,"Adamas Trust, Inc. Common Stock",6798,40,Financials,4020,Financial Services,402040,Mortgage Real Estate Investment Trusts,40204010,Mortgage REITs,0.900,model+crosswalk,
ADAMG,"Adamas Trust, Inc. 9.125% Senior Notes Due 2030",6798,,,,,,,,,,,not_common_equity
ADAMH,"Adamas Trust, Inc. 9.875% Senior Notes Due 2030",6798,,,,,,,,,,,not_common_equity
ADAMI,"Adamas Trust, Inc. 9.125% Senior Notes Due 2029",6798,,,,,,,,,,,not_common_equity
ADAMK,"Adamas Trust, Inc. 9.600% Senior Notes Due 2031",6798,,,,,,,,,,,not_common_equity
ADAML,"Adamas Trust, Inc. 6.875% Series F Fixed-to-Floating Rate Cumulative Redeemable Preferred Stock, $0.01 par value per share",6798,,,,,,,,,,,not_common_equity
ADAMO,"Adamas Trust, Inc. 9.250% Senior Notes Due 2031",6798,,,,,,,,,,,not_common_equity
ADAMZ,"Adamas Trust, Inc. 7.000% Series G Cumulative Redeemable Preferred Stock, $0.01 par value per share",6798,,,,,,,,,,,not_common_equity
ADBE,Adobe Inc.,7372,45,Information Technology,4510,Software & Services,451030,Software,45103010,Application Software,0.750,model+crosswalk,
ADBKF,ADDIKO BK AG,,40,Financials,4010,Banks,401010,Banks,40101015,Regional Banks,0.650,model+crosswalk,
ADBT,"Advasa Holdings, Inc. Common Stock",7372,45,Information Technology,4510,Software & Services,451030,Software,45103010,Application Software,0.900,model+crosswalk,
ADC,Agree Realty Corporation,6798,60,Real Estate,6010,Equity Real Estate Investment Trusts (REITs),601070,Retail REITs,60107010,Retail REITs,0.900,model+crosswalk,
ADCT,ADC Therapeutics SA,2834,35,Health Care,3520,"Pharmaceuticals, Biotechnology & Life Sciences",352020,Pharmaceuticals,35202010,Pharmaceuticals,0.750,yahoo+sic,
ADEA,Adeia Inc. Common Stock,4841,45,Information Technology,4510,Software & Services,451030,Software,45103010,Application Software,0.600,model+crosswalk,
ADGM,"Adagio Medical Holdings, Inc Common Stock",3841,35,Health Care,3510,Health Care Equipment & Services,351010,Health Care Equipment & Supplies,35101010,Health Care Equipment,0.900,model+crosswalk,
ADI,"Analog Devices, Inc.",3674,45,Information Technology,4530,Semiconductors & Semiconductor Equipment,453010,Semiconductors & Semiconductor Equipment,45301020,Semiconductors,0.765,model+crosswalk,
ADIG,ADI Global Distribution Inc.,5072,45,Information Technology,4520,Technology Hardware & Equipment,452020,"Technology Hardware, Storage & Peripherals",45202030,"Technology Hardware, Storage & Peripherals",0.600,model+crosswalk,
ADIL,"Adial Pharmaceuticals, Inc",2834,35,Health Care,3520,"Pharmaceuticals, Biotechnology & Life Sciences",352010,Biotechnology,35201010,Biotechnology,0.900,model+crosswalk,
ADKT,ADIRONDACK TRUST SARA SPS,,40,Financials,4010,Banks,401010,Banks,40101015,Regional Banks,0.650,model+crosswalk,
ADM,Archer Daniels Midland Company,2070,30,Consumer Staples,3020,"Food, Beverage & Tobacco",302020,Food Products,30202010,Agricultural Products & Services,0.750,model+crosswalk,
ADMA,"ADMA Biologics, Inc.",2836,35,Health Care,3520,"Pharmaceuticals, Biotechnology & Life Sciences",352010,Biotechnology,35201010,Biotechnology,0.900,model+crosswalk,
ADNT,Adient plc Ordinary Shares,3714,25,Consumer Discretionary,2510,Automobiles & Components,251010,Automobile Components,25101010,Automotive Parts & Equipment,0.900,model+crosswalk,
ADP,Automatic Data Processing,7374,45,Information Technology,4510,Software & Services,451030,Software,45103010,Application Software,0.750,model+crosswalk,
ADPT,Adaptive Biotechnologies Corporation Common Stock,2836,35,Health Care,3520,"Pharmaceuticals, Biotechnology & Life Sciences",352030,Life Sciences Tools & Services,35203010,Life Sciences Tools & Services,0.750,yahoo+sic,
ADRX,"ADARx Pharmaceuticals, Inc. Common Stock",,35,Health Care,3520,"Pharmaceuticals, Biotechnology & Life Sciences",352010,Biotechnology,35201010,Biotechnology,0.860,model+crosswalk,
ADSE,ADS-TEC ENERGY PLC Ordinary Shares,3690,20,Industrials,2010,Capital Goods,201040,Electrical Equipment,20104010,Electrical Components & Equipment,0.900,model+crosswalk,
ADSK,Autodesk Inc,7372,45,Information Technology,4510,Software & Services,451030,Software,45103010,Application Software,0.900,model+crosswalk,
ADT,ADT Inc.,7381,20,Industrials,2020,Commercial & Professional Services,202010,Commercial Services & Supplies,20201080,Security & Alarm Services,0.909,model+crosswalk,
ADTN,"ADTRAN Holdings, Inc. Common Stock",3661,45,Information Technology,4520,Technology Hardware & Equipment,452010,Communications Equipment,45201020,Communications Equipment,0.900,model+crosswalk,
ADUR,Aduro Clean Technologies Inc. Common Stock,2800,20,Industrials,2020,Commercial & Professional Services,202010,Commercial Services & Supplies,20201050,Environmental & Facilities Services,0.600,yahoo,
ADUS,Addus HomeCare Corp.,8082,35,Health Care,3510,Health Care Equipment & Services,351020,Health Care Providers & Services,35102015,Health Care Services,0.900,model+crosswalk,
ADV,Advantage Solutions Inc. Class A Common Stock,7389,50,Communication Services,5020,Media & Entertainment,502010,Media,50201010,Advertising,0.900,model+crosswalk,
ADVB,Advanced Biomed Inc. Common Stock,8071,35,Health Care,3520,"Pharmaceuticals, Biotechnology & Life Sciences",352030,Life Sciences Tools & Services,35203010,Life Sciences Tools & Services,0.900,model+crosswalk,
AEAQ,Activate Energy Acquisition Corp. Class A Ordinary Share,6770,,,,,,,,,,,shell_company
AEBI,Aebi Schmidt Holding AG Common Stock,3531,20,Industrials,2010,Capital Goods,201060,Machinery,20106010,Construction Machinery & Heavy Transportation Equipment,0.900,model+crosswalk,
AEBMF,ANADOLU EFES BIRACK ORD,,,,,,,,,,,,no_evidence
AEC,Anfield Energy Inc. Common Shares,1000,10,Energy,1010,Energy,101020,"Oil, Gas & Consumable Fuels",10102050,Coal & Consumable Fuels,0.900,model+crosswalk,
AEE,Ameren Corporation,4931,55,Utilities,5510,Utilities,551010,Electric Utilities,55101010,Electric Utilities,0.750,model+crosswalk,
AEG,Aegon Ltd.,6311,40,Financials,4030,Insurance,403010,Insurance,40301030,Multi-line Insurance,0.750,yahoo+sic,
AEHL,Antelope Enterprise Holdings Limited Class A Ordinary Shares,4899,20,Industrials,2010,Capital Goods,201020,Building Products,20102010,Building Products,0.600,yahoo,
AEHR,Aehr Test Systems,3825,45,Information Technology,4530,Semiconductors & Semiconductor Equipment,453010,Semiconductors & Semiconductor Equipment,45301010,Semiconductor Materials & Equipment,0.700,model+crosswalk,
AEI,Alset Inc. Common Stock (TX),6500,60,Real Estate,6020,Real Estate Management & Development,602010,Real Estate Management & Development,60201030,Real Estate Development,0.900,model+crosswalk,
AEIS,Advanced Energy Industries Inc,3679,20,Industrials,2010,Capital Goods,201040,Electrical Equipment,20104010,Electrical Components & Equipment,0.600,model+crosswalk,
AEM,Agnico Eagle Mines Ltd.,1040,15,Materials,1510,Materials,151040,Metals & Mining,15104030,Gold,0.900,model+crosswalk,
AEMD,AETHLON MEDICAL INC,3841,35,Health Care,3510,Health Care Equipment & Services,351010,Health Care Equipment & Supplies,35101010,Health Care Equipment,0.900,model+crosswalk,
AENT,Alliance Entertainment Holding Corporation Class A Common Stock,5099,50,Communication Services,5020,Media & Entertainment,502020,Entertainment,50202010,Movies & Entertainment,0.600,model+crosswalk,
AEO,American Eagle Outfitters,5651,25,Consumer Discretionary,2550,Consumer Discretionary Distribution & Retail,255040,Specialty Retail,25504010,Apparel Retail,0.900,model+crosswalk,
AEON,"AEON Biopharma, Inc.",2834,35,Health Care,3520,"Pharmaceuticals, Biotechnology & Life Sciences",352010,Biotechnology,35201010,Biotechnology,0.900,model+crosswalk,
AEP,"American Electric Power Company, Inc.",4911,55,Utilities,5510,Utilities,551010,Electric Utilities,55101010,Electric Utilities,0.750,model+crosswalk,
AEPT,AMERICAN ENGY PARTNERS,,55,Utilities,5510,Utilities,551040,Water Utilities,55104010,Water Utilities,0.707,model+crosswalk,
AER,Aercap Holdings N.V.,7359,20,Industrials,2010,Capital Goods,201070,Trading Companies & Distributors,20107010,Trading Companies & Distributors,0.900,model+crosswalk,
AERT,"Aeries Technology, Inc. Class A Ordinary Share",8742,20,Industrials,2020,Commercial & Professional Services,202020,Professional Services,20202020,Research & Consulting Services,0.900,model+crosswalk,
AES,AES Corporation,4991,55,Utilities,5510,Utilities,551030,Multi-Utilities,55103010,Multi-Utilities,0.750,yahoo+sic,
AESI,Atlas Energy Solutions Inc.,1311,10,Energy,1010,Energy,101010,Energy Equipment & Services,10101020,Oil & Gas Equipment & Services,0.750,yahoo+sic,
AESP,Aeon Acquisition I Corp. Class A Ordinary Shares,6770,,,,,,,,,,,shell_company
AEVA,"Aeva Technologies, Inc.",3714,45,Information Technology,4510,Software & Services,451030,Software,45103020,Systems Software,0.600,yahoo,
AEXA,American Exceptionalism Acquisition Corp. A,6770,,,,,,,,,,,shell_company
AEXNF,AEON CREDIT SERVICE ASIA,,,,,,,,,,,,no_evidence
AEYE,"AudioEye, Inc. Common Stock",7372,45,Information Technology,4510,Software & Services,451030,Software,45103010,Application Software,0.900,model+crosswalk,
AFCG,Advanced Flower Capital Inc. Common Stock,,40,Financials,4020,Financial Services,402030,Capital Markets,40203010,Asset Management & Custody Banks,0.650,model+crosswalk,
AFFU,AFFLUENCE CORP,,45,Information Technology,4510,Software & Services,451030,Software,45103020,Systems Software,0.654,model+crosswalk,
AFG,"American Financial Group, Inc.",6331,40,Financials,4030,Insurance,403010,Insurance,40301040,Property & Casualty Insurance,0.955,model+crosswalk,
AFIPA,AMFI CORP A,,,,,,,,,,,,no_evidence
AFJK,"Aimei Health Technology Co., Ltd Ordinary Share",6770,,,,,,,,,,,shell_company
AFL,Aflac Inc.,6321,40,Financials,4030,Insurance,403010,Insurance,40301020,Life & Health Insurance,0.900,model+crosswalk,
AFRI,Forafric Global PLC Ordinary Shares,2040,30,Consumer Staples,3020,"Food, Beverage & Tobacco",302020,Food Products,30202010,Agricultural Products & Services,0.750,model+crosswalk,
AFRM,"Affirm Holdings, Inc. Class A Common Stock",6141,40,Financials,4020,Financial Services,402020,Consumer Finance,40202010,Consumer Finance,0.900,model+crosswalk,
AFYA,Afya Limited Class A Common Shares,8200,25,Consumer Discretionary,2530,Consumer Services,253020,Diversified Consumer Services,25302010,Education Services,0.900,model+crosswalk,
AG,FIRST MAJESTIC SILVER CORP,1040,15,Materials,1510,Materials,151040,Metals & Mining,15104045,Silver,0.900,model+crosswalk,
AGBK,AGI Inc,6029,40,Financials,4010,Banks,401010,Banks,40101015,Regional Banks,0.900,model+crosswalk,
AGCC,Agencia Comercial Spirits Ltd Class A Ordinary Shares,5180,30,Consumer Staples,3020,"Food, Beverage & Tobacco",302010,Beverages,30201020,Distillers & Vintners,0.700,model+crosswalk,
AGCO,AGCO Corporation,3523,20,Industrials,2010,Capital Goods,201060,Machinery,20106015,Agricultural & Farm Machinery,0.900,model+crosswalk,
AGEN,Agenus Inc.,2836,35,Health Care,3520,"Pharmaceuticals, Biotechnology & Life Sciences",352010,Biotechnology,35201010,Biotechnology,0.900,model+crosswalk,
AGI,Alamos Gold Inc. Class A Common Shares,1040,15,Materials,1510,Materials,151040,Metals & Mining,15104030,Gold,0.900,model+crosswalk,
AGIG,Abundia Global Impact Group Inc.,1311,55,Utilities,5510,Utilities,551050,Independent Power and Renewable Electricity Producers,55105020,Renewable Electricity,0.600,yahoo,
AGIO,"Agios Pharmaceuticals, Inc.",2834,35,Health Care,3520,"Pharmaceuticals, Biotechnology & Life Sciences",352010,Biotechnology,35201010,Biotechnology,0.900,model+crosswalk,
AGL,"agilon health, inc.",8090,35,Health Care,3510,Health Care Equipment & Services,351020,Health Care Providers & Services,35102015,Health Care Services,0.900,model+crosswalk,
AGM,Federal Agricultural Mortgage Corporation,6111,40,Financials,4020,Financial Services,402010,Financial Services,40201050,Commercial & Residential Mortgage Finance,0.750,yahoo+sic,
AGM.A,Federal Agricultural Mortgage Corporation Class A Voting,6111,40,Financials,4020,Financial Services,402010,Financial Services,40201050,Commercial & Residential Mortgage Finance,0.750,yahoo+sic,
AGMH,AGM Group Holdings Inc. Class A Ordinary Shares,7371,45,Information Technology,4520,Technology Hardware & Equipment,452020,"Technology Hardware, Storage & Peripherals",45202030,"Technology Hardware, Storage & Peripherals",0.700,model+crosswalk,
AGNC,AGNC Investment Corp. Common Stock,6798,40,Financials,4020,Financial Services,402040,Mortgage Real Estate Investment Trusts,40204010,Mortgage REITs,0.900,model+crosswalk,
AGNCL,"AGNC Investment Corp. Depositary Shares Each Representing a 1/1,000th Interest in a Share of 7.75% Series G Fixed-Rate Reset Cumulative Redeemable Preferred Stock",6798,,,,,,,,,,,not_common_equity
AGNCO,"AGNC Investment Corp. Depositary Shares, each representing a 1/1,000th interest in a share of 6.50% Series E Fixed-to-Floating Cumulative Redeemable Preferred Stock",6798,,,,,,,,,,,not_common_equity
AGNT,"AGNT, Inc. Common Stock",6531,60,Real Estate,6020,Real Estate Management & Development,602010,Real Estate Management & Development,60201040,Real Estate Services,0.900,model+crosswalk,
AGO,"Assured Guaranty, LTD",6351,40,Financials,4030,Insurance,403010,Insurance,40301040,Property & Casualty Insurance,0.900,model+crosswalk,
AGPU,Axe Compute Inc. Common Stock,6199,45,Information Technology,4510,Software & Services,451030,Software,45103020,Systems Software,0.600,model+crosswalk,
AGRO,ADECOAGRO S.A.,0100,30,Consumer Staples,3020,"Food, Beverage & Tobacco",302020,Food Products,30202030,Packaged Foods & Meats,0.750,yahoo+sic,
AGRZ,Agroz Inc. Class A Ordinary Shares,0100,30,Consumer Staples,3020,"Food, Beverage & Tobacco",302020,Food Products,30202010,Agricultural Products & Services,0.900,model+crosswalk,
AGX,"Argan, Inc",1700,20,Industrials,2010,Capital Goods,201030,Construction & Engineering,20103010,Construction & Engineering,0.900,model+crosswalk,
AGYS,"Agilysys, Inc. Common Stock (DE)",7373,45,Information Technology,4510,Software & Services,451030,Software,45103010,Application Software,0.600,model+crosswalk,
AHCO,AdaptHealth Corp. Common Stock,8082,35,Health Care,3510,Health Care Equipment & Services,351010,Health Care Equipment & Supplies,35101010,Health Care Equipment,0.750,yahoo+sic,
AHMA,Ambitions Enterprise Management Co. L.L.C Class A Ordinary Shares,7900,25,Consumer Discretionary,2530,Consumer Services,253010,"Hotels, Restaurants & Leisure",25301020,"Hotels, Resorts & Cruise Lines",0.750,yahoo+sic,
AHR,"American Healthcare REIT, Inc.",6798,60,Real Estate,6010,Equity Real Estate Investment Trusts (REITs),601050,Health Care REITs,60105010,Health Care REITs,0.910,model+crosswalk,
AHRT,"AH Realty Trust, Inc.",6500,60,Real Estate,6010,Equity Real Estate Investment Trusts (REITs),601010,Diversified REITs,60101010,Diversified REITs,0.900,model+crosswalk,
AHT,"Ashford Hospitality Trust, Inc.",6798,60,Real Estate,6010,Equity Real Estate Investment Trusts (REITs),601030,Hotel & Resort REITs,60103010,Hotel & Resort REITs,0.750,model+crosswalk,
AI,"C3.ai, Inc.",7372,45,Information Technology,4510,Software & Services,451030,Software,45103020,Systems Software,0.750,yahoo+sic,
AIAI,AIAI Holdings Corporation Class A Common Stock,7374,20,Industrials,2010,Capital Goods,201050,Industrial Conglomerates,20105010,Industrial Conglomerates,0.700,yahoo+sic,
AIB,AIB Data Centers Inc.,6221,45,Information Technology,4510,Software & Services,451020,IT Services,45102030,Internet Services & Infrastructure,0.600,model+crosswalk,
AIBZ,Bitzero Holdings Inc. Common Shares,6199,45,Information Technology,4510,Software & Services,451020,IT Services,45102030,Internet Services & Infrastructure,0.750,model+crosswalk,
AICHF,AICHI STEEL CORP,,15,Materials,1510,Materials,151040,Metals & Mining,15104050,Steel,0.650,model+crosswalk,
AICXF,AICHI CORP,,20,Industrials,2010,Capital Goods,201060,Machinery,20106010,Construction Machinery & Heavy Transportation Equipment,0.650,model+crosswalk,
AIDX,"20/20 Biolabs, Inc. Common Stock",8734,35,Health Care,3510,Health Care Equipment & Services,351010,Health Care Equipment & Supplies,35101010,Health Care Equipment,0.600,model+crosswalk,
AIFA,"All In FutureTech Alliance, Inc. Common Stock",7900,45,Information Technology,4510,Software & Services,451030,Software,45103020,Systems Software,0.600,model+crosswalk,
AIFC,AI Financial Corporation Common Stock,6221,40,Financials,4020,Financial Services,402010,Financial Services,40201060,Transaction & Payment Processing Services,0.750,model+crosswalk,
AIFF,"Firefly Neuroscience, Inc. Common Stock",7372,45,Information Technology,4510,Software & Services,451030,Software,45103010,Application Software,0.900,model+crosswalk,
AIFU,AIFU Inc. Class A Ordinary Share,6411,40,Financials,4030,Insurance,403010,Insurance,40301010,Insurance Brokers,0.900,model+crosswalk,
AIG,"American International Group, Inc.",6331,40,Financials,4030,Insurance,403010,Insurance,40301030,Multi-line Insurance,0.750,yahoo+sic,
AII,"American Integrity Insurance Group, Inc.",6331,40,Financials,4030,Insurance,403010,Insurance,40301040,Property & Casualty Insurance,0.961,model+crosswalk,
AIIA,AI Infrastructure Acquisition Corp.,6770,,,,,,,,,,,shell_company
AIIO,Robo.ai Inc. Class B Ordinary Shares,3711,25,Consumer Discretionary,2510,Automobiles & Components,251020,Automobiles,25102010,Automobile Manufacturers,0.900,model+crosswalk,
AIIR,Air Global PLC Ordinary Shares,2100,30,Consumer Staples,3020,"Food, Beverage & Tobacco",302030,Tobacco,30203010,Tobacco,0.900,model+crosswalk,
AIM,AIM ImmunoTech Inc.,2836,35,Health Care,3520,"Pharmaceuticals, Biotechnology & Life Sciences",352010,Biotechnology,35201010,Biotechnology,0.900,model+crosswalk,
AIMD,"Ainos, Inc. Common Stock",3577,45,Information Technology,4520,Technology Hardware & Equipment,452030,"Electronic Equipment, Instruments & Components",45203010,Electronic Equipment & Instruments,0.750,model+crosswalk,
AIN,Albany International Corp Class A,2221,25,Consumer Discretionary,2520,Consumer Durables & Apparel,252030,"Textiles, Apparel & Luxury Goods",25203030,Textiles,0.900,model+crosswalk,
AIOS,AIOS Tech Inc. Class A Common Shares,3490,45,Information Technology,4510,Software & Services,451020,IT Services,45102010,IT Consulting & Other Services,0.600,model+crosswalk,
AIOT,"PowerFleet, Inc. Common Stock",3669,45,Information Technology,4510,Software & Services,451030,Software,45103010,Application Software,0.700,model+crosswalk,
AIP,"Arteris, Inc. Common Stock",3674,45,Information Technology,4530,Semiconductors & Semiconductor Equipment,453010,Semiconductors & Semiconductor Equipment,45301020,Semiconductors,0.900,model+crosswalk,
AIPXF,AIRPORT FACILITIES CO LTD,,,,,,,,,,,,no_evidence
AIR,AAR Corp.,3720,20,Industrials,2010,Capital Goods,201010,Aerospace & Defense,20101010,Aerospace & Defense,0.900,model+crosswalk,
AIRE,reAlpha Tech Corp. Common Stock,6500,60,Real Estate,6020,Real Estate Management & Development,602010,Real Estate Management & Development,60201040,Real Estate Services,0.750,model+crosswalk,
AIRG,"Airgain, Inc. Common Stock",3663,45,Information Technology,4520,Technology Hardware & Equipment,452010,Communications Equipment,45201020,Communications Equipment,0.900,model+crosswalk,
AIRI,Air Industries Group,3728,20,Industrials,2010,Capital Goods,201010,Aerospace & Defense,20101010,Aerospace & Defense,0.900,model+crosswalk,
AIRJ,AirJoule Technologies Corporation Class A Common Stock,3585,20,Industrials,2010,Capital Goods,201020,Building Products,20102010,Building Products,0.900,model+crosswalk,
AIRO,"AIRO Group Holdings, Inc. Common Stock",3721,20,Industrials,2010,Capital Goods,201010,Aerospace & Defense,20101010,Aerospace & Defense,0.900,model+crosswalk,
AIRS,"AirSculpt Technologies, Inc. Common Stock",8011,35,Health Care,3510,Health Care Equipment & Services,351020,Health Care Providers & Services,35102020,Health Care Facilities,0.900,model+crosswalk,
AIRT,Air T Inc,4513,20,Industrials,2010,Capital Goods,201050,Industrial Conglomerates,20105010,Industrial Conglomerates,0.700,yahoo+sic,
AISP,"Airship AI Holdings, Inc. Class A Common Stock",7372,45,Information Technology,4510,Software & Services,451030,Software,45103020,Systems Software,0.750,yahoo+sic,
AIT,"Applied Industrial Technologies, Inc.",5080,20,Industrials,2010,Capital Goods,201070,Trading Companies & Distributors,20107010,Trading Companies & Distributors,0.900,model+crosswalk,
AITX,ARTIFICIAL INTL SLTNS TEC,,,,,,,,,,,,no_evidence
AIV,Apartment Investment and Management Company,6798,60,Real Estate,6010,Equity Real Estate Investment Trusts (REITs),601060,Residential REITs,60106010,Multi-Family Residential REITs,0.750,model+crosswalk,
AIXC,"AIxCrypto Holdings, Inc. Common Stock",6199,45,Information Technology,4510,Software & Services,451030,Software,45103020,Systems Software,0.600,yahoo,
AIXN,AIXIN LIFE INTL INC,,30,Consumer Staples,3010,Consumer Staples Distribution & Retail,301010,Consumer Staples Distribution & Retail,30101020,Food Distributors,0.650,model+crosswalk,
AIZ,"Assurant, Inc.",6399,40,Financials,4030,Insurance,403010,Insurance,40301040,Property & Casualty Insurance,0.750,model+crosswalk,
AJG,Arthur J. Gallagher & Co.,6411,40,Financials,4030,Insurance,403010,Insurance,40301010,Insurance Brokers,0.900,model+crosswalk,
AKA,a.k.a. Brands Holding Corp.,5961,25,Consumer Discretionary,2550,Consumer Discretionary Distribution & Retail,255040,Specialty Retail,25504010,Apparel Retail,0.900,model+crosswalk,
AKAM,Akamai Technologies Inc,7389,45,Information Technology,4510,Software & Services,451020,IT Services,45102030,Internet Services & Infrastructure,0.750,yahoo+sic,
AKAN,Akanda Corp. Common Shares,2833,35,Health Care,3520,"Pharmaceuticals, Biotechnology & Life Sciences",352020,Pharmaceuticals,35202010,Pharmaceuticals,0.600,model+crosswalk,
AKBA,"Akebia Therapeutics, Inc.",2834,35,Health Care,3520,"Pharmaceuticals, Biotechnology & Life Sciences",352020,Pharmaceuticals,35202010,Pharmaceuticals,0.750,yahoo+sic,
AKR,Acadia Realty Trust,6798,60,Real Estate,6010,Equity Real Estate Investment Trusts (REITs),601070,Retail REITs,60107010,Retail REITs,0.900,model+crosswalk,
AKTS,"Aktis Oncology, Inc. Common stock",2834,35,Health Care,3520,"Pharmaceuticals, Biotechnology & Life Sciences",352010,Biotechnology,35201010,Biotechnology,0.900,model+crosswalk,
ALAB,"Astera Labs, Inc. Common Stock",3674,45,Information Technology,4530,Semiconductors & Semiconductor Equipment,453010,Semiconductors & Semiconductor Equipment,45301020,Semiconductors,0.900,model+crosswalk,
ALB,Albemarle Corporation,2821,15,Materials,1510,Materials,151010,Chemicals,15101050,Specialty Chemicals,0.750,model+crosswalk,
ALC,Alcon Inc. Ordinary Shares,3851,35,Health Care,3510,Health Care Equipment & Services,351010,Health Care Equipment & Supplies,35101020,Health Care Supplies,0.900,model+crosswalk,
ALCO,Alico Inc,0100,30,Consumer Staples,3020,"Food, Beverage & Tobacco",302020,Food Products,30202030,Packaged Foods & Meats,0.750,yahoo+sic,
ALDF,Aldel Financial II Inc. Class A Ordinary Shares,6770,,,,,,,,,,,shell_company
ALDS,APPLIFE DIGITAL SOLUTIONS,,45,Information Technology,4510,Software & Services,451030,Software,45103010,Application Software,0.752,model+crosswalk,
ALDX,"Aldeyra Therapeutics, Inc.",2834,35,Health Care,3520,"Pharmaceuticals, Biotechnology & Life Sciences",352010,Biotechnology,35201010,Biotechnology,0.900,model+crosswalk,
ALEC,"Alector, Inc. Common Stock",2836,35,Health Care,3520,"Pharmaceuticals, Biotechnology & Life Sciences",352010,Biotechnology,35201010,Biotechnology,0.900,model+crosswalk,
ALF,Centurion Acquisition Corp. Class A Ordinary Shares,6770,,,,,,,,,,,shell_company
ALG,"Alamo Group, Inc.",3523,20,Industrials,2010,Capital Goods,201060,Machinery,20106015,Agricultural & Farm Machinery,0.900,model+crosswalk,
ALGM,"Allegro MicroSystems, Inc. Common Stock",3674,45,Information Technology,4530,Semiconductors & Semiconductor Equipment,453010,Semiconductors & Semiconductor Equipment,45301020,Semiconductors,0.900,model+crosswalk,
ALGN,Align Technology Inc,3842,35,Health Care,3510,Health Care Equipment & Services,351010,Health Care Equipment & Supplies,35101020,Health Care Supplies,0.900,model+crosswalk,
ALGS,"Aligos Therapeutics, Inc. Common Stock",2836,35,Health Care,3520,"Pharmaceuticals, Biotechnology & Life Sciences",352010,Biotechnology,35201010,Biotechnology,0.900,model+crosswalk,
ALGT,Allegiant Travel Company,4512,20,Industrials,2030,Transportation,203020,Passenger Airlines,20302010,Passenger Airlines,0.900,model+crosswalk,
ALH,Alliance Laundry Holdings Inc.,3580,25,Consumer Discretionary,2520,Consumer Durables & Apparel,252010,Household Durables,25201040,Household Appliances,0.600,yahoo,
ALHC,"Alignment Healthcare, Inc. Common Stock",6324,35,Health Care,3510,Health Care Equipment & Services,351020,Health Care Providers & Services,35102030,Managed Health Care,0.900,model+crosswalk,
ALIS,Calisa Acquisition Corp Ordinary shares,7374,,,,,,,,,,,shell_company
ALIT,"Alight, Inc.",7389,45,Information Technology,4510,Software & Services,451030,Software,45103010,Application Software,0.900,model+crosswalk,
ALK,"Alaska Air Group, Inc.",4512,20,Industrials,2030,Transportation,203010,Air Freight & Logistics,20301010,Air Freight & Logistics,0.900,model+crosswalk,
ALKS,Alkermes Inc. plc,2834,35,Health Care,3520,"Pharmaceuticals, Biotechnology & Life Sciences",352020,Pharmaceuticals,35202010,Pharmaceuticals,0.750,model+crosswalk,
ALKT,"Alkami Technology, Inc. Common Stock",7372,45,Information Technology,4510,Software & Services,451030,Software,45103010,Application Software,0.900,model+crosswalk,
ALL,The Allstate Corporation,6331,40,Financials,4030,Insurance,403010,Insurance,40301040,Property & Casualty Insurance,0.941,model+crosswalk,
ALLE,Allegion Public Limited Company,7381,20,Industrials,2020,Commercial & Professional Services,202010,Commercial Services & Supplies,20201080,Security & Alarm Services,0.900,model+crosswalk,
ALLO,"Allogene Therapeutics, Inc. Common Stock",2836,35,Health Care,3520,"Pharmaceuticals, Biotechnology & Life Sciences",352010,Biotechnology,35201010,Biotechnology,0.900,model+crosswalk,
ALLR,"Allarity Therapeutics, Inc. Common Stock",2834,35,Health Care,3520,"Pharmaceuticals, Biotechnology & Life Sciences",352010,Biotechnology,35201010,Biotechnology,0.900,model+crosswalk,
ALLT,Allot Ltd. Ordinary Shares,3576,45,Information Technology,4510,Software & Services,451030,Software,45103010,Application Software,0.700,yahoo+sic,
ALLY,Ally Financial Inc.,6022,40,Financials,4020,Financial Services,402010,Financial Services,40201040,Specialized Finance,0.700,yahoo+sic,
ALM,Almonty Industries Inc. Common Shares,1000,15,Materials,1510,Materials,151040,Metals & Mining,15104020,Diversified Metals & Mining,0.900,model+crosswalk,
ALMR,"Alamar Biosciences, Inc. Common Stock",3826,35,Health Care,3510,Health Care Equipment & Services,351010,Health Care Equipment & Supplies,35101020,Health Care Supplies,0.700,yahoo+sic,
ALMS,Alumis Inc. Common Stock,2834,35,Health Care,3520,"Pharmaceuticals, Biotechnology & Life Sciences",352010,Biotechnology,35201010,Biotechnology,0.900,model+crosswalk,
ALMU,"Aeluma, Inc. Common Stock",3674,45,Information Technology,4530,Semiconductors & Semiconductor Equipment,453010,Semiconductors & Semiconductor Equipment,45301020,Semiconductors,0.900,model+crosswalk,
ALNT,Allient Inc. Common Stock,3825,45,Information Technology,4520,Technology Hardware & Equipment,452030,"Electronic Equipment, Instruments & Components",45203015,Electronic Components,0.750,model+crosswalk,
ALNXF,ALCONIX CORP,,,,,,,,,,,,no_evidence
ALNY,"Alnylam Pharmaceuticals, Inc.",2834,35,Health Care,3520,"Pharmaceuticals, Biotechnology & Life Sciences",352010,Biotechnology,35201010,Biotechnology,0.900,model+crosswalk,
ALOT,"AstroNova, Inc. Common Stock",3577,45,Information Technology,4520,Technology Hardware & Equipment,452020,"Technology Hardware, Storage & Peripherals",45202030,"Technology Hardware, Storage & Peripherals",0.900,model+crosswalk,
ALOV,"Aldabra 4 Liquidity Opportunity Vehicle, Inc. Class A Ordinary Shares",6770,,,,,,,,,,,shell_company
ALOY,REalloys Inc. Common Stock,1000,15,Materials,1510,Materials,151040,Metals & Mining,15104040,Precious Metals & Minerals,0.750,yahoo+sic,
ALP,Alpha Compute Corp Common Stock,6199,40,Financials,4020,Financial Services,402030,Capital Markets,40203010,Asset Management & Custody Banks,0.750,model+crosswalk,
ALPIB,ALPINE BKS COLO CL B,,40,Financials,4010,Banks,401010,Banks,40101015,Regional Banks,0.650,yahoo,
ALPP,ALPINE 4 HOLDINGS INC A,,20,Industrials,2010,Capital Goods,201050,Industrial Conglomerates,20105010,Industrial Conglomerates,0.650,yahoo,
ALPS,ALPS Group Inc Ordinary Share,8000,35,Health Care,3510,Health Care Equipment & Services,351020,Health Care Providers & Services,35102015,Health Care Services,0.550,model+crosswalk,
ALPX,Alpex Acquisition Corporation Class A Ordinary Shares,6770,,,,,,,,,,,shell_company
ALRM,"Alarm.com Holdings, Inc.",7372,45,Information Technology,4510,Software & Services,451030,Software,45103010,Application Software,0.900,model+crosswalk,
ALRS,Alerus Financial Corporation Common Stock,6021,40,Financials,4010,Banks,401010,Banks,40101015,Regional Banks,0.900,model+crosswalk,
ALSN,"ALLISON TRANSMISSION HOLDINGS, INC.",3714,25,Consumer Discretionary,2510,Automobiles & Components,251010,Automobile Components,25101010,Automotive Parts & Equipment,0.900,model+crosswalk,
ALT,"Altimmune, Inc. Common Stock",2834,35,Health Care,3520,"Pharmaceuticals, Biotechnology & Life Sciences",352010,Biotechnology,35201010,Biotechnology,0.900,model+crosswalk,
ALTG,Alta Equipment Group Inc.,5084,20,Industrials,2010,Capital Goods,201070,Trading Companies & Distributors,20107010,Trading Companies & Distributors,0.900,model+crosswalk,
ALTI,"AlTi Global, Inc. Class A Common Stock",6282,40,Financials,4020,Financial Services,402030,Capital Markets,40203010,Asset Management & Custody Banks,0.900,model+crosswalk,
ALTO,"Alto Ingredients, Inc. Common Stock",2860,15,Materials,1510,Materials,151010,Chemicals,15101050,Specialty Chemicals,0.900,model+crosswalk,
ALUB,Alussa Energy Acquisition Corp. II,6770,,,,,,,,,,,shell_company
ALV,"Autoliv, Inc.",3714,25,Consumer Discretionary,2510,Automobiles & Components,251010,Automobile Components,25101010,Automotive Parts & Equipment,0.900,model+crosswalk,
ALVO,Alvotech Ordinary Shares,2836,35,Health Care,3520,"Pharmaceuticals, Biotechnology & Life Sciences",352020,Pharmaceuticals,35202010,Pharmaceuticals,0.750,model+crosswalk,
ALX,Alexander's Inc.,6798,60,Real Estate,6010,Equity Real Estate Investment Trusts (REITs),601070,Retail REITs,60107010,Retail REITs,0.750,model+crosswalk,
ALXO,ALX Oncology Holdings Inc. Common Stock,2834,35,Health Care,3520,"Pharmaceuticals, Biotechnology & Life Sciences",352010,Biotechnology,35201010,Biotechnology,0.900,model+crosswalk,
ALZN,"Alzamend Neuro, Inc. Common Stock",2834,35,Health Care,3520,"Pharmaceuticals, Biotechnology & Life Sciences",352010,Biotechnology,35201010,Biotechnology,0.900,model+crosswalk,
AM,Antero Midstream Corporation Common Stock,4922,10,Energy,1010,Energy,101020,"Oil, Gas & Consumable Fuels",10102040,Oil & Gas Storage & Transportation,0.900,model+crosswalk,
AMAC,AMR Resources Acquisition Corp Class A Ordinary Shares,6770,,,,,,,,,,,shell_company
AMAL,Amalgamated Financial Corp. Common Stock (DE),6022,40,Financials,4010,Banks,401010,Banks,40101015,Regional Banks,0.914,model+crosswalk,
AMAN,Amanat Acquisition Corp Class A Ordinary Shares,6770,,,,,,,,,,,shell_company
AMAT,Applied Materials Inc,3674,45,Information Technology,4530,Semiconductors & Semiconductor Equipment,453010,Semiconductors & Semiconductor Equipment,45301010,Semiconductor Materials & Equipment,0.900,model+crosswalk,
AMBA,"Ambarella, Inc. Ordinary Shares",3674,45,Information Technology,4530,Semiconductors & Semiconductor Equipment,453010,Semiconductors & Semiconductor Equipment,45301010,Semiconductor Materials & Equipment,0.750,yahoo+sic,
AMBP,Ardagh Metal Packaging S.A.,3411,15,Materials,1510,Materials,151030,Containers & Packaging,15103010,"Metal, Glass & Plastic Containers",0.900,model+crosswalk,
AMBQ,"Ambiq Micro, Inc.",3674,45,Information Technology,4530,Semiconductors & Semiconductor Equipment,453010,Semiconductors & Semiconductor Equipment,45301020,Semiconductors,0.900,model+crosswalk,
AMBZ,AMER BUSINESS BK CA,,40,Financials,4010,Banks,401010,Banks,40101015,Regional Banks,0.650,model+crosswalk,
AMC,"AMC ENTERTAINMENT HOLDINGS, INC.",7830,50,Communication Services,5020,Media & Entertainment,502020,Entertainment,50202010,Movies & Entertainment,0.900,model+crosswalk,
AMCI,AMC Robotics Corporation Common Stock,5700,45,Information Technology,4520,Technology Hardware & Equipment,452020,"Technology Hardware, Storage & Peripherals",45202030,"Technology Hardware, Storage & Peripherals",0.600,model+crosswalk,
AMCR,Amcor plc Ordinary Shares,3990,15,Materials,1510,Materials,151030,Containers & Packaging,15103020,Paper & Plastic Packaging Products & Materials,0.600,model+crosswalk,
AMCX,AMC Global Media Inc. Class A Common Stock,4841,50,Communication Services,5020,Media & Entertainment,502020,Entertainment,50202010,Movies & Entertainment,0.750,model+crosswalk,
AMD,Advanced Micro Devices,3674,45,Information Technology,4530,Semiconductors & Semiconductor Equipment,453010,Semiconductors & Semiconductor Equipment,45301020,Semiconductors,0.900,model+crosswalk,
AME,"Ametek, Inc.",3823,20,Industrials,2010,Capital Goods,201010,Aerospace & Defense,20101010,Aerospace & Defense,0.600,yahoo,
AMG,Affiliated Managers Group,6282,40,Financials,4020,Financial Services,402030,Capital Markets,40203010,Asset Management & Custody Banks,0.900,model+crosswalk,
AMGN,Amgen Inc,2836,35,Health Care,3520,"Pharmaceuticals, Biotechnology & Life Sciences",352020,Pharmaceuticals,35202010,Pharmaceuticals,0.750,yahoo+sic,
AMH,AMERICAN HOMES 4 RENT,6798,60,Real Estate,6010,Equity Real Estate Investment Trusts (REITs),601060,Residential REITs,60106020,Single-Family Residential REITs,0.900,model+crosswalk,
AMIH,AMERICAN INTL HLDGS CORP,,25,Consumer Discretionary,2530,Consumer Services,253020,Diversified Consumer Services,25302020,Specialized Consumer Services,0.650,yahoo,
AMIX,"Autonomix Medical, Inc. Common Stock",3841,35,Health Care,3510,Health Care Equipment & Services,351010,Health Care Equipment & Supplies,35101010,Health Care Equipment,0.900,model+crosswalk,
AMKR,Amkor Technology Inc,3674,45,Information Technology,4530,Semiconductors & Semiconductor Equipment,453010,Semiconductors & Semiconductor Equipment,45301010,Semiconductor Materials & Equipment,0.900,model+crosswalk,
AMLX,"Amylyx Pharmaceuticals, Inc. Common Stock",2834,35,Health Care,3520,"Pharmaceuticals, Biotechnology & Life Sciences",352020,Pharmaceuticals,35202010,Pharmaceuticals,0.750,yahoo+sic,
AMN,AMN Healthcare Services,7363,35,Health Care,3510,Health Care Equipment & Services,351020,Health Care Providers & Services,35102015,Health Care Services,0.600,yahoo,
AMNF,ARMANINO FOODS DIST INC,,30,Consumer Staples,3020,"Food, Beverage & Tobacco",302020,Food Products,30202030,Packaged Foods & Meats,0.994,model+crosswalk,
AMOD,"Alpha Modus Holdings, Inc. Class A Common Stock",6794,45,Information Technology,4510,Software & Services,451030,Software,45103010,Application Software,0.700,model+crosswalk,
AMP,"Ameriprise Financial, Inc.",6282,40,Financials,4020,Financial Services,402030,Capital Markets,40203010,Asset Management & Custody Banks,0.900,model+crosswalk,
AMPE,AMPIO PHARMS INC,,35,Health Care,3520,"Pharmaceuticals, Biotechnology & Life Sciences",352010,Biotechnology,35201010,Biotechnology,0.650,model+crosswalk,
AMPG,AMPLITECH GROUP INC. COM,3669,45,Information Technology,4520,Technology Hardware & Equipment,452010,Communications Equipment,45201020,Communications Equipment,0.900,model+crosswalk,
AMPH,"Amphastar Pharmaceuticals, Inc.",2834,35,Health Care,3520,"Pharmaceuticals, Biotechnology & Life Sciences",352020,Pharmaceuticals,35202010,Pharmaceuticals,0.900,model+crosswalk,
AMPL,"Amplitude, Inc. Class A Common Stock",7372,45,Information Technology,4510,Software & Services,451030,Software,45103010,Application Software,0.900,model+crosswalk,
AMPX,"Amprius Technologies, Inc.",3690,20,Industrials,2010,Capital Goods,201040,Electrical Equipment,20104010,Electrical Components & Equipment,0.900,model+crosswalk,
AMPY,Amplify Energy Corp.,1311,10,Energy,1010,Energy,101020,"Oil, Gas & Consumable Fuels",10102020,Oil & Gas Exploration & Production,0.942,model+crosswalk,
AMR,"Alpha Metallurgical Resources, Inc.",1221,15,Materials,1510,Materials,151040,Metals & Mining,15104050,Steel,0.916,model+crosswalk,
AMRC,"Ameresco, Inc.",1700,20,Industrials,2010,Capital Goods,201030,Construction & Engineering,20103010,Construction & Engineering,0.900,model+crosswalk,
AMRX,"Amneal Pharmaceuticals, Inc. Class A Common Stock",2834,35,Health Care,3520,"Pharmaceuticals, Biotechnology & Life Sciences",352020,Pharmaceuticals,35202010,Pharmaceuticals,0.900,model+crosswalk,
AMRZ,Amrize Ltd,3241,20,Industrials,2010,Capital Goods,201020,Building Products,20102010,Building Products,0.600,yahoo,
AMS,American Shared Hospital Services,8071,35,Health Care,3510,Health Care Equipment & Services,351020,Health Care Providers & Services,35102020,Health Care Facilities,0.750,model+crosswalk,
AMSC,American Superconductor Corp,3621,20,Industrials,2010,Capital Goods,201060,Machinery,20106020,Industrial Machinery & Supplies & Components,0.750,model+crosswalk,
AMSF,"AMERISAFE, Inc.",6331,40,Financials,4030,Insurance,403010,Insurance,40301040,Property & Casualty Insurance,0.900,model+crosswalk,
AMSS,AMASS Brands Inc. Common Stock,2080,30,Consumer Staples,3020,"Food, Beverage & Tobacco",302010,Beverages,30201020,Distillers & Vintners,0.900,model+crosswalk,
AMST,Amesite Inc.,7372,45,Information Technology,4510,Software & Services,451030,Software,45103010,Application Software,0.900,model+crosswalk,
AMT,American Tower Corporation,6798,60,Real Estate,6010,Equity Real Estate Investment Trusts (REITs),601080,Specialized REITs,60108030,Telecom Tower REITs,0.750,model+crosswalk,
AMTB,Amerant Bancorp Inc.,6021,40,Financials,4010,Banks,401010,Banks,40101015,Regional Banks,0.900,model+crosswalk,
AMTM,"Amentum Holdings, Inc.",7389,20,Industrials,2020,Commercial & Professional Services,202010,Commercial Services & Supplies,20201050,Environmental & Facilities Services,0.600,yahoo,
AMTX,"Aemetis, Inc. (DE) Common Stock",2860,15,Materials,1510,Materials,151010,Chemicals,15101050,Specialty Chemicals,0.600,model+crosswalk,
AMWL,American Well Corporation,7389,35,Health Care,3510,Health Care Equipment & Services,351030,Health Care Technology,35103010,Health Care Technology,0.600,yahoo,
AMZE,"Amaze Holdings, Inc.",5961,45,Information Technology,4510,Software & Services,451030,Software,45103010,Application Software,0.600,model+crosswalk,
AMZN,Amazon.Com Inc,5961,25,Consumer Discretionary,2550,Consumer Discretionary Distribution & Retail,255030,Broadline Retail,25503030,Broadline Retail,0.900,model+crosswalk,
AN,"AutoNation, Inc.",5500,25,Consumer Discretionary,2550,Consumer Discretionary Distribution & Retail,255040,Specialty Retail,25504050,Automotive Retail,0.900,model+crosswalk,
ANAB,"AnaptysBio, Inc. Common Stock",2834,35,Health Care,3520,"Pharmaceuticals, Biotechnology & Life Sciences",352010,Biotechnology,35201010,Biotechnology,0.900,model+crosswalk,
ANDC,ANDOVER BANCORP INC OH,,40,Financials,4010,Banks,401010,Banks,40101015,Regional Banks,0.650,model+crosswalk,
ANDE,Andersons Inc/The,5150,30,Consumer Staples,3010,Consumer Staples Distribution & Retail,301010,Consumer Staples Distribution & Retail,30101020,Food Distributors,0.700,yahoo+sic,
ANDG,Andersen Group Inc.,7389,25,Consumer Discretionary,2530,Consumer Services,253020,Diversified Consumer Services,25302020,Specialized Consumer Services,0.600,yahoo,
ANET,Arista Networks,3576,45,Information Technology,4520,Technology Hardware & Equipment,452020,"Technology Hardware, Storage & Peripherals",45202030,"Technology Hardware, Storage & Peripherals",0.750,yahoo+sic,
ANF,Abercrombie & Fitch Co.,5651,25,Consumer Discretionary,2550,Consumer Discretionary Distribution & Retail,255040,Specialty Retail,25504010,Apparel Retail,0.900,model+crosswalk,
ANGH,Anghami Inc. Ordinary Shares,4899,50,Communication Services,5020,Media & Entertainment,502020,Entertainment,50202010,Movies & Entertainment,0.900,model+crosswalk,
ANGI,Angi Inc. Class A Common Stock,7310,50,Communication Services,5020,Media & Entertainment,502030,Interactive Media & Services,50203010,Interactive Media & Services,0.750,model+crosswalk,
ANGO,"AngioDynamics, Inc.",3841,35,Health Care,3510,Health Care Equipment & Services,351010,Health Care Equipment & Supplies,35101020,Health Care Supplies,0.750,yahoo+sic,
ANGX,"Angel Studios, Inc.",7812,50,Communication Services,5020,Media & Entertainment,502020,Entertainment,50202010,Movies & Entertainment,0.900,model+crosswalk,
ANIK,Anika Therapeutics Inc,3841,35,Health Care,3520,"Pharmaceuticals, Biotechnology & Life Sciences",352020,Pharmaceuticals,35202010,Pharmaceuticals,0.700,model+crosswalk,
ANIP,"ANI Pharmaceuticals, Inc.",2834,35,Health Care,3520,"Pharmaceuticals, Biotechnology & Life Sciences",352020,Pharmaceuticals,35202010,Pharmaceuticals,0.750,model+crosswalk,
ANIX,"Anixa Biosciences, Inc.",2834,35,Health Care,3520,"Pharmaceuticals, Biotechnology & Life Sciences",352010,Biotechnology,35201010,Biotechnology,0.900,model+crosswalk,
ANNA,"AleAnna, Inc. Class A Common Stock",1311,10,Energy,1010,Energy,101020,"Oil, Gas & Consumable Fuels",10102020,Oil & Gas Exploration & Production,0.900,model+crosswalk,
ANNX,"Annexon, Inc. Common Stock",2834,35,Health Care,3520,"Pharmaceuticals, Biotechnology & Life Sciences",352010,Biotechnology,35201010,Biotechnology,0.900,model+crosswalk,
ANPA,Rich Sparkle Holdings Limited Ordinary Shares,7380,20,Industrials,2020,Commercial & Professional Services,202010,Commercial Services & Supplies,20201010,Commercial Printing,0.750,model+crosswalk,
ANRO,Alto Neuroscience Inc.,2834,35,Health Care,3520,"Pharmaceuticals, Biotechnology & Life Sciences",352010,Biotechnology,35201010,Biotechnology,0.900,model+crosswalk,
ANTA,Antalpha Platform Holding Company Class A Ordinary Shares,6221,40,Financials,4020,Financial Services,402020,Consumer Finance,40202010,Consumer Finance,0.750,model+crosswalk,
ANTX,"AN2 Therapeutics, Inc. Common Stock",2834,35,Health Care,3520,"Pharmaceuticals, Biotechnology & Life Sciences",352010,Biotechnology,35201010,Biotechnology,0.900,model+crosswalk,
ANVS,"Annovis Bio, Inc.",2834,35,Health Care,3520,"Pharmaceuticals, Biotechnology & Life Sciences",352010,Biotechnology,35201010,Biotechnology,0.900,model+crosswalk,
ANY,Sphere 3D Corp. Common Shares,6199,45,Information Technology,4510,Software & Services,451030,Software,45103010,Application Software,0.900,model+crosswalk,
AOAO,ALPHA ONE INC,,50,Communication Services,5010,Telecommunication Services,501010,Diversified Telecommunication Services,50101020,Integrated Telecommunication Services,0.650,yahoo,
AOKNF,AOKI HOLDINGS INC,,,,,,,,,,,,no_evidence
AOMR,"Angel Oak Mortgage REIT, Inc.",6500,40,Financials,4020,Financial Services,402040,Mortgage Real Estate Investment Trusts,40204010,Mortgage REITs,0.619,model+crosswalk,
AOMSF,AUTOMATED SYS HLDGS LTD,,,,,,,,,,,,no_evidence
AON,Aon plc Class A,6411,40,Financials,4030,Insurance,403010,Insurance,40301010,Insurance Brokers,0.921,model+crosswalk,
AORT,"Artivion, Inc.",3841,35,Health Care,3510,Health Care Equipment & Services,351010,Health Care Equipment & Supplies,35101010,Health Care Equipment,0.900,model+crosswalk,
AOS,A.O. Smith Corporation,3630,20,Industrials,2010,Capital Goods,201060,Machinery,20106020,Industrial Machinery & Supplies & Components,0.600,model+crosswalk,
AOSL,Alpha and Omega Semiconductor Limited,3674,45,Information Technology,4530,Semiconductors & Semiconductor Equipment,453010,Semiconductors & Semiconductor Equipment,45301020,Semiconductors,0.750,model+crosswalk,
AOUT,"American Outdoor Brands, Inc. Common Stock",3949,25,Consumer Discretionary,2520,Consumer Durables & Apparel,252020,Leisure Products,25202010,Leisure Products,0.900,model+crosswalk,
AP,Ampco-Pittsburgh Corp.,3561,20,Industrials,2010,Capital Goods,201060,Machinery,20106020,Industrial Machinery & Supplies & Components,0.900,model+crosswalk,
APA,APA Corporation Common Stock,1311,10,Energy,1010,Energy,101020,"Oil, Gas & Consumable Fuels",10102020,Oil & Gas Exploration & Production,0.905,model+crosswalk,
APAC,StoneBridge Acquisition II Corporation Class A Ordinary Shares,6770,,,,,,,,,,,shell_company
APAM,ARTISAN PARTNERS ASSET MANAGEMENT INC.,6282,40,Financials,4020,Financial Services,402030,Capital Markets,40203010,Asset Management & Custody Banks,0.900,model+crosswalk,
APC,ARKO Petroleum Corp. Class A Common Stock,5172,10,Energy,1010,Energy,101020,"Oil, Gas & Consumable Fuels",10102030,Oil & Gas Refining & Marketing,0.750,model+crosswalk,
APCX,APPTECH PAYMENTS CORP,,45,Information Technology,4510,Software & Services,451030,Software,45103020,Systems Software,0.650,model+crosswalk,
APD,"Air Products & Chemicals, Inc.",2810,15,Materials,1510,Materials,151010,Chemicals,15101040,Industrial Gases,0.924,model+crosswalk,
APEI,"American Public Education, Inc.",8200,25,Consumer Discretionary,2530,Consumer Services,253020,Diversified Consumer Services,25302010,Education Services,0.900,model+crosswalk,
APG,APi Group Corporation,7340,20,Industrials,2010,Capital Goods,201030,Construction & Engineering,20103010,Construction & Engineering,0.700,model+crosswalk,
APGE,"Apogee Therapeutics, Inc. Common Stock",2836,35,Health Care,3520,"Pharmaceuticals, Biotechnology & Life Sciences",352010,Biotechnology,35201010,Biotechnology,0.900,model+crosswalk,
APH,Amphenol Corporation,3678,45,Information Technology,4520,Technology Hardware & Equipment,452030,"Electronic Equipment, Instruments & Components",45203015,Electronic Components,0.900,model+crosswalk,
APHD,APOGEE 21 HLDGS INC,,30,Consumer Staples,3020,"Food, Beverage & Tobacco",302010,Beverages,30201020,Distillers & Vintners,0.650,model+crosswalk,
APLD,Applied Digital Corporation Common Stock,7374,45,Information Technology,4510,Software & Services,451020,IT Services,45102030,Internet Services & Infrastructure,0.900,model+crosswalk,
APLE,"Apple Hospitality REIT, Inc.",6798,60,Real Estate,6010,Equity Real Estate Investment Trusts (REITs),601030,Hotel & Resort REITs,60103010,Hotel & Resort REITs,0.750,model+crosswalk,
APLM,Apollomics Inc. Class A Ordinary Shares,2834,35,Health Care,3520,"Pharmaceuticals, Biotechnology & Life Sciences",352010,Biotechnology,35201010,Biotechnology,0.900,model+crosswalk,
APLO,APOLLO BANCORP INC,,40,Financials,4010,Banks,401010,Banks,40101015,Regional Banks,0.650,model+crosswalk,
APMC,AmperCap Acquisition Company Ordinary Shares,6770,,,,,,,,,,,shell_company
APMD,"Apnimed, Inc. Common Stock",2834,35,Health Care,3520,"Pharmaceuticals, Biotechnology & Life Sciences",352010,Biotechnology,35201010,Biotechnology,0.900,model+crosswalk,
APO,"Apollo Global Management, Inc.",6282,40,Financials,4020,Financial Services,402030,Capital Markets,40203010,Asset Management & Custody Banks,0.900,model+crosswalk,
APOG,Apogee Enterprises Inc,3231,20,Industrials,2010,Capital Goods,201020,Building Products,20102010,Building Products,0.900,model+crosswalk,
APP,Applovin Corporation Class A Common Stock,7370,50,Communication Services,5020,Media & Entertainment,502010,Media,50201010,Advertising,0.600,model+crosswalk,
APPF,"AppFolio, Inc. Class A",7372,40,Financials,4020,Financial Services,402010,Financial Services,40201060,Transaction & Payment Processing Services,0.900,model+crosswalk,
APPIF,APPIER GROUP INC,,45,Information Technology,4510,Software & Services,451030,Software,45103020,Systems Software,0.650,model+crosswalk,
APPN,Appian Corporation Class A Common Stock,7372,45,Information Technology,4510,Software & Services,451030,Software,45103020,Systems Software,0.750,yahoo+sic,
APPS,"Digital Turbine, Inc.",6794,45,Information Technology,4510,Software & Services,451030,Software,45103010,Application Software,0.600,model+crosswalk,
APRE,"Aprea Therapeutics, Inc. Common stock",2834,35,Health Care,3520,"Pharmaceuticals, Biotechnology & Life Sciences",352010,Biotechnology,35201010,Biotechnology,0.900,model+crosswalk,
APT,"Alpha Pro Tech, Ltd.",3842,20,Industrials,2010,Capital Goods,201020,Building Products,20102010,Building Products,0.600,yahoo,
APTL,ALASKA PWR & TEL CO,,20,Industrials,2010,Capital Goods,201050,Industrial Conglomerates,20105010,Industrial Conglomerates,0.650,yahoo,
APTV,Aptiv PLC,3714,25,Consumer Discretionary,2510,Automobiles & Components,251010,Automobile Components,25101010,Automotive Parts & Equipment,0.900,model+crosswalk,
APULF,APPULSE CORP,,20,Industrials,2010,Capital Goods,201060,Machinery,20106020,Industrial Machinery & Supplies & Components,0.650,model+crosswalk,
APUR,Aperture AC Class A Ordinary Shares,6770,,,,,,,,,,,shell_company
APUS,"Apimeds Pharmaceuticals US, Inc.",2834,35,Health Care,3520,"Pharmaceuticals, Biotechnology & Life Sciences",352020,Pharmaceuticals,35202010,Pharmaceuticals,0.750,model+crosswalk,
APVO,Aptevo Therapeutics Inc,2834,35,Health Care,3520,"Pharmaceuticals, Biotechnology & Life Sciences",352010,Biotechnology,35201010,Biotechnology,0.900,model+crosswalk,
APWC,Asia Pacific Wire & Cable Corp,3357,20,Industrials,2010,Capital Goods,201040,Electrical Equipment,20104010,Electrical Components & Equipment,0.900,model+crosswalk,
APXT,Apex Treasury Corporation Class A Ordinary Share,6770,,,,,,,,,,,shell_company
APYX,Apyx Medical Corporation Common Stock,3841,35,Health Care,3510,Health Care Equipment & Services,351010,Health Care Equipment & Supplies,35101010,Health Care Equipment,0.900,model+crosswalk,
AQB,"AquaBounty Technologies, Inc.",0900,30,Consumer Staples,3020,"Food, Beverage & Tobacco",302020,Food Products,30202010,Agricultural Products & Services,0.900,model+crosswalk,
AQMS,"Aqua Metals, Inc. Common Stock",3341,20,Industrials,2020,Commercial & Professional Services,202010,Commercial Services & Supplies,20201050,Environmental & Facilities Services,0.600,yahoo,
AQN,Algonquin Power & Utilities Corp,4911,55,Utilities,5510,Utilities,551030,Multi-Utilities,55103010,Multi-Utilities,0.750,yahoo+sic,
AQST,"Aquestive Therapeutics, Inc. Common Stock",2834,35,Health Care,3520,"Pharmaceuticals, Biotechnology & Life Sciences",352020,Pharmaceuticals,35202010,Pharmaceuticals,0.900,model+crosswalk,
AR,ANTERO RESOURCES CORPORATION,1311,10,Energy,1010,Energy,101020,"Oil, Gas & Consumable Fuels",10102020,Oil & Gas Exploration & Production,0.750,model+crosswalk,
ARAI,Arrive AI Inc. Common Stock,7340,45,Information Technology,4520,Technology Hardware & Equipment,452030,"Electronic Equipment, Instruments & Components",45203010,Electronic Equipment & Instruments,0.600,model+crosswalk,
ARAY,Accuray Incorporated,3841,35,Health Care,3510,Health Care Equipment & Services,351010,Health Care Equipment & Supplies,35101010,Health Care Equipment,0.900,model+crosswalk,
ARBB,ARB IOT Group Limited Ordinary Shares,7373,45,Information Technology,4510,Software & Services,451020,IT Services,45102010,IT Consulting & Other Services,0.900,model+crosswalk,
ARBE,Arbe Robotics Ltd. Ordinary Shares,7373,45,Information Technology,4520,Technology Hardware & Equipment,452030,"Electronic Equipment, Instruments & Components",45203010,Electronic Equipment & Instruments,0.700,model+crosswalk,
ARBV,AMERICAN RIVIERA BANCORP,,40,Financials,4010,Banks,401010,Banks,40101015,Regional Banks,0.650,model+crosswalk,
ARCB,ArcBest Corporation,4213,20,Industrials,2030,Transportation,203040,Ground Transportation,20304030,Cargo Ground Transportation,0.900,model+crosswalk,
ARCC,Ares Capital Corporation,,40,Financials,4020,Financial Services,402030,Capital Markets,40203010,Asset Management & Custody Banks,0.650,model+crosswalk,
ARCI,Archimedes Tech SPAC Partners III Co. Ordinary Share,6770,,,,,,,,,,,shell_company
ARCL,ARC Group Acquisition I Corp Class A Ordinary Shares,6770,,,,,,,,,,,shell_company
ARCO,ARCOS DORADOS HOLDINGS INC.,5812,25,Consumer Discretionary,2530,Consumer Services,253010,"Hotels, Restaurants & Leisure",25301040,Restaurants,0.900,model+crosswalk,
ARCT,Arcturus Therapeutics Holdings Inc. Common Stock,2834,35,Health Care,3520,"Pharmaceuticals, Biotechnology & Life Sciences",352010,Biotechnology,35201010,Biotechnology,0.900,model+crosswalk,
ARDS,ARIDIS PHARMACEUTICAL INC,,35,Health Care,3520,"Pharmaceuticals, Biotechnology & Life Sciences",352010,Biotechnology,35201010,Biotechnology,0.661,model+crosswalk,
ARDT,"Ardent Health, Inc.",8062,35,Health Care,3510,Health Care Equipment & Services,351020,Health Care Providers & Services,35102020,Health Care Facilities,0.900,model+crosswalk,
ARDX,"Ardelyx, Inc.",2834,35,Health Care,3520,"Pharmaceuticals, Biotechnology & Life Sciences",352010,Biotechnology,35201010,Biotechnology,0.900,model+crosswalk,
ARE,"Alexandria Real Estate Equities, Inc.",6798,60,Real Estate,6010,Equity Real Estate Investment Trusts (REITs),601040,Office REITs,60104010,Office REITs,0.900,model+crosswalk,
AREC,AMERICAN RESOURCES CORP,1220,20,Industrials,2020,Commercial & Professional Services,202010,Commercial Services & Supplies,20201050,Environmental & Facilities Services,0.600,yahoo,
AREN,"The Arena Group Holdings, Inc.",4841,50,Communication Services,5020,Media & Entertainment,502030,Interactive Media & Services,50203010,Interactive Media & Services,0.750,model+crosswalk,
ARES,Ares Management Corporation Class A Common Stock,6282,40,Financials,4020,Financial Services,402030,Capital Markets,40203010,Asset Management & Custody Banks,0.900,model+crosswalk,
ARHS,"Arhaus, Inc. Class A Common Stock",5712,25,Consumer Discretionary,2550,Consumer Discretionary Distribution & Retail,255040,Specialty Retail,25504060,Homefurnishing Retail,0.900,model+crosswalk,
ARI,"APOLLO COMMERCIAL REAL ESTATE FINANCE, INC.",6798,40,Financials,4020,Financial Services,402040,Mortgage Real Estate Investment Trusts,40204010,Mortgage REITs,0.900,model+crosswalk,
ARIS,Aris Mining Corporation,1040,15,Materials,1510,Materials,151040,Metals & Mining,15104030,Gold,0.900,model+crosswalk,
ARKO,ARKO Corp. Common Stock,5412,30,Consumer Staples,3010,Consumer Staples Distribution & Retail,301010,Consumer Staples Distribution & Retail,30101040,Consumer Staples Merchandise Retail,0.750,yahoo+sic,
ARKR,Ark Restaurants Corp,5812,25,Consumer Discretionary,2530,Consumer Services,253010,"Hotels, Restaurants & Leisure",25301040,Restaurants,0.900,model+crosswalk,
ARL,"American Realty Investors, Inc.",6510,60,Real Estate,6020,Real Estate Management & Development,602010,Real Estate Management & Development,60201040,Real Estate Services,0.750,model+crosswalk,
ARLO,"Arlo Technologies, Inc.",7381,20,Industrials,2010,Capital Goods,201020,Building Products,20102010,Building Products,0.700,yahoo+sic,
ARLP,Alliance Resource Partners LP,1221,10,Energy,1010,Energy,101020,"Oil, Gas & Consumable Fuels",10102050,Coal & Consumable Fuels,0.900,model+crosswalk,
ARMK,ARAMARK,5812,20,Industrials,2020,Commercial & Professional Services,202010,Commercial Services & Supplies,20201050,Environmental & Facilities Services,0.600,yahoo,
ARMP,"Armata Pharmaceuticals, Inc. Common Stock",2836,35,Health Care,3520,"Pharmaceuticals, Biotechnology & Life Sciences",352010,Biotechnology,35201010,Biotechnology,0.900,model+crosswalk,
AROC,Archrock Inc,4922,10,Energy,1010,Energy,101010,Energy Equipment & Services,10101020,Oil & Gas Equipment & Services,0.750,model+crosswalk,
AROW,Arrow Financial Corp,6021,40,Financials,4010,Banks,401010,Banks,40101015,Regional Banks,0.900,model+crosswalk,
ARQ,"Arq, Inc. Common Stock",2890,20,Industrials,2020,Commercial & Professional Services,202010,Commercial Services & Supplies,20201050,Environmental & Facilities Services,0.600,yahoo,
ARQQ,Arqit Quantum Inc. Ordinary Shares,7372,45,Information Technology,4510,Software & Services,451030,Software,45103020,Systems Software,0.900,model+crosswalk,
ARQT,"Arcutis Biotherapeutics, Inc. Common Stock",2834,35,Health Care,3520,"Pharmaceuticals, Biotechnology & Life Sciences",352010,Biotechnology,35201010,Biotechnology,0.900,model+crosswalk,
ARR,"ARMOUR Residential REIT, Inc.",6798,40,Financials,4020,Financial Services,402040,Mortgage Real Estate Investment Trusts,40204010,Mortgage REITs,0.600,model+crosswalk,
ARRY,"Array Technologies, Inc. Common Stock",3674,20,Industrials,2010,Capital Goods,201040,Electrical Equipment,20104010,Electrical Components & Equipment,0.600,yahoo,
ARTC,Art Technology Acquisition Corp. Class A Ordinary Shares,6770,,,,,,,,,,,shell_company
ARTL,"Artelo Biosciences, Inc. Common Stock",2834,35,Health Care,3520,"Pharmaceuticals, Biotechnology & Life Sciences",352010,Biotechnology,35201010,Biotechnology,0.900,model+crosswalk,
ARTNA,Artesian Resources Corp,4941,55,Utilities,5510,Utilities,551040,Water Utilities,55104010,Water Utilities,0.900,model+crosswalk,
ARTNB,ARTESIAN RES CORP B,,55,Utilities,5510,Utilities,551040,Water Utilities,55104010,Water Utilities,0.650,model+crosswalk,
ARTV,"Artiva Biotherapeutics, Inc. Common Stock",2836,35,Health Care,3520,"Pharmaceuticals, Biotechnology & Life Sciences",352010,Biotechnology,35201010,Biotechnology,0.900,model+crosswalk,
ARTW,Arts-Way Manufacturing Co Inc,3523,20,Industrials,2010,Capital Goods,201060,Machinery,20106015,Agricultural & Farm Machinery,0.900,model+crosswalk,
ARVN,"Arvinas, Inc",2834,35,Health Care,3520,"Pharmaceuticals, Biotechnology & Life Sciences",352010,Biotechnology,35201010,Biotechnology,0.900,model+crosswalk,
ARW,"Arrow Electronics, Inc.",5065,45,Information Technology,4520,Technology Hardware & Equipment,452030,"Electronic Equipment, Instruments & Components",45203030,Technology Distributors,0.900,model+crosswalk,
ARWR,Arrowhead Research Corporation,2834,35,Health Care,3520,"Pharmaceuticals, Biotechnology & Life Sciences",352010,Biotechnology,35201010,Biotechnology,0.750,model+crosswalk,
ARX,Accelerant Holdings,6411,40,Financials,4030,Insurance,403010,Insurance,40301010,Insurance Brokers,0.900,model+crosswalk,
ARXS,"Arxis, Inc. Class A Common Stock",3728,20,Industrials,2010,Capital Goods,201010,Aerospace & Defense,20101010,Aerospace & Defense,0.900,model+crosswalk,
AS,"Amer Sports, Inc.",2300,25,Consumer Discretionary,2520,Consumer Durables & Apparel,252020,Leisure Products,25202010,Leisure Products,0.750,yahoo+sic,
ASAN,"Asana, Inc. Class A Common Stock",7372,45,Information Technology,4510,Software & Services,451030,Software,45103010,Application Software,0.900,model+crosswalk,
ASB,Associated Banc-Corp,6022,40,Financials,4010,Banks,401010,Banks,40101015,Regional Banks,0.900,model+crosswalk,
ASBH,"American Savings Bank, N.A.",,40,Financials,4010,Banks,401010,Banks,40101015,Regional Banks,0.650,model+crosswalk,
ASBP,"Aspire-Lakewood Holdings, Inc. Common Stock",2834,25,Consumer Discretionary,2510,Automobiles & Components,251010,Automobile Components,25101010,Automotive Parts & Equipment,0.600,yahoo,
ASC,ARDMORE SHIPPING CORPORATION,4412,20,Industrials,2030,Transportation,203030,Marine Transportation,20303010,Marine Transportation,0.900,model+crosswalk,
ASCK,AUSCRETE CORP,,25,Consumer Discretionary,2520,Consumer Durables & Apparel,252010,Household Durables,25201030,Homebuilding,0.858,model+crosswalk,
ASCN,ABSECON BANCORP,,40,Financials,4010,Banks,401010,Banks,40101015,Regional Banks,0.650,model+crosswalk,
ASH,Ashland Inc.,5160,15,Materials,1510,Materials,151010,Chemicals,15101050,Specialty Chemicals,0.603,model+crosswalk,
ASIC,Ategrity Specialty Insurance Company Holdings,6331,40,Financials,4030,Insurance,403010,Insurance,40301040,Property & Casualty Insurance,0.900,model+crosswalk,
ASIX,AdvanSix Inc.,2821,15,Materials,1510,Materials,151010,Chemicals,15101050,Specialty Chemicals,0.750,model+crosswalk,
ASLE,AerSale Corporation Common Stock,5080,20,Industrials,2010,Capital Goods,201010,Aerospace & Defense,20101010,Aerospace & Defense,0.750,yahoo+sic,
ASM,Avino Silver & Gold Mines Ltd. (Canada),1000,15,Materials,1510,Materials,151040,Metals & Mining,15104030,Gold,0.900,model+crosswalk,
ASMB,"Assembly Biosciences, Inc",2834,35,Health Care,3520,"Pharmaceuticals, Biotechnology & Life Sciences",352010,Biotechnology,35201010,Biotechnology,0.900,model+crosswalk,
ASMTF,VENARI MINERALS NL,,15,Materials,1510,Materials,151040,Metals & Mining,15104020,Diversified Metals & Mining,0.350,keywords,
ASND,Ascendis Pharma A/S Ordinary Share,2834,35,Health Care,3520,"Pharmaceuticals, Biotechnology & Life Sciences",352010,Biotechnology,35201010,Biotechnology,0.900,model+crosswalk,
ASO,"Academy Sports and Outdoors, Inc.",5940,25,Consumer Discretionary,2550,Consumer Discretionary Distribution & Retail,255040,Specialty Retail,25504010,Apparel Retail,0.750,yahoo+sic,
ASPC,A SPAC III Acquisition Corp. Class A Ordinary Shares,6770,,,,,,,,,,,shell_company
ASPI,ASP Isotopes Inc. Common Stock,2890,15,Materials,1510,Materials,151010,Chemicals,15101050,Specialty Chemicals,0.900,model+crosswalk,
ASPLF,ASIA PILE HLDGS CORP,,,,,,,,,,,,no_evidence
ASPN,"Aspen Aerogels, Inc.",5030,15,Materials,1510,Materials,151010,Chemicals,15101050,Specialty Chemicals,0.600,model+crosswalk,
ASPS,Altisource Portfolio Solutions S.A.,7380,60,Real Estate,6020,Real Estate Management & Development,602010,Real Estate Management & Development,60201040,Real Estate Services,0.600,model+crosswalk,
ASPU,ASPEN GROUP INC,,25,Consumer Discretionary,2530,Consumer Services,253020,Diversified Consumer Services,25302010,Education Services,0.650,model+crosswalk,
ASRE,ASTRA ENERGY INC,,55,Utilities,5510,Utilities,551050,Independent Power and Renewable Electricity Producers,55105020,Renewable Electricity,0.650,model+crosswalk,
ASRV,AmeriServ Financial Inc,6021,40,Financials,4010,Banks,401010,Banks,40101015,Regional Banks,0.902,model+crosswalk,
ASST,"Strive, Inc. Class A Common Stock",6199,40,Financials,4020,Financial Services,402030,Capital Markets,40203010,Asset Management & Custody Banks,0.600,model+crosswalk,
ASTC,Astrotech Corporation (DE) Common Stock,3826,35,Health Care,3520,"Pharmaceuticals, Biotechnology & Life Sciences",352030,Life Sciences Tools & Services,35203010,Life Sciences Tools & Services,0.900,model+crosswalk,
ASTE,Astec Industries Inc,3531,20,Industrials,2010,Capital Goods,201060,Machinery,20106010,Construction Machinery & Heavy Transportation Equipment,0.900,model+crosswalk,
ASTH,Astrana Health Inc. Common Stock,8742,35,Health Care,3510,Health Care Equipment & Services,351020,Health Care Providers & Services,35102020,Health Care Facilities,0.600,yahoo,
ASTI,"Ascent Solar Technologies, Inc. Common Stock",3674,45,Information Technology,4530,Semiconductors & Semiconductor Equipment,453010,Semiconductors & Semiconductor Equipment,45301020,Semiconductors,0.900,model+crosswalk,
ASTL,Algoma Steel Group Inc. Common Shares,3312,15,Materials,1510,Materials,151040,Metals & Mining,15104050,Steel,0.900,model+crosswalk,
ASTS,"AST SpaceMobile, Inc. Class A Common Stock",4899,45,Information Technology,4520,Technology Hardware & Equipment,452010,Communications Equipment,45201020,Communications Equipment,0.600,model+crosswalk,
ASUR,"Asure Software, Inc",7373,45,Information Technology,4510,Software & Services,451030,Software,45103010,Application Software,0.750,model+crosswalk,
ASYS,Amtech Systems Inc,3559,45,Information Technology,4530,Semiconductors & Semiconductor Equipment,453010,Semiconductors & Semiconductor Equipment,45301010,Semiconductor Materials & Equipment,0.900,model+crosswalk,
ATAI,AtaiBeckley Inc. Common Stock,2834,35,Health Care,3520,"Pharmaceuticals, Biotechnology & Life Sciences",352010,Biotechnology,35201010,Biotechnology,0.900,model+crosswalk,
ATCD,ALTAIR CORP DELA,,20,Industrials,2010,Capital Goods,201060,Machinery,20106020,Industrial Machinery & Supplies & Components,0.986,model+crosswalk,
ATCH,"AtlasClear Holdings, Inc.",6199,40,Financials,4020,Financial Services,402030,Capital Markets,40203020,Investment Banking & Brokerage,0.750,model+crosswalk,
ATCX,Atlas Critical Minerals Corporation Common Stock,1040,15,Materials,1510,Materials,151040,Metals & Mining,15104045,Silver,0.550,sic,
ATDS,DATA443 RISK MTIGTING INC,,45,Information Technology,4510,Software & Services,451030,Software,45103020,Systems Software,0.650,model+crosswalk,
ATEC,"Alphatec Holdings, Inc.",3841,35,Health Care,3510,Health Care Equipment & Services,351010,Health Care Equipment & Supplies,35101010,Health Care Equipment,0.900,model+crosswalk,
ATEN,A10 NETWORKS INC,3576,45,Information Technology,4510,Software & Services,451030,Software,45103020,Systems Software,0.700,yahoo+sic,
ATER,"Aterian, Inc. Common Stock",3634,25,Consumer Discretionary,2520,Consumer Durables & Apparel,252010,Household Durables,25201040,Household Appliances,0.900,model+crosswalk,
ATEX,Anterix Inc. Common Stock,4813,50,Communication Services,5010,Telecommunication Services,501020,Wireless Telecommunication Services,50102010,Wireless Telecommunication Services,0.750,yahoo+sic,
ATGL,Alpha Technology Group Limited Class A Ordinary Shares,7371,40,Financials,4020,Financial Services,402010,Financial Services,40201060,Transaction & Payment Processing Services,0.900,model+crosswalk,
ATHR,"Aether Holdings, Inc. Common Stock",7372,45,Information Technology,4510,Software & Services,451030,Software,45103010,Application Software,0.900,model+crosswalk,
ATI,ATI Inc.,3317,20,Industrials,2010,Capital Goods,201060,Machinery,20106020,Industrial Machinery & Supplies & Components,0.600,yahoo,
ATII,Archimedes Tech SPAC Partners II Co. Ordinary Shares,6770,,,,,,,,,,,shell_company
ATKR,Atkore Inc.,3690,20,Industrials,2010,Capital Goods,201040,Electrical Equipment,20104010,Electrical Components & Equipment,0.900,model+crosswalk,
ATLC,Atlanticus Holdings Corporation,6141,40,Financials,4020,Financial Services,402020,Consumer Finance,40202010,Consumer Finance,0.900,model+crosswalk,
ATLCL,Atlanticus Holdings Corporation 6.125% Senior Notes due 2026,6141,,,,,,,,,,,not_common_equity
ATLCZ,Atlanticus Holdings Corporation 9.25% Senior Notes due 2029,6141,,,,,,,,,,,not_common_equity
ATLO,AMES National Corp,6021,40,Financials,4010,Banks,401010,Banks,40101015,Regional Banks,0.900,model+crosswalk,
ATLQ,JAB Acquisition Corp I Class A Ordinary Shares,,,,,,,,,,,,shell_company
ATLX,Atlas Lithium Corporation Common Stock,1400,15,Materials,1510,Materials,151040,Metals & Mining,15104040,Precious Metals & Minerals,0.750,yahoo+sic,
ATMU,Atmus Filtration Technologies Inc.,3714,25,Consumer Discretionary,2510,Automobiles & Components,251010,Automobile Components,25101010,Automotive Parts & Equipment,0.900,model+crosswalk,
ATNI,"ATN International, Inc",4813,50,Communication Services,5010,Telecommunication Services,501010,Diversified Telecommunication Services,50101020,Integrated Telecommunication Services,0.946,model+crosswalk,
ATNM,"Actinium Pharmaceuticals, Inc",2834,35,Health Care,3520,"Pharmaceuticals, Biotechnology & Life Sciences",352010,Biotechnology,35201010,Biotechnology,0.900,model+crosswalk,
ATO,Atmos Energy Corporation,4924,55,Utilities,5510,Utilities,551020,Gas Utilities,55102010,Gas Utilities,0.900,model+crosswalk,
ATOM,Atomera Incorporated Common Stock,3674,45,Information Technology,4530,Semiconductors & Semiconductor Equipment,453010,Semiconductors & Semiconductor Equipment,45301010,Semiconductor Materials & Equipment,0.750,model+crosswalk,
ATOS,"Atossa Therapeutics, Inc. Common Stock",2834,35,Health Care,3520,"Pharmaceuticals, Biotechnology & Life Sciences",352010,Biotechnology,35201010,Biotechnology,0.900,model+crosswalk,
ATPC,Agape ATP Corporation Common Stock,8000,30,Consumer Staples,3020,"Food, Beverage & Tobacco",302020,Food Products,30202030,Packaged Foods & Meats,0.600,yahoo,
ATR,"AptarGroup, Inc.",3089,35,Health Care,3510,Health Care Equipment & Services,351010,Health Care Equipment & Supplies,35101020,Health Care Supplies,0.600,model+crosswalk,
ATRA,"Atara Biotherapeutics, Inc",2836,35,Health Care,3520,"Pharmaceuticals, Biotechnology & Life Sciences",352010,Biotechnology,35201010,Biotechnology,0.900,model+crosswalk,
ATRC,"AtriCure, Inc.",3841,35,Health Care,3510,Health Care Equipment & Services,351010,Health Care Equipment & Supplies,35101020,Health Care Supplies,0.750,yahoo+sic,
ATRO,Astronics Corp,3728,20,Industrials,2010,Capital Goods,201010,Aerospace & Defense,20101010,Aerospace & Defense,0.900,model+crosswalk,
ATROB,ASTRONICS CORP B,,20,Industrials,2010,Capital Goods,201010,Aerospace & Defense,20101010,Aerospace & Defense,0.666,model+crosswalk,
ATS,ATS Corporation,3569,20,Industrials,2010,Capital Goods,201060,Machinery,20106020,Industrial Machinery & Supplies & Components,0.900,model+crosswalk,
ATTO,"Attovia Therapeutics, Inc. Common Stock",,35,Health Care,3520,"Pharmaceuticals, Biotechnology & Life Sciences",352010,Biotechnology,35201010,Biotechnology,0.735,model+crosswalk,
ATTT,Atlas Trinity Tech Limited Ordinary Shares,,30,Consumer Staples,3030,Household & Personal Products,303020,Personal Care Products,30302010,Personal Care Products,0.650,model+crosswalk,
ATVK,AMERITEK VENTURES,,20,Industrials,2010,Capital Goods,201050,Industrial Conglomerates,20105010,Industrial Conglomerates,0.650,yahoo,
ATXG,Addentax Group Corp. Common Stock,7330,20,Industrials,2030,Transportation,203010,Air Freight & Logistics,20301010,Air Freight & Logistics,0.700,model+crosswalk,
ATXI,AVENUE THERAPEUTICS INC,,35,Health Care,3520,"Pharmaceuticals, Biotechnology & Life Sciences",352010,Biotechnology,35201010,Biotechnology,0.722,model+crosswalk,
ATYR,"aTyr Pharma, Inc. Common Stock",2836,35,Health Care,3520,"Pharmaceuticals, Biotechnology & Life Sciences",352010,Biotechnology,35201010,Biotechnology,0.900,model+crosswalk,
AU,AngloGold Ashanti plc,1040,15,Materials,1510,Materials,151040,Metals & Mining,15104030,Gold,0.900,model+crosswalk,
AUB,Atlantic Union Bankshares Corporation,6022,40,Financials,4010,Banks,401010,Banks,40101015,Regional Banks,0.900,model+crosswalk,
AUBN,Auburn National Bancorporation,6022,40,Financials,4010,Banks,401010,Banks,40101015,Regional Banks,0.900,model+crosswalk,
AUC,ATIF Holdings Limited Ordinary Shares,8742,20,Industrials,2020,Commercial & Professional Services,202020,Professional Services,20202020,Research & Consulting Services,0.755,model,
AUCTF,AUCNET INC,,25,Consumer Discretionary,2550,Consumer Discretionary Distribution & Retail,255030,Broadline Retail,25503030,Broadline Retail,0.650,model+crosswalk,
AUDC,AudioCodes Ltd,3661,45,Information Technology,4520,Technology Hardware & Equipment,452010,Communications Equipment,45201020,Communications Equipment,0.900,model+crosswalk,
AUGO,Aura Minerals Inc. Common Shares,1000,15,Materials,1510,Materials,151040,Metals & Mining,15104030,Gold,0.900,model+crosswalk,
AUID,authID Inc. Common Stock,7372,45,Information Technology,4510,Software & Services,451030,Software,45103020,Systems Software,0.750,yahoo+sic,
AUNA,Auna S.A.,8011,35,Health Care,3510,Health Care Equipment & Services,351020,Health Care Providers & Services,35102020,Health Care Facilities,0.900,model+crosswalk,
AUPH,Aurinia Pharmaceuticals Inc,2834,35,Health Care,3520,"Pharmaceuticals, Biotechnology & Life Sciences",352010,Biotechnology,35201010,Biotechnology,0.900,model+crosswalk,
AUR,"Aurora Innovation, Inc. Class A Common Stock",7373,25,Consumer Discretionary,2510,Automobiles & Components,251010,Automobile Components,25101010,Automotive Parts & Equipment,0.600,yahoo,
AURA,"Aura Biosciences, Inc. Common Stock",2836,35,Health Care,3520,"Pharmaceuticals, Biotechnology & Life Sciences",352010,Biotechnology,35201010,Biotechnology,0.900,model+crosswalk,
AURE,Aurelion Inc. Class A Ordinary Shares,6199,40,Financials,4020,Financial Services,402030,Capital Markets,40203010,Asset Management & Custody Banks,0.900,model+crosswalk,
AUST,Austin Gold Corp.,1040,15,Materials,1510,Materials,151040,Metals & Mining,15104030,Gold,0.900,model+crosswalk,
AUUD,Auddia Inc. Common Stock,7374,45,Information Technology,4510,Software & Services,451030,Software,45103010,Application Software,0.600,model+crosswalk,
AUVI,APPLIED UV INC,,25,Consumer Discretionary,2520,Consumer Durables & Apparel,252010,Household Durables,25201020,Home Furnishings,0.650,model+crosswalk,
AUXX,Gold X2 Mining Inc.,,15,Materials,1510,Materials,151040,Metals & Mining,15104030,Gold,0.925,model+crosswalk,
AVA,Avista Corporation,4931,55,Utilities,5510,Utilities,551030,Multi-Utilities,55103010,Multi-Utilities,0.925,model+crosswalk,
AVAH,Aveanna Healthcare Holdings Inc. Common Stock,8082,35,Health Care,3510,Health Care Equipment & Services,351020,Health Care Providers & Services,35102015,Health Care Services,0.900,model+crosswalk,
AVAT,Avalanche Treasury Corporation Class A Common Stock,6199,40,Financials,4020,Financial Services,402030,Capital Markets,40203010,Asset Management & Custody Banks,0.750,model+crosswalk,
AVAV,"AeroVironment, Inc.",3721,20,Industrials,2010,Capital Goods,201010,Aerospace & Defense,20101010,Aerospace & Defense,0.900,model+crosswalk,
AVBC,"Avidia Bancorp, Inc.",6036,40,Financials,4010,Banks,401010,Banks,40101015,Regional Banks,0.900,model+crosswalk,
AVBH,"Avidbank Holdings, Inc. Common stock",6022,40,Financials,4010,Banks,401010,Banks,40101015,Regional Banks,0.900,model+crosswalk,
AVBP,"ArriVent BioPharma, Inc. Common Stock",2834,35,Health Care,3520,"Pharmaceuticals, Biotechnology & Life Sciences",352010,Biotechnology,35201010,Biotechnology,0.900,model+crosswalk,
AVD,American Vanguard Corporation,2870,15,Materials,1510,Materials,151010,Chemicals,15101030,Fertilizers & Agricultural Chemicals,0.900,model+crosswalk,
AVEX,AEVEX Corp.,3721,20,Industrials,2010,Capital Goods,201010,Aerospace & Defense,20101010,Aerospace & Defense,0.900,model+crosswalk,
AVGO,Broadcom Inc. Common Stock,3674,45,Information Technology,4530,Semiconductors & Semiconductor Equipment,453010,Semiconductors & Semiconductor Equipment,45301020,Semiconductors,0.900,model+crosswalk,
AVIR,"Atea Pharmaceuticals, Inc. Common Stock",2834,35,Health Care,3520,"Pharmaceuticals, Biotechnology & Life Sciences",352010,Biotechnology,35201010,Biotechnology,0.900,model+crosswalk,
AVLN,Avalyn Pharma Inc. Common Stock,2834,35,Health Care,3520,"Pharmaceuticals, Biotechnology & Life Sciences",352010,Biotechnology,35201010,Biotechnology,0.900,model+crosswalk,
AVMPF,ASIA VITAL COMPONENTS CO,,45,Information Technology,4520,Technology Hardware & Equipment,452030,"Electronic Equipment, Instruments & Components",45203015,Electronic Components,0.650,model+crosswalk,
AVNI,ARVANA INC,,25,Consumer Discretionary,2520,Consumer Durables & Apparel,252020,Leisure Products,25202010,Leisure Products,0.650,model+crosswalk,
AVNT,Avient Corporation,2821,15,Materials,1510,Materials,151010,Chemicals,15101050,Specialty Chemicals,0.900,model+crosswalk,
AVNW,"Aviat Networks, Inc.",3663,45,Information Technology,4520,Technology Hardware & Equipment,452010,Communications Equipment,45201020,Communications Equipment,0.900,model+crosswalk,
AVO,"Mission Produce, Inc. Common Stock",0700,30,Consumer Staples,3010,Consumer Staples Distribution & Retail,301010,Consumer Staples Distribution & Retail,30101020,Food Distributors,0.700,yahoo+sic,
AVPT,"AvePoint, Inc. Class A Common Stock",7372,45,Information Technology,4510,Software & Services,451030,Software,45103010,Application Software,0.900,model+crosswalk,
AVR,Anteris Technologies Global Corp. Common Stock,3842,35,Health Care,3510,Health Care Equipment & Services,351010,Health Care Equipment & Supplies,35101010,Health Care Equipment,0.750,model+crosswalk,
AVT,"Avnet, Inc.",5065,45,Information Technology,4520,Technology Hardware & Equipment,452030,"Electronic Equipment, Instruments & Components",45203030,Technology Distributors,0.900,model+crosswalk,
AVTEF,ADVTECH LTD ORD,,,,,,,,,,,,no_evidence
AVTR,"Avantor, Inc.",3826,35,Health Care,3510,Health Care Equipment & Services,351010,Health Care Equipment & Supplies,35101020,Health Care Supplies,0.700,yahoo+sic,
AVTX,"Avalo Therapeutics, Inc. Common Stock",2834,35,Health Care,3520,"Pharmaceuticals, Biotechnology & Life Sciences",352010,Biotechnology,35201010,Biotechnology,0.900,model+crosswalk,
AVX,Avax One Technology Ltd. Common Shares,6199,45,Information Technology,4510,Software & Services,451020,IT Services,45102030,Internet Services & Infrastructure,0.750,model+crosswalk,
AVXL,Anavex Life Sciences,2836,35,Health Care,3520,"Pharmaceuticals, Biotechnology & Life Sciences",352010,Biotechnology,35201010,Biotechnology,0.900,model+crosswalk,
AVY,Avery Dennison Corp.,2670,15,Materials,1510,Materials,151030,Containers & Packaging,15103020,Paper & Plastic Packaging Products & Materials,0.900,model+crosswalk,
AWI,"Armstrong World Industries, Inc.",3089,20,Industrials,2010,Capital Goods,201020,Building Products,20102010,Building Products,0.600,model+crosswalk,
AWK,"American Water Works Company, Inc",4941,55,Utilities,5510,Utilities,551040,Water Utilities,55104010,Water Utilities,0.900,model+crosswalk,
AWR,American States Water Company,4941,55,Utilities,5510,Utilities,551040,Water Utilities,55104010,Water Utilities,0.900,model+crosswalk,
AWRE,Aware Inc,7372,45,Information Technology,4510,Software & Services,451030,Software,45103010,Application Software,0.900,model+crosswalk,
AWRY,ALLEGHENY&WEST RY CAP6GTD,,20,Industrials,2030,Transportation,203040,Ground Transportation,20304010,Rail Transportation,0.650,yahoo,
AWX,Avalon Holdings Corp.,4953,20,Industrials,2020,Commercial & Professional Services,202010,Commercial Services & Supplies,20201050,Environmental & Facilities Services,0.900,model+crosswalk,
AX,"Axos Financial, Inc. Common Stock",6035,40,Financials,4010,Banks,401010,Banks,40101015,Regional Banks,0.900,model+crosswalk,
AXG,Solowin Holdings Class A Ordinary Share,6211,40,Financials,4020,Financial Services,402030,Capital Markets,40203010,Asset Management & Custody Banks,0.900,model+crosswalk,
AXGN,"Axogen, Inc. Common Stock",3845,35,Health Care,3510,Health Care Equipment & Services,351010,Health Care Equipment & Supplies,35101010,Health Care Equipment,0.900,model+crosswalk,
AXIL,"AXIL Brands, Inc.",2844,25,Consumer Discretionary,2520,Consumer Durables & Apparel,252010,Household Durables,25201010,Consumer Electronics,0.600,yahoo,
AXIN,Axiom Intelligence Acquisition Corp 1 Class A Ordinary Shares,6770,,,,,,,,,,,shell_company
AXON,"Axon Enterprise, Inc. Common Stock",3480,20,Industrials,2010,Capital Goods,201010,Aerospace & Defense,20101010,Aerospace & Defense,0.900,model+crosswalk,
AXP,American Express Company,6199,40,Financials,4020,Financial Services,402010,Financial Services,40201060,Transaction & Payment Processing Services,0.900,model+crosswalk,
AXR,AMREP Corporation,6552,60,Real Estate,6020,Real Estate Management & Development,602010,Real Estate Management & Development,60201030,Real Estate Development,0.900,model+crosswalk,
AXS,Axis Capital Holders Limited,6331,40,Financials,4030,Insurance,403010,Insurance,40301050,Reinsurance,0.750,yahoo+sic,
AXSM,"Axsome Therapeutics, Inc",2834,35,Health Care,3520,"Pharmaceuticals, Biotechnology & Life Sciences",352010,Biotechnology,35201010,Biotechnology,0.900,model+crosswalk,
AXTA,Axalta Coating Systems Ltd.,2851,15,Materials,1510,Materials,151010,Chemicals,15101050,Specialty Chemicals,0.900,model+crosswalk,
AXTI,AXT Inc,3674,45,Information Technology,4530,Semiconductors & Semiconductor Equipment,453010,Semiconductors & Semiconductor Equipment,45301010,Semiconductor Materials & Equipment,0.750,model+crosswalk,
AYA,Aya Gold & Silver Inc. Common Shares,1040,15,Materials,1510,Materials,151040,Metals & Mining,15104045,Silver,0.905,model+crosswalk,
AYI,Acuity Inc.,3640,20,Industrials,2010,Capital Goods,201040,Electrical Equipment,20104010,Electrical Components & Equipment,0.900,model+crosswalk,
AYTU,"AYTU BioPharma, Inc. Common Stock",2834,35,Health Care,3520,"Pharmaceuticals, Biotechnology & Life Sciences",352020,Pharmaceuticals,35202010,Pharmaceuticals,0.750,model+crosswalk,
AZ,A2Z Cust2Mate Solutions Corp. Common Shares,3569,40,Financials,4020,Financial Services,402010,Financial Services,40201060,Transaction & Payment Processing Services,0.600,yahoo,
AZI,Autozi Internet Technology (Global) Ltd. Class A Ordinary Shares,7500,25,Consumer Discretionary,2550,Consumer Discretionary Distribution & Retail,255040,Specialty Retail,25504050,Automotive Retail,0.700,yahoo+sic,
AZIO,"Azio AI Holdings, Inc. Common Stock",3714,45,Information Technology,4510,Software & Services,451020,IT Services,45102030,Internet Services & Infrastructure,0.600,yahoo,
AZLCZ,AZTEC LND&CATTLE CO C/CTF,,60,Real Estate,6020,Real Estate Management & Development,602010,Real Estate Management & Development,60201040,Real Estate Services,0.650,model+crosswalk,
AZN,AstraZeneca PLC,2834,35,Health Care,3520,"Pharmaceuticals, Biotechnology & Life Sciences",352020,Pharmaceuticals,35202010,Pharmaceuticals,0.750,model+crosswalk,
AZO,"AutoZone, Inc.",5531,25,Consumer Discretionary,2510,Automobiles & Components,251010,Automobile Components,25101010,Automotive Parts & Equipment,0.700,model+crosswalk,
AZTA,"Azenta, Inc.",3559,35,Health Care,3510,Health Care Equipment & Services,351010,Health Care Equipment & Supplies,35101020,Health Care Supplies,0.600,model+crosswalk,
AZTR,Azitra Inc,2834,35,Health Care,3520,"Pharmaceuticals, Biotechnology & Life Sciences",352010,Biotechnology,35201010,Biotechnology,0.900,model+crosswalk,
AZZ,AZZ Inc.,3470,20,Industrials,2020,Commercial & Professional Services,202010,Commercial Services & Supplies,20201070,Diversified Support Services,0.700,yahoo+sic,
B,Barrick Mining Corporation,1040,15,Materials,1510,Materials,151040,Metals & Mining,15104030,Gold,0.900,model+crosswalk,
BA,Boeing Company,3721,20,Industrials,2010,Capital Goods,201010,Aerospace & Defense,20101010,Aerospace & Defense,0.900,model+crosswalk,
BABB,BAB INC,,30,Consumer Staples,3020,"Food, Beverage & Tobacco",302020,Food Products,30202030,Packaged Foods & Meats,0.991,model+crosswalk,
BAC,Bank of America Corporation,6021,40,Financials,4010,Banks,401010,Banks,40101010,Diversified Banks,0.750,yahoo+sic,
BACC,Blue Acquisition Corp. Class A Ordinary Shares,6770,,,,,,,,,,,shell_company
BACK,IMAC HOLDINGS INC,,35,Health Care,3510,Health Care Equipment & Services,351020,Health Care Providers & Services,35102020,Health Care Facilities,0.892,model+crosswalk,
BAER,"Bridger Aerospace Group Holdings, Inc. Common Stock",7389,20,Industrials,2020,Commercial & Professional Services,202010,Commercial Services & Supplies,20201080,Security & Alarm Services,0.750,yahoo+sic,
BAFN,BayFirst Financial Corp. Common Stock,6022,40,Financials,4010,Banks,401010,Banks,40101015,Regional Banks,0.900,model+crosswalk,
BAH,Booz Allen Hamilton Holding Corporation,8742,20,Industrials,2020,Commercial & Professional Services,202020,Professional Services,20202020,Research & Consulting Services,0.900,model+crosswalk,
BALL,Ball Corporation,3411,15,Materials,1510,Materials,151030,Containers & Packaging,15103010,"Metal, Glass & Plastic Containers",0.900,model+crosswalk,
BALY,Bally's Corporation,7011,25,Consumer Discretionary,2530,Consumer Services,253010,"Hotels, Restaurants & Leisure",25301010,Casinos & Gaming,0.937,model+crosswalk,
BAM,Brookfield Asset Management Ltd.,6282,40,Financials,4020,Financial Services,402030,Capital Markets,40203010,Asset Management & Custody Banks,0.900,model+crosswalk,
BANC,"Banc of California, Inc.",6021,40,Financials,4010,Banks,401010,Banks,40101015,Regional Banks,0.900,model+crosswalk,
BAND,Bandwidth Inc. Class A Common Stock,7372,45,Information Technology,4510,Software & Services,451030,Software,45103020,Systems Software,0.750,yahoo+sic,
BANF,Bancfirst Corp,6021,40,Financials,4010,Banks,401010,Banks,40101015,Regional Banks,0.935,model+crosswalk,
BANL,CBL International Limited Class B Ordinary Shares,5172,10,Energy,1010,Energy,101020,"Oil, Gas & Consumable Fuels",10102040,Oil & Gas Storage & Transportation,0.900,model+crosswalk,
BANR,Banner Corp.,6022,40,Financials,4010,Banks,401010,Banks,40101015,Regional Banks,0.900,model+crosswalk,
BANT,BANTEC INC,,20,Industrials,2010,Capital Goods,201010,Aerospace & Defense,20101010,Aerospace & Defense,0.988,model+crosswalk,
BANX,ArrowMark Financial Corp. Common Stock,,40,Financials,4020,Financial Services,402030,Capital Markets,40203010,Asset Management & Custody Banks,0.650,model+crosswalk,
BAOB,BARABOO BNCRPTN INC,,40,Financials,4010,Banks,401010,Banks,40101015,Regional Banks,0.671,model+crosswalk,
BAOS,Baosheng Media Group Holdings Limited Ordinary shares,7389,50,Communication Services,5020,Media & Entertainment,502010,Media,50201010,Advertising,0.900,model+crosswalk,
BAP,Credicorp LTD,6029,40,Financials,4010,Banks,401010,Banks,40101015,Regional Banks,0.900,model+crosswalk,
BARK,"BARK, Inc.",5990,25,Consumer Discretionary,2550,Consumer Discretionary Distribution & Retail,255040,Specialty Retail,25504040,Other Specialty Retail,0.900,model+crosswalk,
BATL,Battalion Oil Corporation,1311,10,Energy,1010,Energy,101020,"Oil, Gas & Consumable Fuels",10102020,Oil & Gas Exploration & Production,0.947,model+crosswalk,
BATRA,"Atlanta Braves Holdings, Inc. Series A Common Stock",7900,50,Communication Services,5020,Media & Entertainment,502020,Entertainment,50202010,Movies & Entertainment,0.600,model+crosswalk,
BATRK,"Atlanta Braves Holdings, Inc. Series C Common Stock",7900,50,Communication Services,5020,Media & Entertainment,502020,Entertainment,50202010,Movies & Entertainment,0.600,model+crosswalk,
BAX,Baxter International Inc.,3841,35,Health Care,3510,Health Care Equipment & Services,351010,Health Care Equipment & Supplies,35101020,Health Care Supplies,0.750,model+crosswalk,
BAYP,BAYPORT INTL HOLDGS INC,,60,Real Estate,6020,Real Estate Management & Development,602010,Real Estate Management & Development,60201030,Real Estate Development,0.650,model+crosswalk,
BB,BlackBerry Limited,7372,45,Information Technology,4510,Software & Services,451030,Software,45103020,Systems Software,0.900,model+crosswalk,
BBAI,"BigBear.ai Holdings, Inc.",7372,45,Information Technology,4510,Software & Services,451020,IT Services,45102010,IT Consulting & Other Services,0.750,yahoo+sic,
BBBK,BAKER BOYER BANCORP WALLA,,40,Financials,4010,Banks,401010,Banks,40101015,Regional Banks,0.650,model+crosswalk,
BBCP,"Concrete Pumping Holdings, Inc. Common Stock",1700,20,Industrials,2010,Capital Goods,201030,Construction & Engineering,20103010,Construction & Engineering,0.900,model+crosswalk,
BBCQ,Bleichroeder Acquisition Corp. II Class A Ordinary Shares,6770,,,,,,,,,,,shell_company
BBDC,"Barings BDC, Inc.",,40,Financials,4020,Financial Services,402030,Capital Markets,40203010,Asset Management & Custody Banks,0.650,model+crosswalk,
BBGI,Beasley Broadcasting Group Inc,4832,50,Communication Services,5020,Media & Entertainment,502010,Media,50201020,Broadcasting,0.900,model+crosswalk,
BBIG,VINCO VENTURES INC,,25,Consumer Discretionary,2520,Consumer Durables & Apparel,252020,Leisure Products,25202010,Leisure Products,0.650,model+crosswalk,
BBIO,"BridgeBio Pharma, Inc. Common Stock",2834,35,Health Care,3520,"Pharmaceuticals, Biotechnology & Life Sciences",352010,Biotechnology,35201010,Biotechnology,0.900,model+crosswalk,
BBLG,Bone Biologics Corp Common Stock,3842,35,Health Care,3520,"Pharmaceuticals, Biotechnology & Life Sciences",352010,Biotechnology,35201010,Biotechnology,0.700,model+crosswalk,
BBNA,BONVENU BANCORP INC,,40,Financials,4010,Banks,401010,Banks,40101015,Regional Banks,0.650,model+crosswalk,
BBNX,"Beta Bionics, Inc. Common Stock",3841,35,Health Care,3510,Health Care Equipment & Services,351010,Health Care Equipment & Supplies,35101010,Health Care Equipment,0.900,model+crosswalk,
BBOT,"BridgeBio Oncology Therapeutics, Inc. Common Stock",2834,35,Health Care,3520,"Pharmaceuticals, Biotechnology & Life Sciences",352010,Biotechnology,35201010,Biotechnology,0.900,model+crosswalk,
BBRW,BREWBILT MFG INC,,20,Industrials,2010,Capital Goods,201060,Machinery,20106020,Industrial Machinery & Supplies & Components,0.650,model+crosswalk,
BBSI,Barrett Business Services,7363,20,Industrials,2020,Commercial & Professional Services,202020,Professional Services,20202010,Human Resource & Employment Services,0.900,model+crosswalk,
BBT,Beacon Financial Corporation,6036,40,Financials,4010,Banks,401010,Banks,40101015,Regional Banks,0.900,model+crosswalk,
BBUC,Brookfield Business Corporation Class A Subordinate Voting Shares,1700,20,Industrials,2010,Capital Goods,201050,Industrial Conglomerates,20105010,Industrial Conglomerates,0.750,yahoo+sic,
BBW,"Build-A-Bear Workshop, Inc.",5945,25,Consumer Discretionary,2550,Consumer Discretionary Distribution & Retail,255040,Specialty Retail,25504040,Other Specialty Retail,0.900,model+crosswalk,
BBWI,"Bath & Body Works, Inc.",5990,25,Consumer Discretionary,2550,Consumer Discretionary Distribution & Retail,255040,Specialty Retail,25504040,Other Specialty Retail,0.900,model+crosswalk,
BBXIA,BBX CAPITAL INC A,,20,Industrials,2010,Capital Goods,201050,Industrial Conglomerates,20105010,Industrial Conglomerates,0.650,yahoo,
BBXIB,BBX CAPITAL INC B,,20,Industrials,2010,Capital Goods,201050,Industrial Conglomerates,20105010,Industrial Conglomerates,0.650,yahoo,
BBY,"Best Buy Company, Inc.",5731,25,Consumer Discretionary,2550,Consumer Discretionary Distribution & Retail,255040,Specialty Retail,25504020,Computer & Electronics Retail,0.910,model+crosswalk,
BC,Brunswick Corporation,3510,25,Consumer Discretionary,2520,Consumer Durables & Apparel,252020,Leisure Products,25202010,Leisure Products,0.600,model+crosswalk,
BCAB,"BioAtla, Inc. Common Stock",2836,35,Health Care,3520,"Pharmaceuticals, Biotechnology & Life Sciences",352010,Biotechnology,35201010,Biotechnology,0.900,model+crosswalk,
BCAL,California BanCorp Common Stock,6021,40,Financials,4010,Banks,401010,Banks,40101015,Regional Banks,0.900,model+crosswalk,
BCAR,D. Boral ARC Acquisition I Corp. Class A Ordinary Shares,7372,,,,,,,,,,,shell_company
BCAX,Bicara Therapeutics Inc. Common Stock,2834,35,Health Care,3520,"Pharmaceuticals, Biotechnology & Life Sciences",352010,Biotechnology,35201010,Biotechnology,0.900,model+crosswalk,
BCBP,BCB Bancorp Inc (NJ),6035,40,Financials,4010,Banks,401010,Banks,40101015,Regional Banks,0.900,model+crosswalk,
BCC,Boise Cascade Company,5030,15,Materials,1510,Materials,151050,Paper & Forest Products,15105010,Forest Products,0.600,yahoo,
BCCQ,Bleichroeder Acquisition Corp. III Class A Ordinary Shares,,,,,,,,,,,,shell_company
BCDA,"BioCardia, Inc. Common Stock",2836,35,Health Care,3520,"Pharmaceuticals, Biotechnology & Life Sciences",352010,Biotechnology,35201010,Biotechnology,0.900,model+crosswalk,
BCE,"BCE, Inc.",4813,50,Communication Services,5010,Telecommunication Services,501020,Wireless Telecommunication Services,50102010,Wireless Telecommunication Services,0.750,model+crosswalk,
BCG,"Binah Capital Group, Inc. Common Stock",6199,40,Financials,4020,Financial Services,402030,Capital Markets,40203010,Asset Management & Custody Banks,0.900,model+crosswalk,
BCHMF,BACHEM HOLDING LTD,,35,Health Care,3520,"Pharmaceuticals, Biotechnology & Life Sciences",352010,Biotechnology,35201010,Biotechnology,0.650,model+crosswalk,
BCHT,Birchtech Corp.,3829,20,Industrials,2010,Capital Goods,201060,Machinery,20106020,Industrial Machinery & Supplies & Components,0.600,model+crosswalk,
BCIC,BCP Investment Corporation Common Stock,,40,Financials,4020,Financial Services,402030,Capital Markets,40203010,Asset Management & Custody Banks,0.650,model+crosswalk,
BCLI,BRAINSTORM CELL THERAPUTC,,35,Health Care,3520,"Pharmaceuticals, Biotechnology & Life Sciences",352010,Biotechnology,35201010,Biotechnology,0.877,model+crosswalk,
BCML,BayCom Corp Common Stock,6022,40,Financials,4010,Banks,401010,Banks,40101015,Regional Banks,0.900,model+crosswalk,
BCO,The Brink's Company,4731,20,Industrials,2020,Commercial & Professional Services,202010,Commercial Services & Supplies,20201080,Security & Alarm Services,0.700,yahoo+sic,
BCOW,1895 BANCORP OF WISC,,40,Financials,4010,Banks,401010,Banks,40101015,Regional Banks,0.650,model+crosswalk,
BCPC,Balchem Corporation,2800,15,Materials,1510,Materials,151010,Chemicals,15101050,Specialty Chemicals,0.900,model+crosswalk,
BCRX,BioCryst Pharmaceuticals Inc,2836,35,Health Care,3520,"Pharmaceuticals, Biotechnology & Life Sciences",352020,Pharmaceuticals,35202010,Pharmaceuticals,0.750,yahoo+sic,
BCSF,"Bain Capital Specialty Finance, Inc.",,40,Financials,4020,Financial Services,402030,Capital Markets,40203010,Asset Management & Custody Banks,0.650,model+crosswalk,
BCSO,BANCORP SOUTHERN INDIANA,,40,Financials,4010,Banks,401010,Banks,40101010,Diversified Banks,0.650,yahoo,
BCSS,Bain Capital GSS Investment Corp.,6770,,,,,,,,,,,shell_company
BCTX,Briacell Therapeutics Corp. Common Shares,2834,35,Health Care,3520,"Pharmaceuticals, Biotechnology & Life Sciences",352010,Biotechnology,35201010,Biotechnology,0.900,model+crosswalk,
BDC,Belden Inc.,3357,45,Information Technology,4520,Technology Hardware & Equipment,452010,Communications Equipment,45201020,Communications Equipment,0.600,model+crosswalk,
BDCI,BTC Development Corp. Class A Ordinary Shares,6770,,,,,,,,,,,shell_company
BDL,Flanigan's Enterprises Inc,5812,25,Consumer Discretionary,2530,Consumer Services,253010,"Hotels, Restaurants & Leisure",25301040,Restaurants,0.900,model+crosswalk,
BDMD,Baird Medical Investment Holdings Ltd Ordinary Share,3841,35,Health Care,3510,Health Care Equipment & Services,351010,Health Care Equipment & Supplies,35101010,Health Care Equipment,0.900,model+crosswalk,
BDN,Brandywine Realty Trust,6798,60,Real Estate,6010,Equity Real Estate Investment Trusts (REITs),601040,Office REITs,60104010,Office REITs,0.900,model+crosswalk,
BDPT,BIOADAPTIVES INC,,30,Consumer Staples,3020,"Food, Beverage & Tobacco",302020,Food Products,30202030,Packaged Foods & Meats,0.991,model+crosswalk,
BDSX,"Biodesix, Inc. Common Stock",8071,35,Health Care,3510,Health Care Equipment & Services,351020,Health Care Providers & Services,35102015,Health Care Services,0.700,yahoo+sic,
BDTX,"Black Diamond Therapeutics, Inc. Common Stock",2836,35,Health Care,3520,"Pharmaceuticals, Biotechnology & Life Sciences",352010,Biotechnology,35201010,Biotechnology,0.900,model+crosswalk,
BDX,"Becton, Dickinson and Co.",3841,35,Health Care,3510,Health Care Equipment & Services,351010,Health Care Equipment & Supplies,35101010,Health Care Equipment,0.900,model+crosswalk,
BE,Bloom Energy Corporation,3620,20,Industrials,2010,Capital Goods,201040,Electrical Equipment,20104020,Heavy Electrical Equipment,0.750,yahoo+sic,
BEAG,Bold Eagle Acquisition Corp. Class A Ordinary Shares,6770,,,,,,,,,,,shell_company
BEAM,Beam Therapeutics Inc. Common Stock,2836,35,Health Care,3520,"Pharmaceuticals, Biotechnology & Life Sciences",352010,Biotechnology,35201010,Biotechnology,0.900,model+crosswalk,
BEAT,"Heartbeam, Inc. Common Stock",3841,35,Health Care,3510,Health Care Equipment & Services,351030,Health Care Technology,35103010,Health Care Technology,0.750,yahoo+sic,
BEBE,TGE Value Creative Solutions Corp,6770,,,,,,,,,,,shell_company
BEEM,Beam Global Common Stock,3690,45,Information Technology,4530,Semiconductors & Semiconductor Equipment,453010,Semiconductors & Semiconductor Equipment,45301020,Semiconductors,0.600,yahoo,
BEEP,Mobile Infrastructure Corporation Common Stock,6500,20,Industrials,2030,Transportation,203050,Transportation Infrastructure,20305020,Highways & Railtracks,0.600,yahoo,
BELFA,Bel Fuse Inc,3677,45,Information Technology,4520,Technology Hardware & Equipment,452030,"Electronic Equipment, Instruments & Components",45203015,Electronic Components,0.900,model+crosswalk,
BELFB,Bel Fuse Inc,3677,45,Information Technology,4520,Technology Hardware & Equipment,452030,"Electronic Equipment, Instruments & Components",45203015,Electronic Components,0.900,model+crosswalk,
BEN,"Franklin Templeton, Inc.",6282,40,Financials,4020,Financial Services,402030,Capital Markets,40203010,Asset Management & Custody Banks,0.900,model+crosswalk,
BENF,Beneficient Class A Common Stock,6199,40,Financials,4020,Financial Services,402030,Capital Markets,40203010,Asset Management & Custody Banks,0.900,model+crosswalk,
BEOB,BEO BANCORP,,40,Financials,4010,Banks,401010,Banks,40101015,Regional Banks,0.650,model+crosswalk,
BEP,Brookfield Renewable Partners L.P.,4911,55,Utilities,5510,Utilities,551050,Independent Power and Renewable Electricity Producers,55105020,Renewable Electricity,0.901,model+crosswalk,
BEPC,Brookfield Renewable Corporation Class A Exchangeable Subordinate Voting Shares,4911,55,Utilities,5510,Utilities,551050,Independent Power and Renewable Electricity Producers,55105020,Renewable Electricity,0.900,model+crosswalk,
BESS,Bimergen Energy Corporation,4911,55,Utilities,5510,Utilities,551050,Independent Power and Renewable Electricity Producers,55105020,Renewable Electricity,0.900,model+crosswalk,
BETA,"Beta Technologies, Inc.",3721,20,Industrials,2010,Capital Goods,201010,Aerospace & Defense,20101010,Aerospace & Defense,0.900,model+crosswalk,
BETR,Better Home & Finance Holding Company Class A Common Stock,6163,40,Financials,4020,Financial Services,402010,Financial Services,40201050,Commercial & Residential Mortgage Finance,0.900,model+crosswalk,
BF.A,Brown-Forman Corporation Class A,2080,30,Consumer Staples,3020,"Food, Beverage & Tobacco",302010,Beverages,30201020,Distillers & Vintners,0.906,model+crosswalk,
BFAM,BRIGHT HORIZONS FAMILY SOLUTIONS INC.,8351,25,Consumer Discretionary,2530,Consumer Services,253020,Diversified Consumer Services,25302010,Education Services,0.750,yahoo+sic,
BF.B,Brown-Forman Corporation Class B,2080,30,Consumer Staples,3020,"Food, Beverage & Tobacco",302010,Beverages,30201020,Distillers & Vintners,0.906,model+crosswalk,
BFC,Bank First Corporation Common Stock,6021,40,Financials,4010,Banks,401010,Banks,40101015,Regional Banks,0.904,model+crosswalk,
BFCC,BANKFIRST CAP CORP,,40,Financials,4010,Banks,401010,Banks,40101015,Regional Banks,0.650,model+crosswalk,
BFH,"Bread Financial Holdings, Inc.",6141,40,Financials,4020,Financial Services,402020,Consumer Finance,40202010,Consumer Finance,0.900,model+crosswalk,
BFLY,"Butterfly Network, Inc.",3844,35,Health Care,3510,Health Care Equipment & Services,351010,Health Care Equipment & Supplies,35101010,Health Care Equipment,0.900,model+crosswalk,
BFRG,"Bullfrog AI Holdings, Inc. Common Stock",2834,35,Health Care,3510,Health Care Equipment & Services,351030,Health Care Technology,35103010,Health Care Technology,0.700,yahoo+sic,
BFRI,Biofrontera Inc. Common Stock,2834,35,Health Care,3520,"Pharmaceuticals, Biotechnology & Life Sciences",352020,Pharmaceuticals,35202010,Pharmaceuticals,0.750,model+crosswalk,
BFS,"Saul Centers, Inc.",6798,60,Real Estate,6010,Equity Real Estate Investment Trusts (REITs),601070,Retail REITs,60107010,Retail REITs,0.750,model+crosswalk,
BFST,"Business First Bancshares, Inc. Common Stock",6022,40,Financials,4010,Banks,401010,Banks,40101015,Regional Banks,0.900,model+crosswalk,
BG,Bunge Global SA,2070,30,Consumer Staples,3020,"Food, Beverage & Tobacco",302020,Food Products,30202010,Agricultural Products & Services,0.600,model+crosswalk,
BGC,"BGC Group, Inc. Class A Common Stock",6200,40,Financials,4020,Financial Services,402030,Capital Markets,40203020,Investment Banking & Brokerage,0.750,model+crosswalk,
BGDE,"Big Digital Energy, Inc. Common Stock",6199,40,Financials,4020,Financial Services,402030,Capital Markets,40203020,Investment Banking & Brokerage,0.600,yahoo,
BGI,Birks Group Inc,5944,25,Consumer Discretionary,2520,Consumer Durables & Apparel,252030,"Textiles, Apparel & Luxury Goods",25203010,"Apparel, Accessories & Luxury Goods",0.700,model+crosswalk,
BGIN,Bgin Blockchain Limited Class A Ordinary Shares,6199,45,Information Technology,4520,Technology Hardware & Equipment,452020,"Technology Hardware, Storage & Peripherals",45202030,"Technology Hardware, Storage & Peripherals",0.700,model+crosswalk,
BGL,Blue Gold Limited Class A Ordinary Shares,1000,15,Materials,1510,Materials,151040,Metals & Mining,15104030,Gold,0.900,model+crosswalk,
BGLC,BioNexus Gene Lab Corp Common stock,8071,15,Materials,1510,Materials,151010,Chemicals,15101050,Specialty Chemicals,0.600,model+crosswalk,
BGM,BGM Group Ltd. Class A Ordinary Shares,2834,35,Health Care,3520,"Pharmaceuticals, Biotechnology & Life Sciences",352020,Pharmaceuticals,35202010,Pharmaceuticals,0.761,model+crosswalk,
BGMS,"Bio Green Med Solution, Inc. Common Stock",2834,20,Industrials,2010,Capital Goods,201020,Building Products,20102010,Building Products,0.600,model+crosswalk,
BGRP,BLUESTEM GROUP INC,,25,Consumer Discretionary,2550,Consumer Discretionary Distribution & Retail,255030,Broadline Retail,25503030,Broadline Retail,0.650,model+crosswalk,
BGS,"B&G Foods, Inc.",2000,30,Consumer Staples,3020,"Food, Beverage & Tobacco",302020,Food Products,30202030,Packaged Foods & Meats,0.900,model+crosswalk,
BGSF,"BGSF, Inc.",7363,20,Industrials,2020,Commercial & Professional Services,202020,Professional Services,20202010,Human Resource & Employment Services,0.926,model+crosswalk,
BGSI,Boyd Group Services Inc.,7500,25,Consumer Discretionary,2550,Consumer Discretionary Distribution & Retail,255040,Specialty Retail,25504050,Automotive Retail,0.700,model+crosswalk,
BGXCF,BGX - BLACK GOLD EXPL CP,,10,Energy,1010,Energy,101020,"Oil, Gas & Consumable Fuels",10102020,Oil & Gas Exploration & Production,0.650,model+crosswalk,
BH,Biglari Holdings Inc. Class B Common Stock,5812,25,Consumer Discretionary,2530,Consumer Services,253010,"Hotels, Restaurants & Leisure",25301040,Restaurants,0.900,model+crosswalk,
BH.A,Biglari Holdings Inc. Class A Common Stock,5812,25,Consumer Discretionary,2530,Consumer Services,253010,"Hotels, Restaurants & Leisure",25301040,Restaurants,0.900,model+crosswalk,
BHAGF,BOSSARD HOLDING AG ZUG,,,,,,,,,,,,no_evidence
BHAV,BHAV Acquisition Corp Class A Ordinary Shares,6770,,,,,,,,,,,shell_company
BHB,Bar Harbor Bankshares,6022,40,Financials,4010,Banks,401010,Banks,40101015,Regional Banks,0.900,model+crosswalk,
BHC,Bausch Health Companies Inc,2834,35,Health Care,3520,"Pharmaceuticals, Biotechnology & Life Sciences",352020,Pharmaceuticals,35202010,Pharmaceuticals,0.900,model+crosswalk,
BHDB,BANK OF LABOR BANCSHARES,,40,Financials,4010,Banks,401010,Banks,40101015,Regional Banks,0.650,model+crosswalk,
BHE,Benchmark Electronics,3672,45,Information Technology,4520,Technology Hardware & Equipment,452030,"Electronic Equipment, Instruments & Components",45203020,Electronic Manufacturing Services,0.926,model+crosswalk,
BHF,"Brighthouse Financial, Inc.",6311,40,Financials,4030,Insurance,403010,Insurance,40301020,Life & Health Insurance,0.900,model+crosswalk,
BHFAL,"Brighthouse Financial, Inc. 6.25% Junior Subordinated Debentures due 2058",6311,,,,,,,,,,,not_common_equity
BHFAM,"Brighthouse Financial, Inc. Depositary shares each representing a 1/1,000th Interest in a Share of 4.625% Non-Cumulative Preferred Stock, Series D",6311,,,,,,,,,,,not_common_equity
BHFAN,"Brighthouse Financial, Inc. Depositary shares, each representing a 1/1,000th interest in a share of 5.375% Non-Cumulative Preferred Stock, Series C",6311,,,,,,,,,,,not_common_equity
BHFAO,"Brighthouse Financial, Inc. Depositary Shares 6.75% Non-Cum Pfd Series B",6311,,,,,,,,,,,not_common_equity
BHIC,BIOSCIENCE HEALTH INNOV,,30,Consumer Staples,3010,Consumer Staples Distribution & Retail,301010,Consumer Staples Distribution & Retail,30101010,Drug Retail,0.650,yahoo,
BHM,"Bluerock Homes Trust, Inc.",6798,60,Real Estate,6010,Equity Real Estate Investment Trusts (REITs),601060,Residential REITs,60106020,Single-Family Residential REITs,0.900,model+crosswalk,
BHR,Braemar Hotels & Resorts Inc. Common Stock,6798,60,Real Estate,6010,Equity Real Estate Investment Trusts (REITs),601030,Hotel & Resort REITs,60103010,Hotel & Resort REITs,0.902,model+crosswalk,
BHRB,Burke & Herbert Financial Services Corp. Common Stock,6021,40,Financials,4010,Banks,401010,Banks,40101015,Regional Banks,0.935,model+crosswalk,
BHST,BioHarvest Sciences Inc. Common Stock,2834,30,Consumer Staples,3020,"Food, Beverage & Tobacco",302020,Food Products,30202030,Packaged Foods & Meats,0.600,model+crosswalk,
BHVN,Biohaven Ltd.,2834,35,Health Care,3520,"Pharmaceuticals, Biotechnology & Life Sciences",352010,Biotechnology,35201010,Biotechnology,0.900,model+crosswalk,
BIAF,"bioAffinity Technologies, Inc. Common Stock",8731,35,Health Care,3510,Health Care Equipment & Services,351020,Health Care Providers & Services,35102015,Health Care Services,0.600,yahoo,
BID,Tribeca Strategic Acquisition Corp. Class A Ordinary Shares,,,,,,,,,,,,shell_company
BIIB,Biogen Inc. Common Stock,2836,35,Health Care,3520,"Pharmaceuticals, Biotechnology & Life Sciences",352020,Pharmaceuticals,35202010,Pharmaceuticals,0.750,yahoo+sic,
BIII,Black Spade Acquisition III Co,6770,,,,,,,,,,,shell_company
BILL,"BILL Holdings, Inc.",7372,45,Information Technology,4510,Software & Services,451030,Software,45103010,Application Software,0.600,model+crosswalk,
BIMI,BIMI INTL MEDICAL INC,,30,Consumer Staples,3010,Consumer Staples Distribution & Retail,301010,Consumer Staples Distribution & Retail,30101010,Drug Retail,0.650,yahoo,
BIO,"Bio-Rad Laboratories, Inc.Class A",3826,35,Health Care,3510,Health Care Equipment & Services,351010,Health Care Equipment & Supplies,35101010,Health Care Equipment,0.700,yahoo+sic,
BIOA,"BioAge Labs, Inc. Common Stock",2834,35,Health Care,3520,"Pharmaceuticals, Biotechnology & Life Sciences",352020,Pharmaceuticals,35202010,Pharmaceuticals,0.750,yahoo+sic,
BIO.B,"Bio-Rad Laboratories, Inc. Class B",3826,35,Health Care,3510,Health Care Equipment & Services,351010,Health Care Equipment & Supplies,35101010,Health Care Equipment,0.700,yahoo+sic,
BIOQ,BIOQUAL INC,,35,Health Care,3520,"Pharmaceuticals, Biotechnology & Life Sciences",352030,Life Sciences Tools & Services,35203010,Life Sciences Tools & Services,0.902,model+crosswalk,
BIOT,Instinct Bio Technical Company Holdings Inc. Ordinary Shares,,30,Consumer Staples,3030,Household & Personal Products,303020,Personal Care Products,30302010,Personal Care Products,0.650,model+crosswalk,
BIOX,Bioceres Crop Solutions Corp. Ordinary Shares,2870,15,Materials,1510,Materials,151010,Chemicals,15101030,Fertilizers & Agricultural Chemicals,0.900,model+crosswalk,
BIP,Brookfield Infrastructure Partners L.P. Limited Partnership Units,4400,55,Utilities,5510,Utilities,551030,Multi-Utilities,55103010,Multi-Utilities,0.600,yahoo,
BIPC,Brookfield Infrastructure Corporation Class A Exchangeable Subordinate Voting Shares,4923,55,Utilities,5510,Utilities,551020,Gas Utilities,55102010,Gas Utilities,0.900,model+crosswalk,
BIRD,"Smartbird, Inc. Class A Common Stock",2300,45,Information Technology,4510,Software & Services,451030,Software,45103020,Systems Software,0.600,yahoo,
BIRK,Birkenstock Holding plc,3140,25,Consumer Discretionary,2520,Consumer Durables & Apparel,252030,"Textiles, Apparel & Luxury Goods",25203020,Footwear,0.912,model+crosswalk,
BIVI,"BioVie, Inc. Common Stock",2834,35,Health Care,3520,"Pharmaceuticals, Biotechnology & Life Sciences",352010,Biotechnology,35201010,Biotechnology,0.900,model+crosswalk,
BIXI,Bitcoin Infrastructure Acquisition Corp Ltd. Class A Ordinary Shares,6770,,,,,,,,,,,shell_company
BIYA,Baiya International Group Inc Class A Ordinary Shares,7361,45,Information Technology,4510,Software & Services,451030,Software,45103010,Application Software,0.600,model+crosswalk,
BJ,"BJs Wholesale Club Holdings, Inc. Common Stock",5331,30,Consumer Staples,3010,Consumer Staples Distribution & Retail,301010,Consumer Staples Distribution & Retail,30101040,Consumer Staples Merchandise Retail,0.900,model+crosswalk,
BJDX,"Bluejay Diagnostics, Inc. Common Stock",3841,35,Health Care,3510,Health Care Equipment & Services,351010,Health Care Equipment & Supplies,35101010,Health Care Equipment,0.900,model+crosswalk,
BJRI,"BJ's Restaurants, Inc.",5812,25,Consumer Discretionary,2530,Consumer Services,253010,"Hotels, Restaurants & Leisure",25301040,Restaurants,0.900,model+crosswalk,
BKD,"Brookdale Senior Living, Inc.",8050,35,Health Care,3510,Health Care Equipment & Services,351020,Health Care Providers & Services,35102020,Health Care Facilities,0.900,model+crosswalk,
BKE,"The Buckle, Inc.",5651,25,Consumer Discretionary,2550,Consumer Discretionary Distribution & Retail,255040,Specialty Retail,25504010,Apparel Retail,0.926,model+crosswalk,
BKGM,BANKGUAM HOLDING CO,,40,Financials,4010,Banks,401010,Banks,40101015,Regional Banks,0.650,model+crosswalk,
BKH,Black Hills Corporation,4911,55,Utilities,5510,Utilities,551020,Gas Utilities,55102010,Gas Utilities,0.750,yahoo+sic,
BKHA,Black Hawk Acquisition Corporation Class A Ordinary Shares,2836,,,,,,,,,,,shell_company
BKKT,"Bakkt, Inc.",6199,45,Information Technology,4510,Software & Services,451030,Software,45103020,Systems Software,0.600,yahoo,
BKNG,Booking Holdings Inc. Common Stock,4700,25,Consumer Discretionary,2530,Consumer Services,253010,"Hotels, Restaurants & Leisure",25301020,"Hotels, Resorts & Cruise Lines",0.600,yahoo,
BKR,Baker Hughes Company,3533,10,Energy,1010,Energy,101010,Energy Equipment & Services,10101020,Oil & Gas Equipment & Services,0.900,model+crosswalk,
BKRHF,BUNKA SHUTTER CO ORD,,,,,,,,,,,,no_evidence
BKSC,BANK OF SO CAROLINA CORP,,40,Financials,4010,Banks,401010,Banks,40101015,Regional Banks,0.650,model+crosswalk,
BKSY,BlackSky Technology Inc.,3663,20,Industrials,2020,Commercial & Professional Services,202010,Commercial Services & Supplies,20201070,Diversified Support Services,0.600,yahoo,
BKTI,BK Technologies Corporation,3663,45,Information Technology,4520,Technology Hardware & Equipment,452010,Communications Equipment,45201020,Communications Equipment,0.900,model+crosswalk,
BKU,"Bankunited, Inc.",6035,40,Financials,4010,Banks,401010,Banks,40101015,Regional Banks,0.900,model+crosswalk,
BKUT,BANK OF UTICA NY,,40,Financials,4010,Banks,401010,Banks,40101015,Regional Banks,0.650,model+crosswalk,
BKUTK,BANK OF UTICA NY NON VTG,,40,Financials,4010,Banks,401010,Banks,40101015,Regional Banks,0.650,model+crosswalk,
BKV,BKV Corporation,1311,10,Energy,1010,Energy,101020,"Oil, Gas & Consumable Fuels",10102020,Oil & Gas Exploration & Production,0.750,model+crosswalk,
BKYI,"BIO-key International, Inc. Common Stock",7372,45,Information Technology,4510,Software & Services,451030,Software,45103020,Systems Software,0.750,yahoo+sic,
BL,"BlackLine, Inc. Common Stock",7372,45,Information Technology,4510,Software & Services,451030,Software,45103010,Application Software,0.900,model+crosswalk,
BLBD,Blue Bird Corporation Common Stock,3713,20,Industrials,2010,Capital Goods,201060,Machinery,20106010,Construction Machinery & Heavy Transportation Equipment,0.900,model+crosswalk,
BLCO,Bausch + Lomb Corporation,3851,35,Health Care,3510,Health Care Equipment & Services,351010,Health Care Equipment & Supplies,35101020,Health Care Supplies,0.900,model+crosswalk,
BLDP,Ballard Power Systems Inc.,3620,20,Industrials,2010,Capital Goods,201040,Electrical Equipment,20104020,Heavy Electrical Equipment,0.750,yahoo+sic,
BLDR,"Builders FirstSource, Inc.",5211,20,Industrials,2010,Capital Goods,201020,Building Products,20102010,Building Products,0.600,model+crosswalk,
BLEG,BRANDED LEGACY INC,,35,Health Care,3520,"Pharmaceuticals, Biotechnology & Life Sciences",352020,Pharmaceuticals,35202010,Pharmaceuticals,0.946,model+crosswalk,
BLFS,BioLife Solutions Inc.,3845,35,Health Care,3510,Health Care Equipment & Services,351010,Health Care Equipment & Supplies,35101020,Health Care Supplies,0.750,yahoo+sic,
BLHK,BLUEHARBOR BANK (NC),,40,Financials,4010,Banks,401010,Banks,40101015,Regional Banks,0.650,model+crosswalk,
BLIN,Bridgeline Digital Inc.,7372,45,Information Technology,4510,Software & Services,451030,Software,45103020,Systems Software,0.750,yahoo+sic,
BLIV,BeLive Holdings Ordinary Share,7373,45,Information Technology,4510,Software & Services,451030,Software,45103010,Application Software,0.750,model+crosswalk,
BLK,"Blackrock, Inc.",6211,40,Financials,4020,Financial Services,402030,Capital Markets,40203010,Asset Management & Custody Banks,0.750,model+crosswalk,
BLKB,"Blackbaud, Inc.",7372,45,Information Technology,4510,Software & Services,451030,Software,45103010,Application Software,0.900,model+crosswalk,
BLLN,"BillionToOne, Inc. Class A Common Stock",8071,35,Health Care,3520,"Pharmaceuticals, Biotechnology & Life Sciences",352030,Life Sciences Tools & Services,35203010,Life Sciences Tools & Services,0.900,model+crosswalk,
BLMC,BILOXI MARSH LANDS CORP,,10,Energy,1010,Energy,101020,"Oil, Gas & Consumable Fuels",10102020,Oil & Gas Exploration & Production,0.650,model+crosswalk,
BLMN,"Bloomin' Brands, Inc. Common Stock",5812,25,Consumer Discretionary,2530,Consumer Services,253010,"Hotels, Restaurants & Leisure",25301040,Restaurants,0.900,model+crosswalk,
BLND,"Blend Labs, Inc.",7370,45,Information Technology,4510,Software & Services,451030,Software,45103010,Application Software,0.900,model+crosswalk,
BLNE,"Beeline Holdings, Inc. Common Stock",6162,40,Financials,4020,Financial Services,402010,Financial Services,40201050,Commercial & Residential Mortgage Finance,0.900,model+crosswalk,
BLNK,Blink Charging Co. Common Stock,3690,20,Industrials,2010,Capital Goods,201030,Construction & Engineering,20103010,Construction & Engineering,0.750,yahoo+sic,
BLPG,BLUE LINE PROTECTION GRP,,20,Industrials,2020,Commercial & Professional Services,202010,Commercial Services & Supplies,20201080,Security & Alarm Services,0.650,model+crosswalk,
BLRK,Bluerock Acquisition Corp. Class A Ordinary Shares,6770,,,,,,,,,,,shell_company
BLSH,Bullish,6199,45,Information Technology,4510,Software & Services,451030,Software,45103020,Systems Software,0.600,yahoo,
BLSM,"BlossomHill Therapeutics, Inc. Common Stock",,35,Health Care,3520,"Pharmaceuticals, Biotechnology & Life Sciences",352010,Biotechnology,35201010,Biotechnology,0.650,model+crosswalk,
BLTH,AMERICAN BATTERY MATERIAL,,15,Materials,1510,Materials,151040,Metals & Mining,15104020,Diversified Metals & Mining,0.650,model+crosswalk,
BLUW,Blue Water Acquisition Corp. III Class A Ordinary Shares,6770,,,,,,,,,,,shell_company
BLX,"Bladex, Inc.",6029,40,Financials,4010,Banks,401010,Banks,40101015,Regional Banks,0.900,model+crosswalk,
BLZE,"Backblaze, Inc. Class A Common Stock",7372,45,Information Technology,4510,Software & Services,451030,Software,45103020,Systems Software,0.750,yahoo+sic,
BLZR,Trailblazer Acquisition Corp. Class A Ordinary Shares,6770,,,,,,,,,,,shell_company
BMB,"Bamboo Insurance Services, Inc.",,40,Financials,4030,Insurance,403010,Insurance,40301040,Property & Casualty Insurance,0.350,model+crosswalk,
BMBL,Bumble Inc. Class A Common Stock,7370,50,Communication Services,5020,Media & Entertainment,502030,Interactive Media & Services,50203010,Interactive Media & Services,0.600,model+crosswalk,
BMBN,BENCHMARK BANKSHARES INC,,40,Financials,4010,Banks,401010,Banks,40101015,Regional Banks,0.650,model+crosswalk,
BMEA,"Biomea Fusion, Inc. Common Stock",2834,35,Health Care,3520,"Pharmaceuticals, Biotechnology & Life Sciences",352010,Biotechnology,35201010,Biotechnology,0.900,model+crosswalk,
BMGL,Basel Medical Group Ltd Ordinary Shares,8011,35,Health Care,3510,Health Care Equipment & Services,351020,Health Care Providers & Services,35102020,Health Care Facilities,0.900,model+crosswalk,
BMHL,Bluemount Holdings Limited Class B Ordinary Shares,6199,40,Financials,4020,Financial Services,402030,Capital Markets,40203010,Asset Management & Custody Banks,0.900,model+crosswalk,
BMI,"Badger Meter, Inc.",3824,45,Information Technology,4520,Technology Hardware & Equipment,452030,"Electronic Equipment, Instruments & Components",45203010,Electronic Equipment & Instruments,0.900,model+crosswalk,
BMM,Blue Moon Metals Inc. Common Shares,1000,15,Materials,1510,Materials,151040,Metals & Mining,15104020,Diversified Metals & Mining,0.750,model+crosswalk,
BMNR,"BitMine Immersion Technologies, Inc.",6199,40,Financials,4020,Financial Services,402030,Capital Markets,40203020,Investment Banking & Brokerage,0.600,model+crosswalk,
BMO,Bank of Montreal,6029,40,Financials,4010,Banks,401010,Banks,40101010,Diversified Banks,0.750,yahoo+sic,
BMPA,"BMP AI TECHNOLOGIES, INC.",,45,Information Technology,4510,Software & Services,451030,Software,45103010,Application Software,0.711,model+crosswalk,
BMR,Beamr Imaging Ltd. Ordinary Share,7372,45,Information Technology,4510,Software & Services,451030,Software,45103010,Application Software,0.900,model+crosswalk,
BMRA,BIOMERICA INC,2835,35,Health Care,3510,Health Care Equipment & Services,351010,Health Care Equipment & Supplies,35101010,Health Care Equipment,0.750,model+crosswalk,
BMRC,Bank of Marin Bancorp,6022,40,Financials,4010,Banks,401010,Banks,40101015,Regional Banks,0.900,model+crosswalk,
BMRN,BioMarin Pharmaceuticals Inc,2834,35,Health Care,3520,"Pharmaceuticals, Biotechnology & Life Sciences",352010,Biotechnology,35201010,Biotechnology,0.900,model+crosswalk,
BMXC,BEMAX INC,,30,Consumer Staples,3030,Household & Personal Products,303010,Household Products,30301010,Household Products,0.650,yahoo,
BMY,Bristol-Myers Squibb Co.,2834,35,Health Care,3520,"Pharmaceuticals, Biotechnology & Life Sciences",352020,Pharmaceuticals,35202010,Pharmaceuticals,0.750,model+crosswalk,
BN,Brookfield Corporation,6512,40,Financials,4020,Financial Services,402030,Capital Markets,40203010,Asset Management & Custody Banks,0.600,model+crosswalk,
BNAI,Brand Engagement Network Inc. Common Stock,7373,45,Information Technology,4510,Software & Services,451030,Software,45103020,Systems Software,0.750,model+crosswalk,
BNC,BNB Standard Corporation Common Stock,0700,20,Industrials,2010,Capital Goods,201060,Machinery,20106015,Agricultural & Farm Machinery,0.600,yahoo,
BNED,"Barnes & Noble Education, Inc",5940,25,Consumer Discretionary,2550,Consumer Discretionary Distribution & Retail,255040,Specialty Retail,25504040,Other Specialty Retail,0.900,model+crosswalk,
BNGO,"Bionano Genomics, Inc. Common Stock",3826,35,Health Care,3510,Health Care Equipment & Services,351010,Health Care Equipment & Supplies,35101020,Health Care Supplies,0.700,yahoo+sic,
BNKK,"Bonk, Inc. Common Stock",2844,30,Consumer Staples,3020,"Food, Beverage & Tobacco",302010,Beverages,30201030,Soft Drinks & Non-alcoholic Beverages,0.700,model+crosswalk,
BNL,"Broadstone Net Lease, Inc.",6798,60,Real Estate,6010,Equity Real Estate Investment Trusts (REITs),601010,Diversified REITs,60101010,Diversified REITs,0.750,yahoo+sic,
BNS,Bank of Nova Scotia,6022,40,Financials,4010,Banks,401010,Banks,40101010,Diversified Banks,0.750,yahoo+sic,
BNT,Brookfield Wealth Solutions Ltd.,6399,40,Financials,4030,Insurance,403010,Insurance,40301030,Multi-line Insurance,0.952,model+crosswalk,
BNTC,Benitec Biopharma Inc. Common Stock,2834,35,Health Care,3520,"Pharmaceuticals, Biotechnology & Life Sciences",352010,Biotechnology,35201010,Biotechnology,0.900,model+crosswalk,
BNY,Bank of New York Mellon Corporation,6022,40,Financials,4010,Banks,401010,Banks,40101010,Diversified Banks,0.750,yahoo+sic,
BOBS,"Bobs Discount Furniture, Inc.",5712,25,Consumer Discretionary,2550,Consumer Discretionary Distribution & Retail,255040,Specialty Retail,25504060,Homefurnishing Retail,0.900,model+crosswalk,
BOC,Boston Omaha Corporation,6510,40,Financials,4020,Financial Services,402010,Financial Services,40201030,Multi-Sector Holdings,0.600,yahoo,
BODI,"The Beachbody Company, Inc. Class A Common Stock",5960,50,Communication Services,5020,Media & Entertainment,502030,Interactive Media & Services,50203010,Interactive Media & Services,0.600,model+crosswalk,
BOF,BranchOut Food Inc. Common Stock,2000,30,Consumer Staples,3020,"Food, Beverage & Tobacco",302020,Food Products,30202030,Packaged Foods & Meats,0.900,model+crosswalk,
BOH,Bank of Hawaii Corp.,6022,40,Financials,4010,Banks,401010,Banks,40101015,Regional Banks,0.900,model+crosswalk,
BOKF,BOK Financial Corp,6021,40,Financials,4010,Banks,401010,Banks,40101015,Regional Banks,0.900,model+crosswalk,
BOLD,"Boundless Bio, Inc. Common Stock",2834,35,Health Care,3520,"Pharmaceuticals, Biotechnology & Life Sciences",352010,Biotechnology,35201010,Biotechnology,0.900,model+crosswalk,
BOLT,"Bolt Biotherapeutics, Inc. Common Stock",2834,35,Health Care,3520,"Pharmaceuticals, Biotechnology & Life Sciences",352010,Biotechnology,35201010,Biotechnology,0.900,model+crosswalk,
BOMO,BOWMO INC,,45,Information Technology,4510,Software & Services,451030,Software,45103010,Application Software,0.987,model+crosswalk,
BON,Bon Natural Life Limited Class A Ordinary Shares,2833,15,Materials,1510,Materials,151010,Chemicals,15101050,Specialty Chemicals,0.600,model+crosswalk,
BONL,BONAL INTL INC,,20,Industrials,2010,Capital Goods,201060,Machinery,20106020,Industrial Machinery & Supplies & Components,0.708,model+crosswalk,
BOOM,DMC Global Inc. Common Stock,3390,20,Industrials,2010,Capital Goods,201050,Industrial Conglomerates,20105010,Industrial Conglomerates,0.600,yahoo,
BOOT,"Boot Barn Holdings, Inc.",5661,25,Consumer Discretionary,2550,Consumer Discretionary Distribution & Retail,255040,Specialty Retail,25504010,Apparel Retail,0.900,model+crosswalk,
BOPCF,BIOPHARMA CR PLC,,35,Health Care,3520,"Pharmaceuticals, Biotechnology & Life Sciences",352010,Biotechnology,35201010,Biotechnology,0.350,model+crosswalk,
BORR,Borr Drilling Limited,1381,10,Energy,1010,Energy,101010,Energy Equipment & Services,10101010,Oil & Gas Drilling,0.919,model+crosswalk,
BORT,BANK OF BOTETOURT BUCH VA,,40,Financials,4010,Banks,401010,Banks,40101015,Regional Banks,0.650,model+crosswalk,
BOSC,B.O.S. Better On-Line Solutions Ltd.,3576,45,Information Technology,4520,Technology Hardware & Equipment,452010,Communications Equipment,45201020,Communications Equipment,0.900,model+crosswalk,
BOT,"RoboStrategy, Inc. Common Stock",,40,Financials,4020,Financial Services,402030,Capital Markets,40203010,Asset Management & Custody Banks,0.650,model+crosswalk,
BOTJ,"Bank of the James Financial Group, Inc",6022,40,Financials,4010,Banks,401010,Banks,40101015,Regional Banks,0.900,model+crosswalk,
BOTY,LINGERIE FIGHTNG CHAMP,,50,Communication Services,5020,Media & Entertainment,502020,Entertainment,50202010,Movies & Entertainment,0.650,model+crosswalk,
BOW,Bowhead Specialty Holdings Inc.,6331,40,Financials,4030,Insurance,403010,Insurance,40301040,Property & Casualty Insurance,0.900,model+crosswalk,
BOX,"BOX, INC.",7372,45,Information Technology,4510,Software & Services,451030,Software,45103010,Application Software,0.900,model+crosswalk,
BOXL,Boxlight Corporation Class A Common Stock,8200,25,Consumer Discretionary,2520,Consumer Durables & Apparel,252010,Household Durables,25201010,Consumer Electronics,0.700,yahoo+sic,
BPAC,Blueport Acquisition Ltd Class A Ordinary Shares,6770,,,,,,,,,,,shell_company
BPOP,Popular Inc,6022,40,Financials,4010,Banks,401010,Banks,40101015,Regional Banks,0.900,model+crosswalk,
BPRE,Bluerock Private Real Estate Fund,,,,,,,,,,,,not_common_equity
BPRN,"Princeton Bancorp, Inc. Common Stock (PA)",6022,40,Financials,4010,Banks,401010,Banks,40101015,Regional Banks,0.900,model+crosswalk,
BPTH,BIO-PATH HOLDINGS INC,,35,Health Care,3520,"Pharmaceuticals, Biotechnology & Life Sciences",352010,Biotechnology,35201010,Biotechnology,0.650,model+crosswalk,
BPYPM,"Brookfield Property Partners L.P. 6.25% Class A Cumulative Redeemable Preferred Units, Series 1",,,,,,,,,,,,not_common_equity
BPYPN,"Brookfield Property Partners L.P. 5.750% Class A Cumulative Redeemable Perpetual Preferred Units, Series 3",6512,,,,,,,,,,,not_common_equity
BPYPO,"Brookfield Property Partners L.P. 6.375% Class A Cumulative Redeemable Perpetual Preferred Units, Series 2",6512,,,,,,,,,,,not_common_equity
BQ,Boqii Holding Limited,5990,25,Consumer Discretionary,2550,Consumer Discretionary Distribution & Retail,255040,Specialty Retail,25504040,Other Specialty Retail,0.900,model+crosswalk,
BR,Broadridge Financial Solutions Inc,7389,20,Industrials,2020,Commercial & Professional Services,202020,Professional Services,20202030,Data Processing & Outsourced Services,0.900,model+crosswalk,
BRAG,Bragg Gaming Group Inc. Common Shares,7377,25,Consumer Discretionary,2530,Consumer Services,253010,"Hotels, Restaurants & Leisure",25301010,Casinos & Gaming,0.600,model+crosswalk,
BRAI,Braiin Limited Common Stock,7374,45,Information Technology,4520,Technology Hardware & Equipment,452020,"Technology Hardware, Storage & Peripherals",45202030,"Technology Hardware, Storage & Peripherals",0.700,yahoo+sic,
BRBL,BREWBILT BREWING CO,,20,Industrials,2010,Capital Goods,201060,Machinery,20106020,Industrial Machinery & Supplies & Components,0.650,model+crosswalk,
BRBR,"BellRing Brands, Inc.",2000,30,Consumer Staples,3020,"Food, Beverage & Tobacco",302020,Food Products,30202030,Packaged Foods & Meats,0.900,model+crosswalk,
BRBS,"Blue Ridge Bankshares, Inc.",6022,40,Financials,4010,Banks,401010,Banks,40101015,Regional Banks,0.900,model+crosswalk,
BRC,Brady Corporation,3990,20,Industrials,2020,Commercial & Professional Services,202010,Commercial Services & Supplies,20201080,Security & Alarm Services,0.600,yahoo,
BRCB,"Black Rock Coffee Bar, Inc. Class A Common Stock",5810,25,Consumer Discretionary,2530,Consumer Services,253010,"Hotels, Restaurants & Leisure",25301040,Restaurants,0.900,model+crosswalk,
BRCC,BRC Inc.,2080,30,Consumer Staples,3020,"Food, Beverage & Tobacco",302020,Food Products,30202030,Packaged Foods & Meats,0.750,model+crosswalk,
BRDLF,BROADLEAF CO LTD,,45,Information Technology,4510,Software & Services,451030,Software,45103010,Application Software,0.825,model+crosswalk,
BREZ,Breeze Acquisition Corp. II Ordinary Shares,6770,,,,,,,,,,,shell_company
BRFH,Barfresh Food Group Inc. Common Stock,2030,30,Consumer Staples,3020,"Food, Beverage & Tobacco",302010,Beverages,30201030,Soft Drinks & Non-alcoholic Beverages,0.750,yahoo+sic,
BRGO,BERGIO INTL INC,,25,Consumer Discretionary,2520,Consumer Durables & Apparel,252030,"Textiles, Apparel & Luxury Goods",25203010,"Apparel, Accessories & Luxury Goods",0.650,model+crosswalk,
BRIA,BrilliA Inc,2300,25,Consumer Discretionary,2550,Consumer Discretionary Distribution & Retail,255040,Specialty Retail,25504010,Apparel Retail,0.700,yahoo+sic,
BRID,Bridgford Foods Corp,2013,30,Consumer Staples,3020,"Food, Beverage & Tobacco",302020,Food Products,30202030,Packaged Foods & Meats,0.900,model+crosswalk,
BRK.A,Berkshire Hathaway Inc.,6331,40,Financials,4030,Insurance,403010,Insurance,40301030,Multi-line Insurance,0.750,yahoo+sic,
BRK.B,BERKSHIRE HATHAWAY Class B,6331,40,Financials,4030,Insurance,403010,Insurance,40301030,Multi-line Insurance,0.750,yahoo+sic,
BRKH,Burtech Acquisition Corp II Class A Ordinary Shares,6770,,,,,,,,,,,shell_company
BRKR,Bruker Corporation,3826,35,Health Care,3510,Health Care Equipment & Services,351010,Health Care Equipment & Supplies,35101010,Health Care Equipment,0.700,yahoo+sic,
BRLL,BARREL ENERGY INC,,20,Industrials,2020,Commercial & Professional Services,202010,Commercial Services & Supplies,20201070,Diversified Support Services,0.650,yahoo,
BRLS,Borealis Foods Inc. Class A Common Shares,2000,30,Consumer Staples,3020,"Food, Beverage & Tobacco",302020,Food Products,30202030,Packaged Foods & Meats,0.900,model+crosswalk,
BRLT,"Brilliant Earth Group, Inc. Class A Common Stock",3910,25,Consumer Discretionary,2520,Consumer Durables & Apparel,252030,"Textiles, Apparel & Luxury Goods",25203010,"Apparel, Accessories & Luxury Goods",0.900,model+crosswalk,
BRN,"Barnwell Industries, Inc.",1311,10,Energy,1010,Energy,101020,"Oil, Gas & Consumable Fuels",10102020,Oil & Gas Exploration & Production,0.900,model+crosswalk,
BRNX,BrenX Ltd. Ordinary Shares,,,,,,,,,,,,no_evidence
BRO,"Brown & Brown, Inc.",6411,40,Financials,4030,Insurance,403010,Insurance,40301010,Insurance Brokers,0.900,model+crosswalk,
BROS,Dutch Bros Inc.,5810,25,Consumer Discretionary,2530,Consumer Services,253010,"Hotels, Restaurants & Leisure",25301040,Restaurants,0.900,model+crosswalk,
BRR,"ProCap Financial, Inc. Common Stock",6199,40,Financials,4020,Financial Services,402030,Capital Markets,40203020,Investment Banking & Brokerage,0.600,model+crosswalk,
BRSF,BRAIN SCIENTIFIC INC,,35,Health Care,3510,Health Care Equipment & Services,351010,Health Care Equipment & Supplies,35101010,Health Care Equipment,0.650,model+crosswalk,
BRSL,Brightstar Lottery PLC,7990,25,Consumer Discretionary,2530,Consumer Services,253010,"Hotels, Restaurants & Leisure",25301010,Casinos & Gaming,0.750,model+crosswalk,
BRSP,"BrightSpire Capital, Inc.",6798,40,Financials,4020,Financial Services,402040,Mortgage Real Estate Investment Trusts,40204010,Mortgage REITs,0.900,model+crosswalk,
BRT,BRT Apartments Corp,6798,60,Real Estate,6010,Equity Real Estate Investment Trusts (REITs),601060,Residential REITs,60106010,Multi-Family Residential REITs,0.900,model+crosswalk,
BRTM,B&R Technology Merger Corp. Class A Ordinary Shares,6770,,,,,,,,,,,shell_company
BRTX,"BioRestorative Therapies, Inc. Common Stock (NV)",8090,35,Health Care,3520,"Pharmaceuticals, Biotechnology & Life Sciences",352010,Biotechnology,35201010,Biotechnology,0.700,model+crosswalk,
BRUN,Boost Run Inc. Class A Common Stock,7374,45,Information Technology,4510,Software & Services,451020,IT Services,45102030,Internet Services & Infrastructure,0.900,model+crosswalk,
BRVE,"Braveheart Bio, Inc. Common Stock",,35,Health Care,3520,"Pharmaceuticals, Biotechnology & Life Sciences",352010,Biotechnology,35201010,Biotechnology,0.812,model+crosswalk,
BRX,BRIXMOR PROPERTY GROUP INC.,6798,60,Real Estate,6010,Equity Real Estate Investment Trusts (REITs),601070,Retail REITs,60107010,Retail REITs,0.900,model+crosswalk,
BRZE,"Braze, Inc. Class A Common Stock",7372,45,Information Technology,4510,Software & Services,451030,Software,45103010,Application Software,0.900,model+crosswalk,
BSAA,BEST SPAC I Acquisition Corp. Class A Ordinary Shares,8200,,,,,,,,,,,shell_company
BSBK,Bogota Financial Corp. Common Stock,6036,40,Financials,4010,Banks,401010,Banks,40101015,Regional Banks,0.900,model+crosswalk,
BSEM,"BioStem Technologies, Inc. Common Stock",,35,Health Care,3520,"Pharmaceuticals, Biotechnology & Life Sciences",352010,Biotechnology,35201010,Biotechnology,0.650,model+crosswalk,
BSET,Bassett Furniture Industries I,2511,25,Consumer Discretionary,2520,Consumer Durables & Apparel,252010,Household Durables,25201020,Home Furnishings,0.900,model+crosswalk,
BSFC,BLUE STAR FOODS CORP,,30,Consumer Staples,3020,"Food, Beverage & Tobacco",302020,Food Products,30202030,Packaged Foods & Meats,0.797,model+crosswalk,
BSHI,BOSS HOLDINGS INC,,25,Consumer Discretionary,2520,Consumer Durables & Apparel,252030,"Textiles, Apparel & Luxury Goods",25203020,Footwear,0.650,yahoo,
BSIN,Big Sky Industrial Inc. Common Stock,1311,10,Energy,1010,Energy,101020,"Oil, Gas & Consumable Fuels",10102020,Oil & Gas Exploration & Production,0.600,model+crosswalk,
BSKZF,BAMBUSER AB,,45,Information Technology,4510,Software & Services,451030,Software,45103010,Application Software,0.703,model+crosswalk,
BSM,"Black Stone Minerals, L.P.",1311,10,Energy,1010,Energy,101020,"Oil, Gas & Consumable Fuels",10102020,Oil & Gas Exploration & Production,0.900,model+crosswalk,
BSND,BOSTON SAND & GRAVEL,,15,Materials,1510,Materials,151020,Construction Materials,15102010,Construction Materials,0.650,model+crosswalk,
BSP,Bending Spoons S.p.A. Ordinary Shares,7370,45,Information Technology,4510,Software & Services,451030,Software,45103010,Application Software,0.900,model+crosswalk,
BSPA,BALLSTON SPA BNCRP INC,,40,Financials,4010,Banks,401010,Banks,40101015,Regional Banks,0.650,model+crosswalk,
BSPK,BESPOKE EXTRACTS INC,,35,Health Care,3520,"Pharmaceuticals, Biotechnology & Life Sciences",352020,Pharmaceuticals,35202010,Pharmaceuticals,0.694,model+crosswalk,
BSRR,Sierra Bancorp,6022,40,Financials,4010,Banks,401010,Banks,40101015,Regional Banks,0.900,model+crosswalk,
BSTT,BLACKSTONE RL EST CL1,,,,,,,,,,,,no_evidence
BSVN,Bank7 Corp. Common stock,6022,40,Financials,4010,Banks,401010,Banks,40101015,Regional Banks,0.900,model+crosswalk,
BSX,Boston Scientific Corp.,3841,35,Health Care,3510,Health Care Equipment & Services,351010,Health Care Equipment & Supplies,35101010,Health Care Equipment,0.900,model+crosswalk,
BSY,"Bentley Systems, Incorporated Class B Common Stock",7372,45,Information Technology,4510,Software & Services,451030,Software,45103010,Application Software,0.900,model+crosswalk,
BTAI,"BioXcel Therapeutics, Inc. Common Stock",2834,35,Health Care,3520,"Pharmaceuticals, Biotechnology & Life Sciences",352020,Pharmaceuticals,35202010,Pharmaceuticals,0.750,yahoo+sic,
BTBD,"BT Brands, Inc. Common Stock",5812,25,Consumer Discretionary,2530,Consumer Services,253010,"Hotels, Restaurants & Leisure",25301040,Restaurants,0.900,model+crosswalk,
BTBT,"Bit Digital, Inc. Ordinary Shares",6199,40,Financials,4020,Financial Services,402030,Capital Markets,40203020,Investment Banking & Brokerage,0.600,model+crosswalk,
BTCS,BTCS Inc. Common Stock,6199,40,Financials,4020,Financial Services,402030,Capital Markets,40203020,Investment Banking & Brokerage,0.750,model+crosswalk,
BTCT,BTC Digital Ltd. Ordinary Shares,6199,45,Information Technology,4520,Technology Hardware & Equipment,452020,"Technology Hardware, Storage & Peripherals",45202030,"Technology Hardware, Storage & Peripherals",0.700,model+crosswalk,
BTCY,BIOTRICITY INC,,35,Health Care,3510,Health Care Equipment & Services,351010,Health Care Equipment & Supplies,35101010,Health Care Equipment,0.918,model+crosswalk,
BTDR,Bitdeer Technologies Group Class A Ordinary Shares,6199,45,Information Technology,4510,Software & Services,451030,Software,45103010,Application Software,0.900,model+crosswalk,
BTE,Baytex Energy Corp.,1381,10,Energy,1010,Energy,101020,"Oil, Gas & Consumable Fuels",10102020,Oil & Gas Exploration & Production,0.750,model+crosswalk,
BTG,B2Gold Corp.,1040,15,Materials,1510,Materials,151040,Metals & Mining,15104030,Gold,0.900,model+crosswalk,
BTGO,"BitGo Holdings, Inc.",6199,40,Financials,4020,Financial Services,402030,Capital Markets,40203020,Investment Banking & Brokerage,0.750,model+crosswalk,
BTLN,"Brightline Interactive, Inc. Common Stock",7371,45,Information Technology,4510,Software & Services,451030,Software,45103020,Systems Software,0.750,yahoo+sic,
BTMD,Biote Corp. Class A Common Stock,2833,35,Health Care,3510,Health Care Equipment & Services,351020,Health Care Providers & Services,35102020,Health Care Facilities,0.600,model+crosswalk,
BTOC,Armlogi Holding Corp. common stock,4220,20,Industrials,2030,Transportation,203010,Air Freight & Logistics,20301010,Air Freight & Logistics,0.900,model+crosswalk,
BTOG,Bit Origin Limited Class A Ordinary Shares,6199,40,Financials,4020,Financial Services,402030,Capital Markets,40203040,Financial Exchanges & Data,0.600,model+crosswalk,
BTQ,BTQ Technologies Corp. Common Stock,7370,45,Information Technology,4510,Software & Services,451030,Software,45103020,Systems Software,0.750,yahoo+sic,
BTSG,"BrightSpring Health Services, Inc. Common Stock",8082,35,Health Care,3510,Health Care Equipment & Services,351030,Health Care Technology,35103010,Health Care Technology,0.750,yahoo+sic,
BTTC,Black Titan Corporation Ordinary Shares,7371,45,Information Technology,4510,Software & Services,451020,IT Services,45102010,IT Consulting & Other Services,0.550,sic,
BTTX,BETTER THERAPEUTICS INC,,35,Health Care,3520,"Pharmaceuticals, Biotechnology & Life Sciences",352010,Biotechnology,35201010,Biotechnology,0.760,model+crosswalk,
BTU,Peabody Energy Corporation,1221,15,Materials,1510,Materials,151040,Metals & Mining,15104050,Steel,0.900,model+crosswalk,
BTZI,BOTS INC,,45,Information Technology,4510,Software & Services,451030,Software,45103010,Application Software,0.987,model+crosswalk,
BUDA,"Buda Juice, Inc.",2080,30,Consumer Staples,3020,"Food, Beverage & Tobacco",302010,Beverages,30201030,Soft Drinks & Non-alcoholic Beverages,0.900,model+crosswalk,
BUKCF,BURCKHARDT COMPRESSION HL,,,,,,,,,,,,no_evidence
BULL,Webull Corporation Class A Ordinary Shares,6211,45,Information Technology,4510,Software & Services,451030,Software,45103010,Application Software,0.600,model+crosswalk,
BUR,Burford Capital Limited,6199,40,Financials,4020,Financial Services,402030,Capital Markets,40203010,Asset Management & Custody Banks,0.900,model+crosswalk,
BURCA,BURNHAM HLDGS INC A,,20,Industrials,2010,Capital Goods,201020,Building Products,20102010,Building Products,0.650,model+crosswalk,
BURCB,BURNHAM HLDGS INC B,,20,Industrials,2010,Capital Goods,201020,Building Products,20102010,Building Products,0.650,model+crosswalk,
BURL,"BURLINGTON STORES, INC.",5311,25,Consumer Discretionary,2550,Consumer Discretionary Distribution & Retail,255040,Specialty Retail,25504010,Apparel Retail,0.750,model+crosswalk,
BURU,"Nuburu, Inc.",3690,20,Industrials,2010,Capital Goods,201060,Machinery,20106020,Industrial Machinery & Supplies & Components,0.750,model+crosswalk,
BUSC,BLUE STAR GLOBAL INC,,,,,,,,,,,,shell_company
BUSE,First Busey Corporation Class A Common Stock,6022,40,Financials,4010,Banks,401010,Banks,40101015,Regional Banks,0.900,model+crosswalk,
BUUU,BUUU Group Limited Class A Ordinary Share,7900,20,Industrials,2020,Commercial & Professional Services,202010,Commercial Services & Supplies,20201070,Diversified Support Services,0.600,yahoo,
BV,"BrightView Holdings, Inc. Common Stock",0700,20,Industrials,2020,Commercial & Professional Services,202010,Commercial Services & Supplies,20201070,Diversified Support Services,0.600,yahoo,
BVC,BitVentures Limited Ordinary Shares,6282,45,Information Technology,4510,Software & Services,451030,Software,45103010,Application Software,0.600,model+crosswalk,
BVFL,"BV Financial, Inc. Common Stock",6035,40,Financials,4010,Banks,401010,Banks,40101015,Regional Banks,0.900,model+crosswalk,
BVS,Bioventus Inc. Class A Common Stock,3841,35,Health Care,3510,Health Care Equipment & Services,351010,Health Care Equipment & Supplies,35101010,Health Care Equipment,0.900,model+crosswalk,
BW,"Babcock & Wilcox Enterprises, Inc.",3433,20,Industrials,2010,Capital Goods,201060,Machinery,20106020,Industrial Machinery & Supplies & Components,0.750,model+crosswalk,
BWA,BorgWarner Inc.,3714,25,Consumer Discretionary,2510,Automobiles & Components,251010,Automobile Components,25101010,Automotive Parts & Equipment,0.900,model+crosswalk,
BWB,"Bridgewater Bancshares, Inc. Common Stock",6022,40,Financials,4010,Banks,401010,Banks,40101015,Regional Banks,0.900,model+crosswalk,
BWBBP,"Bridgewater Bancshares, Inc. Depositary Shares, Each Representing a 1/100th Interest in a Share of 5.875% Non-Cumulative Perpetual Preferred Stock, Series A",6022,,,,,,,,,,,not_common_equity
BWEL,BOSWELL (J G) CO,,15,Materials,1510,Materials,151010,Chemicals,15101030,Fertilizers & Agricultural Chemicals,0.688,model+crosswalk,
BWEN,"Broadwind, Inc. Common Stock",3360,20,Industrials,2010,Capital Goods,201060,Machinery,20106020,Industrial Machinery & Supplies & Components,0.900,model+crosswalk,
BWFG,Bankwell Financial Group Inc,6022,40,Financials,4010,Banks,401010,Banks,40101015,Regional Banks,0.900,model+crosswalk,
BWIN,"The Baldwin Insurance Group, Inc. Class A Common Stock",6411,40,Financials,4030,Insurance,403010,Insurance,40301010,Insurance Brokers,0.910,model+crosswalk,
BWIV,Blue Water Acquisition Corp. IV,6770,,,,,,,,,,,shell_company
BWLP,BW LPG Limited,4700,10,Energy,1010,Energy,101020,"Oil, Gas & Consumable Fuels",10102040,Oil & Gas Storage & Transportation,0.600,model+crosswalk,
BWMN,Bowman Consulting Group Ltd. Common Stock,8742,20,Industrials,2010,Capital Goods,201030,Construction & Engineering,20103010,Construction & Engineering,0.700,model+crosswalk,
BWMX,"Betterware de Mexico, S.A.P.I. de C.V.",5961,25,Consumer Discretionary,2550,Consumer Discretionary Distribution & Retail,255040,Specialty Retail,25504040,Other Specialty Retail,0.750,model+crosswalk,
BWXT,"BWX Technologies, Inc.",3510,20,Industrials,2010,Capital Goods,201010,Aerospace & Defense,20101010,Aerospace & Defense,0.750,model+crosswalk,
BX,Blackstone Inc.,6282,40,Financials,4020,Financial Services,402030,Capital Markets,40203010,Asset Management & Custody Banks,0.900,model+crosswalk,
BXBL,"BOXABL, Inc. Common stock",6770,25,Consumer Discretionary,2520,Consumer Durables & Apparel,252010,Household Durables,25201030,Homebuilding,0.600,model+crosswalk,
BXC,BlueLinx Holdings Inc.,5031,20,Industrials,2010,Capital Goods,201070,Trading Companies & Distributors,20107010,Trading Companies & Distributors,0.900,model+crosswalk,
BXDC,Blackstone Digital Infrastructure Trust Inc.,6500,60,Real Estate,6010,Equity Real Estate Investment Trusts (REITs),601080,Specialized REITs,60108050,Data Center REITs,0.750,yahoo+sic,
BXLC,BEXIL CORP,,40,Financials,4020,Financial Services,402030,Capital Markets,40203010,Asset Management & Custody Banks,0.770,model+crosswalk,
BXMT,"Blackstone Mortgage Trust, Inc. (NEW)",6798,40,Financials,4020,Financial Services,402040,Mortgage Real Estate Investment Trusts,40204010,Mortgage REITs,0.900,model+crosswalk,
BXP,"BXP, Inc.",6798,60,Real Estate,6010,Equity Real Estate Investment Trusts (REITs),601040,Office REITs,60104010,Office REITs,0.750,model+crosswalk,
BXSL,Blackstone Secured Lending Fund,,,,,,,,,,,,not_common_equity
BY,"Byline Bancorp, Inc. Common Stock",6022,40,Financials,4010,Banks,401010,Banks,40101015,Regional Banks,0.900,model+crosswalk,
BYAH,"Park Ha Biological Technology Co., Ltd. Ordinary Shares",2840,30,Consumer Staples,3030,Household & Personal Products,303020,Personal Care Products,30302010,Personal Care Products,0.900,model+crosswalk,
BYCRF,BAYCURRENT CONSULTING INC,,20,Industrials,2020,Commercial & Professional Services,202020,Professional Services,20202020,Research & Consulting Services,0.929,model+crosswalk,
BYD,Boyd Gaming Corporation,7011,25,Consumer Discretionary,2530,Consumer Services,253010,"Hotels, Restaurants & Leisure",25301020,"Hotels, Resorts & Cruise Lines",0.750,yahoo+sic,
BYFC,Broadway Financial Corp/Del,6035,40,Financials,4010,Banks,401010,Banks,40101015,Regional Banks,0.900,model+crosswalk,
BYLB,BOYLE BNCRP (BOYLE KY),,40,Financials,4010,Banks,401010,Banks,40101015,Regional Banks,0.650,yahoo,
BYND,"Beyond Meat, Inc. Common Stock",2000,30,Consumer Staples,3020,"Food, Beverage & Tobacco",302020,Food Products,30202030,Packaged Foods & Meats,0.900,model+crosswalk,
BYRN,"Byrna Technologies, Inc. Common Stock",3690,20,Industrials,2010,Capital Goods,201010,Aerospace & Defense,20101010,Aerospace & Defense,0.750,model+crosswalk,
BYSI,BeyondSpring Inc. Ordinary Shares,2834,35,Health Care,3520,"Pharmaceuticals, Biotechnology & Life Sciences",352010,Biotechnology,35201010,Biotechnology,0.900,model+crosswalk,
BZAI,"Blaize Holdings, Inc. Common Stock",3674,45,Information Technology,4510,Software & Services,451030,Software,45103010,Application Software,0.700,yahoo+sic,
BZFD,"BuzzFeed, Inc. Class A Common Stock",4899,50,Communication Services,5020,Media & Entertainment,502030,Interactive Media & Services,50203010,Interactive Media & Services,0.750,model+crosswalk,
BZH,"Beazer Homes USA, Inc. New",1531,25,Consumer Discretionary,2520,Consumer Durables & Apparel,252010,Household Durables,25201030,Homebuilding,0.900,model+crosswalk,
C,Citigroup Inc.,6021,40,Financials,4010,Banks,401010,Banks,40101010,Diversified Banks,0.750,yahoo+sic,
CAAP,Corporacion America Airports S.A.,4581,20,Industrials,2030,Transportation,203050,Transportation Infrastructure,20305010,Airport Services,0.947,model+crosswalk,
CAAS,"China Automotive Systems, Inc. Ordinary Share",3714,25,Consumer Discretionary,2510,Automobiles & Components,251010,Automobile Components,25101010,Automotive Parts & Equipment,0.900,model+crosswalk,
CABA,"Cabaletta Bio, Inc. Common Stock",2836,35,Health Care,3520,"Pharmaceuticals, Biotechnology & Life Sciences",352010,Biotechnology,35201010,Biotechnology,0.900,model+crosswalk,
CABO,"Cable One, Inc.",4841,50,Communication Services,5020,Media & Entertainment,502010,Media,50201030,Cable & Satellite,0.900,model+crosswalk,
CABR,"Caring Brands, Inc. Common Stock",2844,35,Health Care,3520,"Pharmaceuticals, Biotechnology & Life Sciences",352020,Pharmaceuticals,35202010,Pharmaceuticals,0.600,yahoo,
CAC,Camden National Corporation,6021,40,Financials,4010,Banks,401010,Banks,40101015,Regional Banks,0.900,model+crosswalk,
CACC,Credit Acceptance Corp,6141,40,Financials,4020,Financial Services,402020,Consumer Finance,40202010,Consumer Finance,0.900,model+crosswalk,
CACI,CACI INTERNATIONAL CLA,7373,45,Information Technology,4510,Software & Services,451020,IT Services,45102010,IT Consulting & Other Services,0.900,model+crosswalk,
CADL,"Candel Therapeutics, Inc. Common Stock",2836,35,Health Care,3520,"Pharmaceuticals, Biotechnology & Life Sciences",352010,Biotechnology,35201010,Biotechnology,0.900,model+crosswalk,
CAE,CAE Inc. Common Shares,3690,20,Industrials,2010,Capital Goods,201010,Aerospace & Defense,20101010,Aerospace & Defense,0.750,model+crosswalk,
CAES,"Cantor Equity Partners VII, Inc. Class A Ordinary Shares",6770,,,,,,,,,,,shell_company
CAG,"Conagra Brands, Inc.",2000,30,Consumer Staples,3020,"Food, Beverage & Tobacco",302020,Food Products,30202030,Packaged Foods & Meats,0.900,model+crosswalk,
CAH,"Cardinal Health, Inc.",5122,35,Health Care,3510,Health Care Equipment & Services,351020,Health Care Providers & Services,35102010,Health Care Distributors,0.927,model+crosswalk,
CAI,"Caris Life Sciences, Inc. Common Stock",8071,35,Health Care,3520,"Pharmaceuticals, Biotechnology & Life Sciences",352010,Biotechnology,35201010,Biotechnology,0.700,model+crosswalk,
CAII,Collective Acquisition Corp. II Class A Ordinary Shares,6770,,,,,,,,,,,shell_company
CAKE,Cheesecake Factory (The),5812,25,Consumer Discretionary,2530,Consumer Services,253010,"Hotels, Restaurants & Leisure",25301040,Restaurants,0.900,model+crosswalk,
CAL,Caleres Inc,3140,25,Consumer Discretionary,2550,Consumer Discretionary Distribution & Retail,255040,Specialty Retail,25504010,Apparel Retail,0.700,model+crosswalk,
CALA,CALITHERA BIOSCIENCES INC,,,,,,,,,,,,shell_company
CALC,"CalciMedica, Inc. Common Stock",2834,35,Health Care,3520,"Pharmaceuticals, Biotechnology & Life Sciences",352010,Biotechnology,35201010,Biotechnology,0.900,model+crosswalk,
CALM,Cal-Maine Foods Inc,0200,30,Consumer Staples,3020,"Food, Beverage & Tobacco",302020,Food Products,30202010,Agricultural Products & Services,0.900,model+crosswalk,
CALX,"CALIX, INC.",4899,45,Information Technology,4510,Software & Services,451030,Software,45103020,Systems Software,0.600,yahoo,
CALY,Callaway Golf Company,3949,25,Consumer Discretionary,2520,Consumer Durables & Apparel,252020,Leisure Products,25202010,Leisure Products,0.900,model+crosswalk,
CAMP,CAMP4 Therapeutics Corporation Common Stock,2834,35,Health Care,3520,"Pharmaceuticals, Biotechnology & Life Sciences",352010,Biotechnology,35201010,Biotechnology,0.900,model+crosswalk,
CAMT,Camtek Ltd,3827,45,Information Technology,4530,Semiconductors & Semiconductor Equipment,453010,Semiconductors & Semiconductor Equipment,45301010,Semiconductor Materials & Equipment,0.900,model+crosswalk,
CANG,Cango Inc.,6199,40,Financials,4020,Financial Services,402030,Capital Markets,40203020,Investment Banking & Brokerage,0.600,model+crosswalk,
CAOX,CALIF ORCHARD CO,,30,Consumer Staples,3020,"Food, Beverage & Tobacco",302020,Food Products,30202010,Agricultural Products & Services,0.650,model+crosswalk,
CAPL,CrossAmerica Partners LP Common units representing limited partner interests,5172,10,Energy,1010,Energy,101020,"Oil, Gas & Consumable Fuels",10102030,Oil & Gas Refining & Marketing,0.750,model+crosswalk,
CAPN,Cayson Acquisition Corp Ordinary shares,6770,,,,,,,,,,,shell_company
CAPR,Capricor Therapeutics Inc,2834,35,Health Care,3520,"Pharmaceuticals, Biotechnology & Life Sciences",352010,Biotechnology,35201010,Biotechnology,0.900,model+crosswalk,
CAPS,Capstone Holding Corp. Common Stock,5030,15,Materials,1510,Materials,151050,Paper & Forest Products,15105010,Forest Products,0.600,yahoo,
CAQ,Cambridge Acquisition Corp. Class A Ordinary Shares,6770,,,,,,,,,,,shell_company
CAR,"Avis Budget Group, Inc.",7510,20,Industrials,2030,Transportation,203040,Ground Transportation,20304040,Passenger Ground Transportation,0.903,model+crosswalk,
CARE,"Carter Bankshares, Inc. Common Stock",6021,40,Financials,4010,Banks,401010,Banks,40101015,Regional Banks,0.900,model+crosswalk,
CARG,"CarGurus, Inc. Class A Common Stock",7374,50,Communication Services,5020,Media & Entertainment,502030,Interactive Media & Services,50203010,Interactive Media & Services,0.900,model+crosswalk,
CARL,"Carlsmed, Inc. Common Stock",3841,35,Health Care,3510,Health Care Equipment & Services,351030,Health Care Technology,35103010,Health Care Technology,0.750,yahoo+sic,
CARR,Carrier Global Corporation,3585,20,Industrials,2010,Capital Goods,201020,Building Products,20102010,Building Products,0.900,model+crosswalk,
CARS,Cars.com Inc. Common Stock,7374,50,Communication Services,5020,Media & Entertainment,502030,Interactive Media & Services,50203010,Interactive Media & Services,0.900,model+crosswalk,
CART,Maplebear Inc. Common Stock,7389,25,Consumer Discretionary,2550,Consumer Discretionary Distribution & Retail,255030,Broadline Retail,25503030,Broadline Retail,0.600,yahoo,
CARV,CARVER BANCORP INC,,40,Financials,4010,Banks,401010,Banks,40101015,Regional Banks,0.650,model+crosswalk,
CASBF,CANSINO BIOLGICS REG H,,35,Health Care,3520,"Pharmaceuticals, Biotechnology & Life Sciences",352020,Pharmaceuticals,35202010,Pharmaceuticals,0.995,model+crosswalk,
CASH,"Pathward Financial, Inc. Common Stock",6021,40,Financials,4010,Banks,401010,Banks,40101015,Regional Banks,0.900,model+crosswalk,
CASS,Cass Information Systems Inc,7389,40,Financials,4020,Financial Services,402010,Financial Services,40201060,Transaction & Payment Processing Services,0.900,model+crosswalk,
CAST,"FreeCast, Inc. Class A Common Stock",7374,50,Communication Services,5020,Media & Entertainment,502010,Media,50201020,Broadcasting,0.750,yahoo+sic,
CASY,Casey's General Stores Inc,5500,25,Consumer Discretionary,2550,Consumer Discretionary Distribution & Retail,255040,Specialty Retail,25504040,Other Specialty Retail,0.750,model+crosswalk,
CAT,Caterpillar Inc.,3531,20,Industrials,2010,Capital Goods,201060,Machinery,20106010,Construction Machinery & Heavy Transportation Equipment,0.900,model+crosswalk,
CATL,Catalyst Acquisition Corp. Class A Ordinary Share,6770,,,,,,,,,,,shell_company
CATO,CATO CORP,5621,25,Consumer Discretionary,2550,Consumer Discretionary Distribution & Retail,255040,Specialty Retail,25504010,Apparel Retail,0.900,model+crosswalk,
CATX,"Perspective Therapeutics, Inc.",2834,35,Health Care,3510,Health Care Equipment & Services,351010,Health Care Equipment & Supplies,35101010,Health Care Equipment,0.700,yahoo+sic,
CATY,Cathay General Bancorp,6022,40,Financials,4010,Banks,401010,Banks,40101015,Regional Banks,0.900,model+crosswalk,
CAUUF,CENTAUR MEDIA PLC,,50,Communication Services,5020,Media & Entertainment,502010,Media,50201010,Advertising,0.913,model+crosswalk,
CAVA,"CAVA Group, Inc.",5812,25,Consumer Discretionary,2530,Consumer Services,253010,"Hotels, Restaurants & Leisure",25301040,Restaurants,0.900,model+crosswalk,
CB,Chubb Limited,6331,40,Financials,4030,Insurance,403010,Insurance,40301040,Property & Casualty Insurance,0.950,model+crosswalk,
CBAF,CITBA FINANCIAL CORP,,40,Financials,4010,Banks,401010,Banks,40101015,Regional Banks,0.703,model+crosswalk,
CBAN,Colony Bankcorp Inc.,6022,40,Financials,4010,Banks,401010,Banks,40101015,Regional Banks,0.909,model+crosswalk,
CBAT,CBAK Energy Technology Limited Ordinary Shares,3690,20,Industrials,2010,Capital Goods,201040,Electrical Equipment,20104010,Electrical Components & Equipment,0.943,model+crosswalk,
CBC,"Central Bancompany, Inc. Class A Common Stock",6022,40,Financials,4010,Banks,401010,Banks,40101015,Regional Banks,0.900,model+crosswalk,
CBDL,CBD LIFE SCIENCES INC,,35,Health Care,3520,"Pharmaceuticals, Biotechnology & Life Sciences",352020,Pharmaceuticals,35202010,Pharmaceuticals,0.827,model+crosswalk,
CBFC,CNB FINCL SVCS INC,,40,Financials,4010,Banks,401010,Banks,40101015,Regional Banks,0.650,yahoo,
CBFV,"CB Financial Services, Inc. (PA)",6022,40,Financials,4010,Banks,401010,Banks,40101015,Regional Banks,0.900,model+crosswalk,
CBHC,CBC HOLDINGS CO,,40,Financials,4010,Banks,401010,Banks,40101015,Regional Banks,0.650,model+crosswalk,
CBIO,"Crescent Biopharma, Inc. Common Stock",2834,35,Health Care,3520,"Pharmaceuticals, Biotechnology & Life Sciences",352010,Biotechnology,35201010,Biotechnology,0.900,model+crosswalk,
CBITF,BROADMEDIA CORP,,,,,,,,,,,,no_evidence
CBK,"Commercial Bancgroup, Inc. Common Stock",6022,40,Financials,4010,Banks,401010,Banks,40101015,Regional Banks,0.900,model+crosswalk,
CBKM,CONSUMERS BANCORP INC,,40,Financials,4010,Banks,401010,Banks,40101015,Regional Banks,0.650,model+crosswalk,
CBL,"CBL & Associates Properties, Inc.",6798,60,Real Estate,6010,Equity Real Estate Investment Trusts (REITs),601070,Retail REITs,60107010,Retail REITs,0.913,model+crosswalk,
CBLL,"CeriBell, Inc. Common Stock",3845,35,Health Care,3510,Health Care Equipment & Services,351010,Health Care Equipment & Supplies,35101010,Health Care Equipment,0.900,model+crosswalk,
CBMJ,CONSERVATIV BCST JRNL INC,,50,Communication Services,5020,Media & Entertainment,502030,Interactive Media & Services,50203010,Interactive Media & Services,0.905,model+crosswalk,
CBNA,"Chain Bridge Bancorp, Inc.",6021,40,Financials,4010,Banks,401010,Banks,40101015,Regional Banks,0.932,model+crosswalk,
CBNK,"Capital Bancorp, Inc.",6021,40,Financials,4010,Banks,401010,Banks,40101015,Regional Banks,0.900,model+crosswalk,
CBOE,"Cboe Global Markets, Inc.",6200,40,Financials,4020,Financial Services,402030,Capital Markets,40203040,Financial Exchanges & Data,0.900,model+crosswalk,
CBRE,"CBRE GROUP, INC.",6500,60,Real Estate,6020,Real Estate Management & Development,602010,Real Estate Management & Development,60201040,Real Estate Services,0.750,model+crosswalk,
CBRL,"Cracker Barrel Old Country Store, Inc,.",5812,25,Consumer Discretionary,2530,Consumer Services,253010,"Hotels, Restaurants & Leisure",25301040,Restaurants,0.900,model+crosswalk,
CBRS,Cerebras Systems Inc. Class A Common Stock,3674,45,Information Technology,4530,Semiconductors & Semiconductor Equipment,453010,Semiconductors & Semiconductor Equipment,45301020,Semiconductors,0.900,model+crosswalk,
CBSH,Commerce Bancshares Inc,6022,40,Financials,4010,Banks,401010,Banks,40101015,Regional Banks,0.900,model+crosswalk,
CBSU,CENTRAL BANK CORP,,40,Financials,4010,Banks,401010,Banks,40101015,Regional Banks,0.650,model+crosswalk,
CBT,Cabot Corporation,2890,15,Materials,1510,Materials,151010,Chemicals,15101050,Specialty Chemicals,0.901,model+crosswalk,
CBTN,CITIZENS BNCRP INVT INC A,,40,Financials,4010,Banks,401010,Banks,40101015,Regional Banks,0.650,model+crosswalk,
CBU,"Community Financial System, Inc.",6021,40,Financials,4010,Banks,401010,Banks,40101015,Regional Banks,0.900,model+crosswalk,
CBUS,"Cibus, Inc. Class A Common Stock",2870,35,Health Care,3520,"Pharmaceuticals, Biotechnology & Life Sciences",352010,Biotechnology,35201010,Biotechnology,0.600,model+crosswalk,
CBWA,COMMENCEMENT BANCORP INC,,40,Financials,4010,Banks,401010,Banks,40101015,Regional Banks,0.650,model+crosswalk,
CBZ,"CBIZ, Inc.",7389,20,Industrials,2020,Commercial & Professional Services,202010,Commercial Services & Supplies,20201070,Diversified Support Services,0.600,yahoo,
CC,The Chemours Company,2800,15,Materials,1510,Materials,151010,Chemicals,15101050,Specialty Chemicals,0.900,model+crosswalk,
CCAP,"Crescent Capital BDC, Inc. Common stock",,40,Financials,4020,Financial Services,402030,Capital Markets,40203010,Asset Management & Custody Banks,0.650,model+crosswalk,
CCAQ,Collective Acquisition Corp. Class A Ordinary Shares,6770,,,,,,,,,,,shell_company
CCB,Coastal Financial Corporation,6022,40,Financials,4010,Banks,401010,Banks,40101015,Regional Banks,0.900,model+crosswalk,
CCBC,CHINO COMML BANCORP (CA),,40,Financials,4010,Banks,401010,Banks,40101015,Regional Banks,0.650,model+crosswalk,
CCBG,Capital City Bank Group Inc,6022,40,Financials,4010,Banks,401010,Banks,40101015,Regional Banks,0.900,model+crosswalk,
CCC,CCC Intelligent Solutions Holdings Inc. Common Stock,7372,45,Information Technology,4510,Software & Services,451030,Software,45103010,Application Software,0.900,model+crosswalk,
CCCC,"C4 Therapeutics, Inc.",2836,35,Health Care,3520,"Pharmaceuticals, Biotechnology & Life Sciences",352010,Biotechnology,35201010,Biotechnology,0.900,model+crosswalk,
CCCT,Columbus Circle Capital Corp III Class A Ordinary Shares,6770,,,,,,,,,,,shell_company
CCD,Calamos Dynamic Convertible & Income Fund,,,,,,,,,,,,not_common_equity
CCEC,Capital Clean Energy Carriers Corp. Common Share,4412,20,Industrials,2030,Transportation,203030,Marine Transportation,20303010,Marine Transportation,0.900,model+crosswalk,
CCEL,Cryo-Cell International Inc.,8090,35,Health Care,3510,Health Care Equipment & Services,351020,Health Care Providers & Services,35102020,Health Care Facilities,0.750,yahoo+sic,
CCEP,Coca-Cola Europacific Partners plc Ordinary Shares,2086,30,Consumer Staples,3020,"Food, Beverage & Tobacco",302010,Beverages,30201030,Soft Drinks & Non-alcoholic Beverages,0.900,model+crosswalk,
CCFN,MUNCY COLUMBIA FNCL,,40,Financials,4010,Banks,401010,Banks,40101015,Regional Banks,0.650,model+crosswalk,
CCG,Cheche Group Inc. Class A Ordinary Shares,6411,50,Communication Services,5020,Media & Entertainment,502030,Interactive Media & Services,50203010,Interactive Media & Services,0.600,yahoo,
CCHH,CCH Holdings Ltd Class A Ordinary Shares,5812,25,Consumer Discretionary,2530,Consumer Services,253010,"Hotels, Restaurants & Leisure",25301040,Restaurants,0.900,model+crosswalk,
CCI,Crown Castle Inc.,6798,60,Real Estate,6010,Equity Real Estate Investment Trusts (REITs),601080,Specialized REITs,60108030,Telecom Tower REITs,0.947,model+crosswalk,
CCII,Cohen Circle Acquisition Corp. II Class A Ordinary Shares,6770,,,,,,,,,,,shell_company
CCJ,Cameco Corporation,1090,10,Energy,1010,Energy,101020,"Oil, Gas & Consumable Fuels",10102050,Coal & Consumable Fuels,0.900,model+crosswalk,
CCK,Crown Holdings Inc.,3411,15,Materials,1510,Materials,151030,Containers & Packaging,15103010,"Metal, Glass & Plastic Containers",0.900,model+crosswalk,
CCL,Carnival Corporation Ltd.,4400,25,Consumer Discretionary,2530,Consumer Services,253010,"Hotels, Restaurants & Leisure",25301020,"Hotels, Resorts & Cruise Lines",0.600,model+crosswalk,
CCLD,"CareCloud, Inc. Common Stock",7372,35,Health Care,3510,Health Care Equipment & Services,351020,Health Care Providers & Services,35102015,Health Care Services,0.750,yahoo+sic,
CCLTF,CHORI CO LTD,,,,,,,,,,,,no_evidence
CCNE,CNB Financial Corp/PA,6022,40,Financials,4010,Banks,401010,Banks,40101015,Regional Banks,0.900,model+crosswalk,
CCO,"Clear Channel Outdoor Holdings, Inc. Common Stock",7310,50,Communication Services,5020,Media & Entertainment,502010,Media,50201010,Advertising,0.900,model+crosswalk,
CCOI,"Cogent Communications Holdings, Inc.",4899,50,Communication Services,5010,Telecommunication Services,501010,Diversified Telecommunication Services,50101020,Integrated Telecommunication Services,0.700,yahoo+sic,
CCS,"CENTURY COMMUNITIES, INC.",1531,60,Real Estate,6020,Real Estate Management & Development,602010,Real Estate Management & Development,60201030,Real Estate Development,0.600,yahoo,
CCSI,"Consensus Cloud Solutions, Inc. Common Stock",7372,45,Information Technology,4510,Software & Services,451030,Software,45103020,Systems Software,0.750,yahoo+sic,
CCTG,CCSC Technology International Holdings Limited Class A Ordinary Shares,3640,20,Industrials,2010,Capital Goods,201040,Electrical Equipment,20104010,Electrical Components & Equipment,0.900,model+crosswalk,
CCXI,Churchill Capital Corp XI Class A Ordinary Shares,6770,,,,,,,,,,,shell_company
CCYY,CCCB BANCORP INC,,40,Financials,4010,Banks,401010,Banks,40101015,Regional Banks,0.650,model+crosswalk,
CD,Chaince Digital Holdings Inc. Ordinary Shares,6199,40,Financials,4020,Financial Services,402030,Capital Markets,40203020,Investment Banking & Brokerage,0.900,model+crosswalk,
CDAB,COEUR D ALENE BANCORP,,40,Financials,4010,Banks,401010,Banks,40101015,Regional Banks,0.650,model+crosswalk,
CDE,"Coeur Mining, Inc.",1040,15,Materials,1510,Materials,151040,Metals & Mining,15104030,Gold,0.856,model+crosswalk,
CDIO,Cardio Diagnostics Holdings Inc. Common stock,2835,35,Health Care,3520,"Pharmaceuticals, Biotechnology & Life Sciences",352010,Biotechnology,35201010,Biotechnology,0.900,model+crosswalk,
CDIX,CARDIFF LEXINGTN CORP,,35,Health Care,3510,Health Care Equipment & Services,351020,Health Care Providers & Services,35102020,Health Care Facilities,0.757,model+crosswalk,
CDLX,"Cardlytics, Inc. Common Stock",7370,50,Communication Services,5020,Media & Entertainment,502010,Media,50201010,Advertising,0.600,model+crosswalk,
CDNA,"CareDx, Inc.",8071,35,Health Care,3510,Health Care Equipment & Services,351020,Health Care Providers & Services,35102015,Health Care Services,0.900,model+crosswalk,
CDNL,Cardinal Infrastructure Group Inc. Class A Common Stock,1600,20,Industrials,2010,Capital Goods,201030,Construction & Engineering,20103010,Construction & Engineering,0.900,model+crosswalk,
CDNS,Cadence Design Systems,7372,45,Information Technology,4510,Software & Services,451030,Software,45103010,Application Software,0.900,model+crosswalk,
CDP,COPT Defense Properties,6798,60,Real Estate,6010,Equity Real Estate Investment Trusts (REITs),601040,Office REITs,60104010,Office REITs,0.750,model+crosswalk,
CDRE,"Cadre Holdings, Inc.",3842,20,Industrials,2010,Capital Goods,201010,Aerospace & Defense,20101010,Aerospace & Defense,0.600,model+crosswalk,
CDRO,"Codere Online Luxembourg, S.A. Ordinary Shares",7990,25,Consumer Discretionary,2530,Consumer Services,253010,"Hotels, Restaurants & Leisure",25301010,Casinos & Gaming,0.900,model+crosswalk,
CDT,CDT Equity Inc. Common Stock,2834,35,Health Care,3520,"Pharmaceuticals, Biotechnology & Life Sciences",352010,Biotechnology,35201010,Biotechnology,0.900,model+crosswalk,
CDTG,CDT Environmental Technology Investment Holdings Limited ordinary shares,4950,20,Industrials,2020,Commercial & Professional Services,202010,Commercial Services & Supplies,20201050,Environmental & Facilities Services,0.900,model+crosswalk,
CDW,CDW Corporation,5961,45,Information Technology,4510,Software & Services,451020,IT Services,45102010,IT Consulting & Other Services,0.600,model+crosswalk,
CDXS,"Codexis, Inc.",2860,35,Health Care,3520,"Pharmaceuticals, Biotechnology & Life Sciences",352010,Biotechnology,35201010,Biotechnology,0.600,model+crosswalk,
CDZI,"CADIZ, Inc.",4941,20,Industrials,2010,Capital Goods,201060,Machinery,20106020,Industrial Machinery & Supplies & Components,0.600,yahoo,
CE,Celanese Corporation Common Stock,2820,15,Materials,1510,Materials,151010,Chemicals,15101050,Specialty Chemicals,0.900,model+crosswalk,
CECO,Ceco Environmental Corp,3564,20,Industrials,2010,Capital Goods,201060,Machinery,20106020,Industrial Machinery & Supplies & Components,0.900,model+crosswalk,
CEEIF,CERES INC,,20,Industrials,2010,Capital Goods,201050,Industrial Conglomerates,20105010,Industrial Conglomerates,0.650,yahoo,
CEFC,COMML NATL FINCL CRP MICH,,40,Financials,4010,Banks,401010,Banks,40101015,Regional Banks,0.650,yahoo,
CEG,Constellation Energy Corporation Common Stock,4911,55,Utilities,5510,Utilities,551050,Independent Power and Renewable Electricity Producers,55105010,Independent Power Producers & Energy Traders,0.750,model+crosswalk,
CELC,Celcuity Inc. Common Stock,8071,35,Health Care,3520,"Pharmaceuticals, Biotechnology & Life Sciences",352010,Biotechnology,35201010,Biotechnology,0.700,model+crosswalk,
CELH,"Celsius Holdings, Inc. Common Stock",2086,30,Consumer Staples,3020,"Food, Beverage & Tobacco",302010,Beverages,30201030,Soft Drinks & Non-alcoholic Beverages,0.900,model+crosswalk,
CELU,Celularity Inc. Class A Common Stock,2834,35,Health Care,3520,"Pharmaceuticals, Biotechnology & Life Sciences",352010,Biotechnology,35201010,Biotechnology,0.900,model+crosswalk,
CELZ,"Creative Medical Technology Holdings, Inc. Common Stock",2836,35,Health Care,3520,"Pharmaceuticals, Biotechnology & Life Sciences",352010,Biotechnology,35201010,Biotechnology,0.900,model+crosswalk,
CENN,Cenntro Inc. Common Stock,3711,20,Industrials,2010,Capital Goods,201060,Machinery,20106010,Construction Machinery & Heavy Transportation Equipment,0.900,model+crosswalk,
CENT,Central Garden and Pet Co,5190,30,Consumer Staples,3020,"Food, Beverage & Tobacco",302020,Food Products,30202030,Packaged Foods & Meats,0.700,model+crosswalk,
CENTA,Central Garden & Pet Company,5190,30,Consumer Staples,3020,"Food, Beverage & Tobacco",302020,Food Products,30202030,Packaged Foods & Meats,0.700,model+crosswalk,
CENX,Century Aluminum Co,3334,15,Materials,1510,Materials,151040,Metals & Mining,15104010,Aluminum,0.902,model+crosswalk,
CEPF,"Cantor Equity Partners IV, Inc. Class A Ordinary Shares",6770,,,,,,,,,,,shell_company
CEPL,"Capstone Energy Plus, Inc. Common Stock",3510,20,Industrials,2010,Capital Goods,201060,Machinery,20106020,Industrial Machinery & Supplies & Components,0.750,model+crosswalk,
CEPO,"Cantor Equity Partners I, Inc. Class A Ordinary Shares",6770,,,,,,,,,,,shell_company
CEPS,"Cantor Equity Partners VI, Inc. Class A Ordinary Shares",6770,,,,,,,,,,,shell_company
CEPV,"Cantor Equity Partners V, Inc. Class A Ordinary Shares",6770,,,,,,,,,,,shell_company
CERS,Cerus Corp,3841,35,Health Care,3510,Health Care Equipment & Services,351010,Health Care Equipment & Supplies,35101010,Health Care Equipment,0.900,model+crosswalk,
CERT,"Certara, Inc. Common Stock",7372,35,Health Care,3510,Health Care Equipment & Services,351030,Health Care Technology,35103010,Health Care Technology,0.600,yahoo,
CETX,CEMTREX INC.,1700,45,Information Technology,4510,Software & Services,451030,Software,45103020,Systems Software,0.600,yahoo,
CETY,"Clean Energy Technologies, Inc. Common Stock",4924,20,Industrials,2010,Capital Goods,201060,Machinery,20106015,Agricultural & Farm Machinery,0.600,yahoo,
CEVA,CEVA Inc.,7370,45,Information Technology,4530,Semiconductors & Semiconductor Equipment,453010,Semiconductors & Semiconductor Equipment,45301020,Semiconductors,0.700,model+crosswalk,
CF,"CF Industries Holding, Inc.",2870,15,Materials,1510,Materials,151010,Chemicals,15101030,Fertilizers & Agricultural Chemicals,0.900,model+crosswalk,
CFBK,CF Bankshares Inc. Common Stock,6021,40,Financials,4010,Banks,401010,Banks,40101015,Regional Banks,0.900,model+crosswalk,
CFFI,C&F Financial Corp,6022,40,Financials,4010,Banks,401010,Banks,40101015,Regional Banks,0.956,model+crosswalk,
CFFN,"Capitol Federal Financial, Inc.",6035,40,Financials,4010,Banks,401010,Banks,40101015,Regional Banks,0.900,model+crosswalk,
CFG,"Citizens Financial Group, Inc.",6022,40,Financials,4010,Banks,401010,Banks,40101015,Regional Banks,0.900,model+crosswalk,
CFND,C1 Fund Inc.,,,,,,,,,,,,not_common_equity
CFR,Cullen/Frost Bankers Inc.,6021,40,Financials,4010,Banks,401010,Banks,40101015,Regional Banks,0.900,model+crosswalk,
CG,The Carlyle Group Inc. Common Stock,6282,40,Financials,4020,Financial Services,402030,Capital Markets,40203010,Asset Management & Custody Banks,0.900,model+crosswalk,
CGABL,The Carlyle Group Inc. 4.625% Subordinated Notes due 2061,,,,,,,,,,,,not_common_equity
CGAU,Centerra Gold Inc.,1040,15,Materials,1510,Materials,151040,Metals & Mining,15104030,Gold,0.900,model+crosswalk,
CGBD,"Carlyle Secured Lending, Inc. Common Stock",,40,Financials,4020,Financial Services,402030,Capital Markets,40203010,Asset Management & Custody Banks,0.650,model+crosswalk,
CGC,Canopy Growth Corporation Common Shares,2833,35,Health Care,3520,"Pharmaceuticals, Biotechnology & Life Sciences",352020,Pharmaceuticals,35202010,Pharmaceuticals,0.600,model+crosswalk,
CGCF,Cartesian Growth Corporation IV Class A Ordinary Shares,6770,,,,,,,,,,,shell_company
CGDUF,CHENGDU SIWI SCI & TECH,,,,,,,,,,,,no_evidence
CGEM,"Cullinan Therapeutics, Inc. Common Stock",2836,35,Health Care,3520,"Pharmaceuticals, Biotechnology & Life Sciences",352010,Biotechnology,35201010,Biotechnology,0.900,model+crosswalk,
CGEN,Compugen Ltd,2836,35,Health Care,3520,"Pharmaceuticals, Biotechnology & Life Sciences",352010,Biotechnology,35201010,Biotechnology,0.900,model+crosswalk,
CGIUF,ESR REIT UNIT NEW,,60,Real Estate,6010,Equity Real Estate Investment Trusts (REITs),601025,Industrial REITs,60102510,Industrial REITs,0.650,yahoo,
CGNT,Cognyte Software Ltd. Ordinary Shares,7372,45,Information Technology,4510,Software & Services,451030,Software,45103010,Application Software,0.900,model+crosswalk,
CGNX,Cognex Corp,3823,45,Information Technology,4520,Technology Hardware & Equipment,452030,"Electronic Equipment, Instruments & Components",45203010,Electronic Equipment & Instruments,0.900,model+crosswalk,
CGO,Calamos Global Total Return Fund,,,,,,,,,,,,not_common_equity
CGON,"CG Oncology, Inc. Common stock",2836,35,Health Care,3520,"Pharmaceuticals, Biotechnology & Life Sciences",352010,Biotechnology,35201010,Biotechnology,0.900,model+crosswalk,
CGSBF,CORPORATIVO FRAGUA,,30,Consumer Staples,3010,Consumer Staples Distribution & Retail,301010,Consumer Staples Distribution & Retail,30101010,Drug Retail,0.650,model+crosswalk,
CGTL,Creative Global Technology Holdings Limited Class A Ordinary Shares,5045,25,Consumer Discretionary,2550,Consumer Discretionary Distribution & Retail,255040,Specialty Retail,25504040,Other Specialty Retail,0.600,yahoo,
CGTX,"Cognition Therapeutics, Inc. Common Stock",2836,35,Health Care,3520,"Pharmaceuticals, Biotechnology & Life Sciences",352010,Biotechnology,35201010,Biotechnology,0.900,model+crosswalk,
CHAI,"Core AI Holdings, Inc. Common Shares",4812,50,Communication Services,5020,Media & Entertainment,502030,Interactive Media & Services,50203010,Interactive Media & Services,0.700,model+crosswalk,
CHAR,Charlton Aria Acquisition Corporation Class A Ordinary Shares,6770,,,,,,,,,,,shell_company
CHBH,CROGHAN BANCSHARES INC,,40,Financials,4010,Banks,401010,Banks,40101015,Regional Banks,0.650,model+crosswalk,
CHBOF,CHINA HEALTH TECH GRP HLD,,15,Materials,1510,Materials,151050,Paper & Forest Products,15105010,Forest Products,0.650,yahoo,
CHCI,"Comstock Holding Companies, Inc. Class A",6500,60,Real Estate,6020,Real Estate Management & Development,602010,Real Estate Management & Development,60201040,Real Estate Services,0.750,model+crosswalk,
CHCO,City Holding Co,6021,40,Financials,4010,Banks,401010,Banks,40101015,Regional Banks,0.900,model+crosswalk,
CHCT,"Community Healthcare Trust Incorporated Common Stock, $0.01 par value per share",6798,60,Real Estate,6010,Equity Real Estate Investment Trusts (REITs),601050,Health Care REITs,60105010,Health Care REITs,0.600,model+crosswalk,
CHD,"Church & Dwight Co., Inc.",2840,30,Consumer Staples,3030,Household & Personal Products,303020,Personal Care Products,30302010,Personal Care Products,0.900,model+crosswalk,
CHDN,Churchill Downs Inc,7948,25,Consumer Discretionary,2530,Consumer Services,253010,"Hotels, Restaurants & Leisure",25301010,Casinos & Gaming,0.900,model+crosswalk,
CHE,Chemed Corporation,8082,35,Health Care,3510,Health Care Equipment & Services,351020,Health Care Providers & Services,35102015,Health Care Services,0.900,model+crosswalk,
CHEC,Chenghe Acquisition III Co. Class A Ordinary Share,6770,,,,,,,,,,,shell_company
CHEF,The Chef's Warehouse Inc,5141,30,Consumer Staples,3010,Consumer Staples Distribution & Retail,301010,Consumer Staples Distribution & Retail,30101020,Food Distributors,0.900,model+crosswalk,
CHGA,Change Agents Corporation Common Stock,7371,60,Real Estate,6020,Real Estate Management & Development,602010,Real Estate Management & Development,60201040,Real Estate Services,0.600,yahoo,
CHGG,"CHEGG, INC.",8200,25,Consumer Discretionary,2530,Consumer Services,253020,Diversified Consumer Services,25302010,Education Services,0.900,model+crosswalk,
CHH,Choice Hotels Intnl.,7011,25,Consumer Discretionary,2530,Consumer Services,253010,"Hotels, Restaurants & Leisure",25301020,"Hotels, Resorts & Cruise Lines",0.900,model+crosswalk,
CHI,Calamos Convertible Opportunities and Income Fund,,,,,,,,,,,,not_common_equity
CHKP,Check Point Software Technologies Ltd,7372,45,Information Technology,4510,Software & Services,451030,Software,45103020,Systems Software,0.900,model+crosswalk,
CHMG,Chemung Financial Corp,6022,40,Financials,4010,Banks,401010,Banks,40101015,Regional Banks,0.900,model+crosswalk,
CHMI,CHERRY HILL MORTGAGE INVESTMENT CORPORATION,6798,40,Financials,4020,Financial Services,402040,Mortgage Real Estate Investment Trusts,40204010,Mortgage REITs,0.900,model+crosswalk,
CHNR,"China Natural Resources, Inc.",5190,15,Materials,1510,Materials,151040,Metals & Mining,15104020,Diversified Metals & Mining,0.600,model+crosswalk,
CHOW,ChowChow Cloud International Holdings Limited,7372,45,Information Technology,4510,Software & Services,451030,Software,45103020,Systems Software,0.750,yahoo+sic,
CHPG,ChampionsGate Acquisition Corporation Class A Ordinary Share,6770,,,,,,,,,,,shell_company
CHPT,"ChargePoint Holdings, Inc.",3690,25,Consumer Discretionary,2550,Consumer Discretionary Distribution & Retail,255040,Specialty Retail,25504040,Other Specialty Retail,0.600,yahoo,
CHR,"Cheer Holding, Inc. Class A Ordinary Share",7374,50,Communication Services,5020,Media & Entertainment,502010,Media,50201010,Advertising,0.600,model+crosswalk,
CHRD,Chord Energy Corporation Common Stock,1311,10,Energy,1010,Energy,101020,"Oil, Gas & Consumable Fuels",10102020,Oil & Gas Exploration & Production,0.921,model+crosswalk,
CHRN,ChronoScale Holdings Corporation Common Stock,3569,45,Information Technology,4510,Software & Services,451020,IT Services,45102010,IT Consulting & Other Services,0.600,yahoo,
CHRS,"Coherus Oncology, Inc. Common Stock",2836,35,Health Care,3520,"Pharmaceuticals, Biotechnology & Life Sciences",352010,Biotechnology,35201010,Biotechnology,0.900,model+crosswalk,
CHRW,"C.H. Robinson Worldwide, Inc.",4731,20,Industrials,2030,Transportation,203010,Air Freight & Logistics,20301010,Air Freight & Logistics,0.900,model+crosswalk,
CHSN,Chanson International Holding Class A Ordinary Shares,2000,25,Consumer Discretionary,2530,Consumer Services,253010,"Hotels, Restaurants & Leisure",25301040,Restaurants,0.600,yahoo,
CHTM,CHATHAM CORP,,20,Industrials,2010,Capital Goods,201060,Machinery,20106020,Industrial Machinery & Supplies & Components,0.650,yahoo,
CHTR,Charter Comm Inc Del CL A New,4841,50,Communication Services,5020,Media & Entertainment,502010,Media,50201030,Cable & Satellite,0.910,model+crosswalk,
CHUC,CHARLIES HOLDINGS INC,,30,Consumer Staples,3020,"Food, Beverage & Tobacco",302030,Tobacco,30203010,Tobacco,0.650,model+crosswalk,
CHW,Calamos Global Dynamic Income Fund,,,,,,,,,,,,not_common_equity
CHWY,"Chewy, Inc.",5961,25,Consumer Discretionary,2550,Consumer Discretionary Distribution & Retail,255040,Specialty Retail,25504040,Other Specialty Retail,0.900,model+crosswalk,
CHY,Calamos Convertible and High Income Fund,,,,,,,,,,,,not_common_equity
CHYM,"Chime Financial, Inc. Class A Common Stock",6199,45,Information Technology,4510,Software & Services,451030,Software,45103010,Application Software,0.600,model+crosswalk,
CI,The Cigna Group,6324,35,Health Care,3510,Health Care Equipment & Services,351020,Health Care Providers & Services,35102030,Managed Health Care,0.900,model+crosswalk,
CIA,"Citizens, Inc.",6311,40,Financials,4030,Insurance,403010,Insurance,40301020,Life & Health Insurance,0.900,model+crosswalk,
CICN,SMS ALTERNATIVES INC,,45,Information Technology,4510,Software & Services,451030,Software,45103010,Application Software,0.681,model+crosswalk,
CIEN,Ciena Corporation,3661,45,Information Technology,4520,Technology Hardware & Equipment,452010,Communications Equipment,45201020,Communications Equipment,0.900,model+crosswalk,
CIFR,Cipher Digital Inc. Common Stock,6199,45,Information Technology,4510,Software & Services,451020,IT Services,45102030,Internet Services & Infrastructure,0.600,model+crosswalk,
CIGI,Colliers International Group Inc. Subordinate Voting Shares,6531,60,Real Estate,6020,Real Estate Management & Development,602010,Real Estate Management & Development,60201040,Real Estate Services,0.900,model+crosswalk,
CIGL,Concorde International Group Ltd Class A Ordinary Shares,7381,20,Industrials,2020,Commercial & Professional Services,202010,Commercial Services & Supplies,20201080,Security & Alarm Services,0.902,model+crosswalk,
CIIT,"Tianci International, Inc. Common Stock",3576,20,Industrials,2030,Transportation,203010,Air Freight & Logistics,20301010,Air Freight & Logistics,0.600,model+crosswalk,
CIM,Chimera Investment Corp.,6798,40,Financials,4020,Financial Services,402040,Mortgage Real Estate Investment Trusts,40204010,Mortgage REITs,0.900,model+crosswalk,
CINF,Cincinnati Financial Corp,6331,40,Financials,4030,Insurance,403010,Insurance,40301040,Property & Casualty Insurance,0.900,model+crosswalk,
CING,Cingulate Inc. Common Stock,2834,35,Health Care,3520,"Pharmaceuticals, Biotechnology & Life Sciences",352010,Biotechnology,35201010,Biotechnology,0.900,model+crosswalk,
CINT,CI&T Inc,7371,45,Information Technology,4510,Software & Services,451030,Software,45103010,Application Software,0.900,model+crosswalk,
CION,CION Investment Corporation,,40,Financials,4020,Financial Services,402030,Capital Markets,40203010,Asset Management & Custody Banks,0.650,model+crosswalk,
CIRC,"Circle8 Group, Inc. Common Stock",7363,20,Industrials,2020,Commercial & Professional Services,202020,Professional Services,20202010,Human Resource & Employment Services,0.900,model+crosswalk,
CISO,"CISO Global, Inc. Common Stock",8742,45,Information Technology,4510,Software & Services,451030,Software,45103020,Systems Software,0.600,yahoo,
CISS,C3is Inc. Common Stock,4412,20,Industrials,2030,Transportation,203030,Marine Transportation,20303010,Marine Transportation,0.933,model+crosswalk,
CITR,CitroTech Inc.,2800,15,Materials,1510,Materials,151010,Chemicals,15101050,Specialty Chemicals,0.958,model+crosswalk,
CIVB,"Civista Bancshares, Inc.",6022,40,Financials,4010,Banks,401010,Banks,40101015,Regional Banks,0.900,model+crosswalk,
CIWV,CITZNS FINCL CORP W VA,,40,Financials,4010,Banks,401010,Banks,40101015,Regional Banks,0.650,yahoo,
CIX,Comp X International Inc.,3420,20,Industrials,2020,Commercial & Professional Services,202010,Commercial Services & Supplies,20201080,Security & Alarm Services,0.700,yahoo+sic,
CIZN,CITZNS HOLDINGS CO MISS,,40,Financials,4010,Banks,401010,Banks,40101015,Regional Banks,0.650,model+crosswalk,
CJMB,Callan JMB Inc. Common Stock,7389,20,Industrials,2030,Transportation,203010,Air Freight & Logistics,20301010,Air Freight & Logistics,0.900,model+crosswalk,
CKX,"CKX Lands, Inc.",1311,10,Energy,1010,Energy,101020,"Oil, Gas & Consumable Fuels",10102020,Oil & Gas Exploration & Production,0.900,model+crosswalk,
CL,Colgate-Palmolive Company,2844,30,Consumer Staples,3030,Household & Personal Products,303020,Personal Care Products,30302010,Personal Care Products,0.900,model+crosswalk,
CLAR,Clarus Corporation Common Stock,3949,25,Consumer Discretionary,2530,Consumer Services,253010,"Hotels, Restaurants & Leisure",25301030,Leisure Facilities,0.700,yahoo+sic,
CLB,Core Laboratories Inc.,1389,10,Energy,1010,Energy,101010,Energy Equipment & Services,10101020,Oil & Gas Equipment & Services,0.906,model+crosswalk,
CLBK,"Columbia Financial, Inc. Common Stock",6035,40,Financials,4010,Banks,401010,Banks,40101015,Regional Banks,0.900,model+crosswalk,
CLBR,Colombier Acquisition Corp. III,6770,,,,,,,,,,,shell_company
CLBT,Cellebrite DI Ltd. Class A Ordinary Shares,7372,45,Information Technology,4510,Software & Services,451030,Software,45103020,Systems Software,0.750,yahoo+sic,
CLDI,"Calidi Biotherapeutics, Inc.",2836,35,Health Care,3520,"Pharmaceuticals, Biotechnology & Life Sciences",352010,Biotechnology,35201010,Biotechnology,0.900,model+crosswalk,
CLDT,CHATHAM LODGING TRUST,6798,60,Real Estate,6010,Equity Real Estate Investment Trusts (REITs),601030,Hotel & Resort REITs,60103010,Hotel & Resort REITs,0.900,model+crosswalk,
CLDX,"Celldex Therapeutics, Inc",2835,35,Health Care,3520,"Pharmaceuticals, Biotechnology & Life Sciences",352010,Biotechnology,35201010,Biotechnology,0.900,model+crosswalk,
CLF,Cleveland-Cliffs Inc.,1000,15,Materials,1510,Materials,151040,Metals & Mining,15104050,Steel,0.900,model+crosswalk,
CLFD,"Clearfield, Inc.",3661,45,Information Technology,4520,Technology Hardware & Equipment,452010,Communications Equipment,45201020,Communications Equipment,0.900,model+crosswalk,
CLGN,CollPlant Biotechnologies Ltd Ordinary Shares,3842,35,Health Care,3520,"Pharmaceuticals, Biotechnology & Life Sciences",352010,Biotechnology,35201010,Biotechnology,0.700,model+crosswalk,
CLH,"Clean Harbors, Inc",4955,20,Industrials,2020,Commercial & Professional Services,202010,Commercial Services & Supplies,20201050,Environmental & Facilities Services,0.900,model+crosswalk,
CLIK,Click Holdings Limited Class A Ordinary Share,7361,20,Industrials,2020,Commercial & Professional Services,202020,Professional Services,20202010,Human Resource & Employment Services,0.900,model+crosswalk,
CLIR,ClearSign Technologies Corporation Common Stock (DE),3823,20,Industrials,2010,Capital Goods,201060,Machinery,20106020,Industrial Machinery & Supplies & Components,0.600,model+crosswalk,
CLMB,"Climb Global Solutions, Inc. Common Stock",5045,45,Information Technology,4520,Technology Hardware & Equipment,452030,"Electronic Equipment, Instruments & Components",45203030,Technology Distributors,0.900,model+crosswalk,
CLMT,"Calumet, Inc. Common Stock",2911,15,Materials,1510,Materials,151010,Chemicals,15101050,Specialty Chemicals,0.600,model+crosswalk,
CLNE,Clean Energy Fuels Corp.,4932,10,Energy,1010,Energy,101020,"Oil, Gas & Consumable Fuels",10102030,Oil & Gas Refining & Marketing,0.600,yahoo,
CLNN,Clene Inc. Common Stock,2834,30,Consumer Staples,3020,"Food, Beverage & Tobacco",302020,Food Products,30202030,Packaged Foods & Meats,0.600,yahoo,
CLOV,"Clover Health Investments, Corp",6324,35,Health Care,3510,Health Care Equipment & Services,351020,Health Care Providers & Services,35102030,Managed Health Care,0.900,model+crosswalk,
CLOW,CLOUDWEB INC,,,,,,,,,,,,shell_company
CLPR,Clipper Realty Inc. Common Stock,6798,60,Real Estate,6010,Equity Real Estate Investment Trusts (REITs),601060,Residential REITs,60106010,Multi-Family Residential REITs,0.900,model+crosswalk,
CLPS,CLPS Incorporation Common Stock,7372,45,Information Technology,4510,Software & Services,451020,IT Services,45102010,IT Consulting & Other Services,0.750,yahoo+sic,
CLPT,"ClearPoint Neuro, Inc. Common Stock",3841,35,Health Care,3510,Health Care Equipment & Services,351010,Health Care Equipment & Supplies,35101010,Health Care Equipment,0.900,model+crosswalk,
CLRB,Cellectar Biosciences INC NEW,2834,35,Health Care,3520,"Pharmaceuticals, Biotechnology & Life Sciences",352010,Biotechnology,35201010,Biotechnology,0.900,model+crosswalk,
CLRD,CLEARDAY INC,,35,Health Care,3510,Health Care Equipment & Services,351020,Health Care Providers & Services,35102020,Health Care Facilities,0.951,model+crosswalk,
CLRO,"ClearOne, Inc. Common Stock",3661,45,Information Technology,4520,Technology Hardware & Equipment,452010,Communications Equipment,45201020,Communications Equipment,0.900,model+crosswalk,
CLS,"Celestica, Inc.",3672,45,Information Technology,4520,Technology Hardware & Equipment,452030,"Electronic Equipment, Instruments & Components",45203015,Electronic Components,0.750,yahoo+sic,
CLSK,CLEANSPARK INC,6199,40,Financials,4020,Financial Services,402030,Capital Markets,40203020,Investment Banking & Brokerage,0.600,model+crosswalk,
CLST,"Catalyst Bancorp, Inc. Common Stock",6035,40,Financials,4010,Banks,401010,Banks,40101015,Regional Banks,0.900,model+crosswalk,
CLVFA,CLOVERLEAF KENNEL CLB A,,25,Consumer Discretionary,2520,Consumer Durables & Apparel,252020,Leisure Products,25202010,Leisure Products,0.755,model+crosswalk,
CLVT,Clarivate Plc,7374,45,Information Technology,4510,Software & Services,451020,IT Services,45102010,IT Consulting & Other Services,0.750,yahoo+sic,
CLW,Clearwater Paper Corporation,2631,15,Materials,1510,Materials,151030,Containers & Packaging,15103020,Paper & Plastic Packaging Products & Materials,0.750,model+crosswalk,
CLWT,Euro Tech Holdings Co Ltd. New,5040,20,Industrials,2010,Capital Goods,201060,Machinery,20106020,Industrial Machinery & Supplies & Components,0.750,model+crosswalk,
CLX,Clorox Company,2842,30,Consumer Staples,3030,Household & Personal Products,303020,Personal Care Products,30302010,Personal Care Products,0.750,model+crosswalk,
CLYM,"Climb Bio, Inc. Common Stock",2834,35,Health Care,3520,"Pharmaceuticals, Biotechnology & Life Sciences",352010,Biotechnology,35201010,Biotechnology,0.900,model+crosswalk,
CM,Canadian Imperial Bank of Commerce,6029,40,Financials,4010,Banks,401010,Banks,40101010,Diversified Banks,0.750,yahoo+sic,
CMBT,CMB.TECH NV,4412,10,Energy,1010,Energy,101020,"Oil, Gas & Consumable Fuels",10102040,Oil & Gas Storage & Transportation,0.600,yahoo,
CMC,Commercial Metals Company,3312,20,Industrials,2010,Capital Goods,201060,Machinery,20106020,Industrial Machinery & Supplies & Components,0.600,yahoo,
CMCL,Caledonia Mining Corporation Plc,1040,15,Materials,1510,Materials,151040,Metals & Mining,15104030,Gold,0.900,model+crosswalk,
CMCO,Columbus McKinnon Corp/NY,3531,20,Industrials,2010,Capital Goods,201060,Machinery,20106010,Construction Machinery & Heavy Transportation Equipment,0.900,model+crosswalk,
CMCSA,Comcast Corp,4841,50,Communication Services,5020,Media & Entertainment,502010,Media,50201030,Cable & Satellite,0.907,model+crosswalk,
CMCT,Creative Media & Community Trust Corporation Common stock,6798,60,Real Estate,6010,Equity Real Estate Investment Trusts (REITs),601040,Office REITs,60104010,Office REITs,0.750,model+crosswalk,
CMDB,Costamare Bulkers Holdings Limited,4400,20,Industrials,2030,Transportation,203030,Marine Transportation,20303010,Marine Transportation,0.900,model+crosswalk,
CME,CME Group Inc.,6200,40,Financials,4020,Financial Services,402030,Capital Markets,40203040,Financial Exchanges & Data,0.900,model+crosswalk,
CMG,"Chipotle Mexican Grill, Inc.",5812,25,Consumer Discretionary,2530,Consumer Services,253010,"Hotels, Restaurants & Leisure",25301040,Restaurants,0.900,model+crosswalk,
CMGHF,CHAODA MDRN AGRCLTRE HLDG,,30,Consumer Staples,3020,"Food, Beverage & Tobacco",302020,Food Products,30202010,Agricultural Products & Services,0.650,model+crosswalk,
CMHF,COMMUNITY HERITAGE FINCL,,40,Financials,4010,Banks,401010,Banks,40101015,Regional Banks,0.650,model+crosswalk,
CMI,Cummins Inc.,3510,20,Industrials,2010,Capital Goods,201060,Machinery,20106020,Industrial Machinery & Supplies & Components,0.900,model+crosswalk,
CMLMF,CML MICROSYSTEMS PLC,,,,,,,,,,,,no_evidence
CMND,Clearmind Medicine Inc. Common Shares,2834,35,Health Care,3520,"Pharmaceuticals, Biotechnology & Life Sciences",352010,Biotechnology,35201010,Biotechnology,0.900,model+crosswalk,
CMP,"Compass Minerals International, Inc.",1400,15,Materials,1510,Materials,151040,Metals & Mining,15104020,Diversified Metals & Mining,0.750,model+crosswalk,
CMPD,COMPUMED INC,,35,Health Care,3510,Health Care Equipment & Services,351030,Health Care Technology,35103010,Health Care Technology,0.650,yahoo,
CMPR,Cimpress PLC Ordinary Shares (Ireland),2750,20,Industrials,2020,Commercial & Professional Services,202010,Commercial Services & Supplies,20201010,Commercial Printing,0.900,model+crosswalk,
CMPX,"Compass Therapeutics, Inc. Common Stock",2836,35,Health Care,3520,"Pharmaceuticals, Biotechnology & Life Sciences",352010,Biotechnology,35201010,Biotechnology,0.900,model+crosswalk,
CMRB,FIRST COMMERCE BANCORP,,40,Financials,4010,Banks,401010,Banks,40101015,Regional Banks,0.650,model+crosswalk,
CMRC,"Commerce.com, Inc. Series 1 Common Stock",7372,45,Information Technology,4510,Software & Services,451030,Software,45103010,Application Software,0.900,model+crosswalk,
CMRE,Costamare Inc.,4412,20,Industrials,2030,Transportation,203030,Marine Transportation,20303010,Marine Transportation,0.900,model+crosswalk,
CMRF,CIM REAL ESTTE FIN TR INC,,60,Real Estate,6010,Equity Real Estate Investment Trusts (REITs),601010,Diversified REITs,60101010,Diversified REITs,0.650,model+crosswalk,
CMS,CMS Energy Corporation,4931,55,Utilities,5510,Utilities,551010,Electric Utilities,55101010,Electric Utilities,0.750,model+crosswalk,
CMT,"Core Molding Technologies, Inc.",3089,15,Materials,1510,Materials,151010,Chemicals,15101050,Specialty Chemicals,0.600,model+crosswalk,
CMTG,"Claros Mortgage Trust, Inc.",6500,40,Financials,4020,Financial Services,402040,Mortgage Real Estate Investment Trusts,40204010,Mortgage REITs,0.637,model+crosswalk,
CMTL,Comtech Telecommunications,3663,45,Information Technology,4520,Technology Hardware & Equipment,452010,Communications Equipment,45201020,Communications Equipment,0.900,model+crosswalk,
CMTV,Community Bancorp. Common Stock,6021,40,Financials,4010,Banks,401010,Banks,40101015,Regional Banks,0.900,model+crosswalk,
CMULF,IRON BEAR RES LTD,,15,Materials,1510,Materials,151040,Metals & Mining,15104020,Diversified Metals & Mining,0.650,model+crosswalk,
CNA,CNA Financial Corporation,6331,40,Financials,4030,Insurance,403010,Insurance,40301040,Property & Casualty Insurance,0.904,model+crosswalk,
CNBA,CHESTER BANCORP INC,,40,Financials,4010,Banks,401010,Banks,40101015,Regional Banks,0.650,model+crosswalk,
CNBP,CORNERSTONE BANCORP INC,,40,Financials,4010,Banks,401010,Banks,40101015,Regional Banks,0.650,model+crosswalk,
CNBW,CNB CORP CONWAY SC,,40,Financials,4010,Banks,401010,Banks,40101015,Regional Banks,0.650,model+crosswalk,
CNBX,CNBX PHARMACEUTICAL INC,,35,Health Care,3520,"Pharmaceuticals, Biotechnology & Life Sciences",352010,Biotechnology,35201010,Biotechnology,0.661,model+crosswalk,
CNBZ,CNB CORP MI,,40,Financials,4010,Banks,401010,Banks,40101015,Regional Banks,0.650,yahoo,
CNC,Centene Corporation,6324,35,Health Care,3510,Health Care Equipment & Services,351020,Health Care Providers & Services,35102030,Managed Health Care,0.900,model+crosswalk,
CNCK,Coincheck Group N.V. Ordinary Shares,6199,40,Financials,4020,Financial Services,402030,Capital Markets,40203010,Asset Management & Custody Banks,0.900,model+crosswalk,
CNDT,Conduent Incorporated Common Stock,7389,40,Financials,4020,Financial Services,402010,Financial Services,40201060,Transaction & Payment Processing Services,0.900,model+crosswalk,
CNET,ZW Data Action Technologies Inc. Common Stock,7370,50,Communication Services,5020,Media & Entertainment,502010,Media,50201010,Advertising,0.750,model+crosswalk,
CNEY,CN Energy Group Inc. Class A Ordinary Shares,2860,15,Materials,1510,Materials,151010,Chemicals,15101050,Specialty Chemicals,0.750,model+crosswalk,
CNFN,CFN ENTERPRISES INC,,50,Communication Services,5020,Media & Entertainment,502010,Media,50201010,Advertising,0.718,model+crosswalk,
CNH,CNH INDUSTRIAL N.V.,3531,20,Industrials,2010,Capital Goods,201060,Machinery,20106015,Agricultural & Farm Machinery,0.750,yahoo+sic,
CNI,Canadian National Railway,4011,20,Industrials,2030,Transportation,203040,Ground Transportation,20304010,Rail Transportation,0.900,model+crosswalk,
CNK,"Cinemark Holdings, Inc.",7830,50,Communication Services,5020,Media & Entertainment,502020,Entertainment,50202010,Movies & Entertainment,0.900,model+crosswalk,
CNL,Collective Mining Ltd. Common Shares,1040,15,Materials,1510,Materials,151040,Metals & Mining,15104030,Gold,0.750,model+crosswalk,
CNM,"Core & Main, Inc.",5099,20,Industrials,2010,Capital Goods,201070,Trading Companies & Distributors,20107010,Trading Companies & Distributors,0.600,model+crosswalk,
CNMD,CONMED Corporation,3845,35,Health Care,3510,Health Care Equipment & Services,351010,Health Care Equipment & Supplies,35101010,Health Care Equipment,0.900,model+crosswalk,
CNND,CANADAIGUA NATL CORP,,40,Financials,4010,Banks,401010,Banks,40101015,Regional Banks,0.650,model+crosswalk,
CNNE,"Cannae Holdings, Inc. Common Stock",5810,25,Consumer Discretionary,2530,Consumer Services,253010,"Hotels, Restaurants & Leisure",25301040,Restaurants,0.900,model+crosswalk,
CNO,"CNO Financial Group, Inc.",6321,40,Financials,4030,Insurance,403010,Insurance,40301020,Life & Health Insurance,0.900,model+crosswalk,
CNOB,Center Bancorp Inc,6022,40,Financials,4010,Banks,401010,Banks,40101015,Regional Banks,0.900,model+crosswalk,
CNOBP,"ConnectOne Bancorp, Inc. Depositary Shares, each representing a 1/40th interest in a share of 5.25% Fixed-Rate Reset Non-Cumulative Perpetual Preferred Stock, Series A",6022,,,,,,,,,,,not_common_equity
CNP,"CenterPoint Energy, Inc.",4911,55,Utilities,5510,Utilities,551010,Electric Utilities,55101010,Electric Utilities,0.902,model+crosswalk,
CNQ,Canadian Natural Resources Limited,1311,10,Energy,1010,Energy,101020,"Oil, Gas & Consumable Fuels",10102020,Oil & Gas Exploration & Production,0.750,model+crosswalk,
CNR,"Core Natural Resources, Inc.",1220,15,Materials,1510,Materials,151040,Metals & Mining,15104050,Steel,0.900,model+crosswalk,
CNS,Cohen & Steers Inc.,6282,40,Financials,4020,Financial Services,402030,Capital Markets,40203010,Asset Management & Custody Banks,0.900,model+crosswalk,
CNSP,"CNS Pharmaceuticals, Inc. Common Stock",2834,35,Health Care,3520,"Pharmaceuticals, Biotechnology & Life Sciences",352010,Biotechnology,35201010,Biotechnology,0.900,model+crosswalk,
CNSY,"Cerenome, Inc. Common Stock",,35,Health Care,3520,"Pharmaceuticals, Biotechnology & Life Sciences",352010,Biotechnology,35201010,Biotechnology,0.650,model+crosswalk,
CNTB,Connect Biopharma Holdings Limited Ordinary Shares,2834,35,Health Care,3520,"Pharmaceuticals, Biotechnology & Life Sciences",352010,Biotechnology,35201010,Biotechnology,0.900,model+crosswalk,
CNTN,"Canton Strategic Holdings, Inc. Common Stock",2834,35,Health Care,3520,"Pharmaceuticals, Biotechnology & Life Sciences",352010,Biotechnology,35201010,Biotechnology,0.900,model+crosswalk,
CNTX,Context Therapeutics Inc. Common Stock,2834,35,Health Care,3520,"Pharmaceuticals, Biotechnology & Life Sciences",352010,Biotechnology,35201010,Biotechnology,0.900,model+crosswalk,
CNTY,Century Casinos Inc,7011,25,Consumer Discretionary,2530,Consumer Services,253010,"Hotels, Restaurants & Leisure",25301010,Casinos & Gaming,0.900,model+crosswalk,
CNVS,Cineverse Corp. Class A Common Stock,7841,50,Communication Services,5020,Media & Entertainment,502020,Entertainment,50202010,Movies & Entertainment,0.900,model+crosswalk,
CNX,CNX Resources Corporation,1311,10,Energy,1010,Energy,101020,"Oil, Gas & Consumable Fuels",10102020,Oil & Gas Exploration & Production,0.750,model+crosswalk,
CNXC,Concentrix Corporation Common Stock,7389,20,Industrials,2020,Commercial & Professional Services,202020,Professional Services,20202030,Data Processing & Outsourced Services,0.900,model+crosswalk,
CNXN,PC Connection Inc,5045,45,Information Technology,4520,Technology Hardware & Equipment,452030,"Electronic Equipment, Instruments & Components",45203030,Technology Distributors,0.900,model+crosswalk,
CNXU,Conexeu Sciences Inc. Common Stock,3842,35,Health Care,3520,"Pharmaceuticals, Biotechnology & Life Sciences",352010,Biotechnology,35201010,Biotechnology,0.700,model+crosswalk,
COAG,"Hemab Therapeutics Holdings, Inc. Common Stock",2836,35,Health Care,3520,"Pharmaceuticals, Biotechnology & Life Sciences",352010,Biotechnology,35201010,Biotechnology,0.900,model+crosswalk,
COCH,"Envoy Medical, Inc. Class A Common Stock",3842,35,Health Care,3510,Health Care Equipment & Services,351010,Health Care Equipment & Supplies,35101010,Health Care Equipment,0.750,yahoo+sic,
COCO,"The Vita Coco Company, Inc. Common Stock",2080,30,Consumer Staples,3020,"Food, Beverage & Tobacco",302010,Beverages,30201030,Soft Drinks & Non-alcoholic Beverages,0.900,model+crosswalk,
COCP,"Cocrystal Pharma, Inc. Common Stock",2834,35,Health Care,3520,"Pharmaceuticals, Biotechnology & Life Sciences",352010,Biotechnology,35201010,Biotechnology,0.900,model+crosswalk,
CODA,"Coda Octopus Group, Inc. Common stock",3812,20,Industrials,2010,Capital Goods,201010,Aerospace & Defense,20101010,Aerospace & Defense,0.900,model+crosswalk,
CODI,Compass Diversified,2510,40,Financials,4020,Financial Services,402010,Financial Services,40201030,Multi-Sector Holdings,0.600,yahoo,
CODX,"Co-Diagnostics, Inc. Common Stock",3841,35,Health Care,3510,Health Care Equipment & Services,351010,Health Care Equipment & Supplies,35101010,Health Care Equipment,0.900,model+crosswalk,
COF,Capital One Financial,6021,40,Financials,4020,Financial Services,402010,Financial Services,40201040,Specialized Finance,0.700,yahoo+sic,
COFS,CHOICEONE FINANCIAL,6022,40,Financials,4010,Banks,401010,Banks,40101015,Regional Banks,0.900,model+crosswalk,
COGT,"Cogent Biosciences, Inc. Common Stock",2834,35,Health Care,3520,"Pharmaceuticals, Biotechnology & Life Sciences",352010,Biotechnology,35201010,Biotechnology,0.900,model+crosswalk,
COHN,Cohen & Company Inc,6211,40,Financials,4020,Financial Services,402030,Capital Markets,40203010,Asset Management & Custody Banks,0.900,model+crosswalk,
COHR,Coherent Corp.,3827,45,Information Technology,4520,Technology Hardware & Equipment,452030,"Electronic Equipment, Instruments & Components",45203010,Electronic Equipment & Instruments,0.900,model+crosswalk,
COHU,Cohu Inc,3825,45,Information Technology,4530,Semiconductors & Semiconductor Equipment,453010,Semiconductors & Semiconductor Equipment,45301010,Semiconductor Materials & Equipment,0.700,model+crosswalk,
COIN,"Coinbase Global, Inc. Class A Common Stock",6199,40,Financials,4020,Financial Services,402030,Capital Markets,40203040,Financial Exchanges & Data,0.900,model+crosswalk,
COKE,"Coca-Cola Consolidated, Inc. Common Stock",2086,30,Consumer Staples,3020,"Food, Beverage & Tobacco",302010,Beverages,30201030,Soft Drinks & Non-alcoholic Beverages,0.963,model+crosswalk,
COLA,Columbus Acquisition Corp Ordinary Shares,6770,,,,,,,,,,,shell_company
COLB,Columbia Banking Systems Inc,6022,40,Financials,4010,Banks,401010,Banks,40101015,Regional Banks,0.900,model+crosswalk,
COLD,"Americold Realty Trust, Inc.",6798,60,Real Estate,6010,Equity Real Estate Investment Trusts (REITs),601025,Industrial REITs,60102510,Industrial REITs,0.900,model+crosswalk,
COLL,"Collegium Pharmaceutical, Inc. Common Stock",2834,35,Health Care,3520,"Pharmaceuticals, Biotechnology & Life Sciences",352020,Pharmaceuticals,35202010,Pharmaceuticals,0.750,model+crosswalk,
COLM,Columbia Sportswear Co,2300,25,Consumer Discretionary,2520,Consumer Durables & Apparel,252030,"Textiles, Apparel & Luxury Goods",25203010,"Apparel, Accessories & Luxury Goods",0.900,model+crosswalk,
COMP,"Compass, Inc.",6531,60,Real Estate,6020,Real Estate Management & Development,602010,Real Estate Management & Development,60201040,Real Estate Services,0.900,model+crosswalk,
COMS,COMSOVEREIGN HOLDING CP,,45,Information Technology,4520,Technology Hardware & Equipment,452010,Communications Equipment,45201020,Communications Equipment,0.674,model+crosswalk,
CON,"Concentra Group Holdings Parent, Inc.",8093,35,Health Care,3510,Health Care Equipment & Services,351020,Health Care Providers & Services,35102020,Health Care Facilities,0.900,model+crosswalk,
CONC,CONECTISYS CORP,,,,,,,,,,,,shell_company
COO,"The Cooper Companies, Inc. Common Stock",3851,35,Health Care,3510,Health Care Equipment & Services,351010,Health Care Equipment & Supplies,35101020,Health Care Supplies,0.900,model+crosswalk,
COOK,"Traeger, Inc.",3630,25,Consumer Discretionary,2520,Consumer Durables & Apparel,252010,Household Durables,25201040,Household Appliances,0.900,model+crosswalk,
COOT,Australian Oilseeds Holdings Limited Ordinary Shares,2070,30,Consumer Staples,3020,"Food, Beverage & Tobacco",302020,Food Products,30202030,Packaged Foods & Meats,0.900,model+crosswalk,
COP,ConocoPhillips,2911,10,Energy,1010,Energy,101020,"Oil, Gas & Consumable Fuels",10102020,Oil & Gas Exploration & Production,0.750,model+crosswalk,
COPL,Copley Acquisition Corp,6770,,,,,,,,,,,shell_company
COPR,Idaho Copper Corporation,1000,15,Materials,1510,Materials,151040,Metals & Mining,15104025,Copper,0.750,yahoo+sic,
COR,"Cencora, Inc.",5122,35,Health Care,3510,Health Care Equipment & Services,351020,Health Care Providers & Services,35102010,Health Care Distributors,0.902,model+crosswalk,
CORT,Corcept Therapeutics Inc.,2834,35,Health Care,3520,"Pharmaceuticals, Biotechnology & Life Sciences",352010,Biotechnology,35201010,Biotechnology,0.750,model+crosswalk,
CORZ,"Core Scientific, Inc. Common Stock",6199,45,Information Technology,4510,Software & Services,451020,IT Services,45102030,Internet Services & Infrastructure,0.750,model+crosswalk,
COSG,GRAND GALLERY INC.,,40,Financials,4020,Financial Services,402020,Consumer Finance,40202010,Consumer Finance,0.650,model+crosswalk,
COSM,Cosmos Holdings Inc. Common Stock,5122,35,Health Care,3510,Health Care Equipment & Services,351020,Health Care Providers & Services,35102010,Health Care Distributors,0.600,model+crosswalk,
COSO,"CoastalSouth Bancshares, Inc.",6022,40,Financials,4010,Banks,401010,Banks,40101015,Regional Banks,0.900,model+crosswalk,
COST,Costco Wholesale Corp,5331,30,Consumer Staples,3010,Consumer Staples Distribution & Retail,301010,Consumer Staples Distribution & Retail,30101040,Consumer Staples Merchandise Retail,0.900,model+crosswalk,
COTY,COTY INC,2844,30,Consumer Staples,3030,Household & Personal Products,303020,Personal Care Products,30302010,Personal Care Products,0.900,model+crosswalk,
COUR,"Coursera, Inc.",7372,25,Consumer Discretionary,2530,Consumer Services,253020,Diversified Consumer Services,25302010,Education Services,0.600,yahoo,
COYA,"Coya Therapeutics, Inc. Common Stock",2834,35,Health Care,3520,"Pharmaceuticals, Biotechnology & Life Sciences",352010,Biotechnology,35201010,Biotechnology,0.923,model+crosswalk,
CP,Canadian Pacific Kansas City Limited,4011,20,Industrials,2030,Transportation,203040,Ground Transportation,20304010,Rail Transportation,0.900,model+crosswalk,
CPA,"Copa Holdings, S.A.",4512,20,Industrials,2030,Transportation,203010,Air Freight & Logistics,20301010,Air Freight & Logistics,0.900,model+crosswalk,
CPAY,"Corpay, Inc.",7389,40,Financials,4020,Financial Services,402010,Financial Services,40201060,Transaction & Payment Processing Services,0.900,model+crosswalk,
CPB,The Campbell's Company Common Stock,2000,30,Consumer Staples,3020,"Food, Beverage & Tobacco",302020,Food Products,30202030,Packaged Foods & Meats,0.900,model+crosswalk,
CPBI,"Central Plains Bancshares, Inc. Common Stock",6035,40,Financials,4010,Banks,401010,Banks,40101015,Regional Banks,0.900,model+crosswalk,
CPF,Central Pacific Financial Corporation,6022,40,Financials,4010,Banks,401010,Banks,40101015,Regional Banks,0.900,model+crosswalk,
CPHC,Canterbury Park Holding Corporation 'New' Common Stock,7948,25,Consumer Discretionary,2530,Consumer Services,253010,"Hotels, Restaurants & Leisure",25301010,Casinos & Gaming,0.900,model+crosswalk,
CPHI,"China Pharma Holdings, Inc.",2834,35,Health Care,3520,"Pharmaceuticals, Biotechnology & Life Sciences",352020,Pharmaceuticals,35202010,Pharmaceuticals,0.900,model+crosswalk,
CPIHF,CHAMPION TECH HLDGS,,10,Energy,1010,Energy,101020,"Oil, Gas & Consumable Fuels",10102040,Oil & Gas Storage & Transportation,0.650,model+crosswalk,
CPIX,Cumberland Pharmaceuticals Inc,2834,35,Health Care,3520,"Pharmaceuticals, Biotechnology & Life Sciences",352020,Pharmaceuticals,35202010,Pharmaceuticals,0.750,model+crosswalk,
CPK,Chesapeake Utilities,4923,10,Energy,1010,Energy,101020,"Oil, Gas & Consumable Fuels",10102040,Oil & Gas Storage & Transportation,0.900,model+crosswalk,
CPKF,CHESAPEAKE FINCL SHS INC,,40,Financials,4010,Banks,401010,Banks,40101015,Regional Banks,0.650,model+crosswalk,
CPN,Calpine Corporation,,,,,,,,,,,,no_evidence
CPNG,"Coupang, Inc.",5961,25,Consumer Discretionary,2550,Consumer Discretionary Distribution & Retail,255030,Broadline Retail,25503030,Broadline Retail,0.900,model+crosswalk,
CPOP,"Pop Culture Group Co., Ltd Class A Ordinary Shares",7900,50,Communication Services,5020,Media & Entertainment,502020,Entertainment,50202010,Movies & Entertainment,0.900,model+crosswalk,
CPRI,Capri Holdings Limited,3100,25,Consumer Discretionary,2520,Consumer Durables & Apparel,252030,"Textiles, Apparel & Luxury Goods",25203010,"Apparel, Accessories & Luxury Goods",0.900,model+crosswalk,
CPRT,Copart Inc,5500,20,Industrials,2020,Commercial & Professional Services,202010,Commercial Services & Supplies,20201070,Diversified Support Services,0.600,yahoo,
CPS,Cooper-Standard Automotive Inc.,3714,25,Consumer Discretionary,2510,Automobiles & Components,251010,Automobile Components,25101010,Automotive Parts & Equipment,0.900,model+crosswalk,
CPSH,CPS Technologies Corp. Common Stock,3260,45,Information Technology,4520,Technology Hardware & Equipment,452030,"Electronic Equipment, Instruments & Components",45203015,Electronic Components,0.600,model+crosswalk,
CPSS,Consumer Portfolio Services,6199,40,Financials,4020,Financial Services,402020,Consumer Finance,40202010,Consumer Finance,0.750,model+crosswalk,
CPT,Camden Property Trust,6798,60,Real Estate,6010,Equity Real Estate Investment Trusts (REITs),601060,Residential REITs,60106010,Multi-Family Residential REITs,0.900,model+crosswalk,
CPTP,CAPITAL PROPERTIES INC A,,60,Real Estate,6020,Real Estate Management & Development,602010,Real Estate Management & Development,60201040,Real Estate Services,0.650,model+crosswalk,
CPZ,Calamos Long/Short Equity & Dynamic Income Trust Common Stock,,,,,,,,,,,,not_common_equity
CQP,"Cheniere Energy Partners, LP",4924,10,Energy,1010,Energy,101020,"Oil, Gas & Consumable Fuels",10102040,Oil & Gas Storage & Transportation,0.600,model+crosswalk,
CR,Crane Company,3490,20,Industrials,2010,Capital Goods,201060,Machinery,20106010,Construction Machinery & Heavy Transportation Equipment,0.750,yahoo+sic,
CRAC,Crown Reserve Acquisition Corp. I Class A Ordinary Shares,6770,,,,,,,,,,,shell_company
CRAI,"CRA International, Inc.",8111,20,Industrials,2020,Commercial & Professional Services,202020,Professional Services,20202020,Research & Consulting Services,0.600,model+crosswalk,
CRAN,Crane Harbor Acquisition Corp. II Class A Ordinary Shares,6770,,,,,,,,,,,shell_company
CRAQ,Cal Redwood Acquisition Corp. Class A Ordinary Shares,6770,,,,,,,,,,,shell_company
CRBG,"Corebridge Financial, Inc.",6311,40,Financials,4020,Financial Services,402030,Capital Markets,40203010,Asset Management & Custody Banks,0.700,yahoo+sic,
CRBO,CARBON ENERGY CORP,,10,Energy,1010,Energy,101020,"Oil, Gas & Consumable Fuels",10102020,Oil & Gas Exploration & Production,0.650,model+crosswalk,
CRBP,"Corbus Pharmaceuticals Holdings, Inc.",2834,35,Health Care,3520,"Pharmaceuticals, Biotechnology & Life Sciences",352010,Biotechnology,35201010,Biotechnology,0.900,model+crosswalk,
CRBU,"Caribou Biosciences, Inc. Common Stock",2836,35,Health Care,3520,"Pharmaceuticals, Biotechnology & Life Sciences",352010,Biotechnology,35201010,Biotechnology,0.900,model+crosswalk,
CRC,California Resources Corporation,1311,10,Energy,1010,Energy,101020,"Oil, Gas & Consumable Fuels",10102020,Oil & Gas Exploration & Production,0.900,model+crosswalk,
CRCL,"Circle Internet Group, Inc.",6199,40,Financials,4020,Financial Services,402030,Capital Markets,40203020,Investment Banking & Brokerage,0.750,model+crosswalk,
CRCT,"Cricut, Inc. Class A Common Stock",3559,45,Information Technology,4520,Technology Hardware & Equipment,452020,"Technology Hardware, Storage & Peripherals",45202030,"Technology Hardware, Storage & Peripherals",0.600,model+crosswalk,
CRD.A,Crawford & Company Class A,6411,40,Financials,4030,Insurance,403010,Insurance,40301010,Insurance Brokers,0.900,model+crosswalk,
CRD.B,Crawford & Company Class B,6411,40,Financials,4030,Insurance,403010,Insurance,40301010,Insurance Brokers,0.900,model+crosswalk,
CRDF,"Cardiff Oncology, Inc. Common Stock",2836,35,Health Care,3520,"Pharmaceuticals, Biotechnology & Life Sciences",352010,Biotechnology,35201010,Biotechnology,0.900,model+crosswalk,
CRDL,Cardiol Therapeutics Inc. Class A Common Shares,2836,35,Health Care,3520,"Pharmaceuticals, Biotechnology & Life Sciences",352020,Pharmaceuticals,35202010,Pharmaceuticals,0.750,yahoo+sic,
CRDO,Credo Technology Group Holding Ltd Ordinary Shares,3674,45,Information Technology,4530,Semiconductors & Semiconductor Equipment,453010,Semiconductors & Semiconductor Equipment,45301020,Semiconductors,0.900,model+crosswalk,
CRE,Cre8 Enterprise Limited Class A Ordinary Shares,2750,20,Industrials,2020,Commercial & Professional Services,202010,Commercial Services & Supplies,20201010,Commercial Printing,0.900,model+crosswalk,
CREX,"CREATIVE REALITIES, INC.",7373,45,Information Technology,4510,Software & Services,451030,Software,45103010,Application Software,0.600,model+crosswalk,
CRGO,Freightos Limited Ordinary shares,4731,40,Financials,4020,Financial Services,402010,Financial Services,40201060,Transaction & Payment Processing Services,0.600,yahoo,
CRGY,Crescent Energy Company,1311,10,Energy,1010,Energy,101020,"Oil, Gas & Consumable Fuels",10102020,Oil & Gas Exploration & Production,0.900,model+crosswalk,
CRH,CRH Public Limited Company,3241,15,Materials,1510,Materials,151020,Construction Materials,15102010,Construction Materials,0.900,model+crosswalk,
CRI,Carter's Inc.,2300,25,Consumer Discretionary,2550,Consumer Discretionary Distribution & Retail,255040,Specialty Retail,25504010,Apparel Retail,0.700,yahoo+sic,
CRIS,Curis Inc,2836,35,Health Care,3520,"Pharmaceuticals, Biotechnology & Life Sciences",352010,Biotechnology,35201010,Biotechnology,0.900,model+crosswalk,
CRK,"Comstock Resources, Inc.",1311,10,Energy,1010,Energy,101020,"Oil, Gas & Consumable Fuels",10102020,Oil & Gas Exploration & Production,0.943,model+crosswalk,
CRKN,CROWN ELECTROKINETICS CRP,,15,Materials,1510,Materials,151010,Chemicals,15101050,Specialty Chemicals,0.650,model+crosswalk,
CRL,"Charles River Laboratories International, Inc.",8731,35,Health Care,3510,Health Care Equipment & Services,351020,Health Care Providers & Services,35102015,Health Care Services,0.700,yahoo+sic,
CRM,"Salesforce, Inc.",7372,45,Information Technology,4510,Software & Services,451030,Software,45103010,Application Software,0.900,model+crosswalk,
CRMD,CorMedix Inc.,2834,35,Health Care,3520,"Pharmaceuticals, Biotechnology & Life Sciences",352010,Biotechnology,35201010,Biotechnology,0.900,model+crosswalk,
CRML,Critical Metals Corp. Ordinary Shares,1000,15,Materials,1510,Materials,151040,Metals & Mining,15104040,Precious Metals & Minerals,0.750,yahoo+sic,
CRMT,America's Car Mart Inc,5500,25,Consumer Discretionary,2550,Consumer Discretionary Distribution & Retail,255040,Specialty Retail,25504050,Automotive Retail,0.900,model+crosswalk,
CRNC,Cerence Inc. Common Stock,7372,45,Information Technology,4510,Software & Services,451030,Software,45103010,Application Software,0.900,model+crosswalk,
CRNG,CORENERGY INFRSTRCTURE TR,,,,,,,,,,,,no_evidence
CRNT,Ceragon Networks Ltd,3663,45,Information Technology,4520,Technology Hardware & Equipment,452010,Communications Equipment,45201020,Communications Equipment,0.900,model+crosswalk,
CRNX,"Crinetics Pharmaceuticals, Inc.",2834,35,Health Care,3520,"Pharmaceuticals, Biotechnology & Life Sciences",352010,Biotechnology,35201010,Biotechnology,0.750,model+crosswalk,
CRON,Cronos Group Inc. Common Share,2833,35,Health Care,3520,"Pharmaceuticals, Biotechnology & Life Sciences",352020,Pharmaceuticals,35202010,Pharmaceuticals,0.600,model+crosswalk,
CROX,"Crocs, Inc.",3021,25,Consumer Discretionary,2520,Consumer Durables & Apparel,252030,"Textiles, Apparel & Luxury Goods",25203010,"Apparel, Accessories & Luxury Goods",0.750,model+crosswalk,
CRS,Carpenter Technology Corp,3312,20,Industrials,2010,Capital Goods,201060,Machinery,20106020,Industrial Machinery & Supplies & Components,0.600,model+crosswalk,
CRSP,CRISPR Therapeutics AG,2836,35,Health Care,3520,"Pharmaceuticals, Biotechnology & Life Sciences",352010,Biotechnology,35201010,Biotechnology,0.900,model+crosswalk,
CRSR,"Corsair Gaming, Inc. Common Stock",3577,45,Information Technology,4520,Technology Hardware & Equipment,452020,"Technology Hardware, Storage & Peripherals",45202030,"Technology Hardware, Storage & Peripherals",0.900,model+crosswalk,
CRT,Cross Timbers Royalty Trust,6792,10,Energy,1010,Energy,101020,"Oil, Gas & Consumable Fuels",10102020,Oil & Gas Exploration & Production,0.900,model+crosswalk,
CRTD,CREATD INC,,50,Communication Services,5020,Media & Entertainment,502030,Interactive Media & Services,50203010,Interactive Media & Services,0.905,model+crosswalk,
CRTMF,CRITICAL METALS PLC NEW,,15,Materials,1510,Materials,151040,Metals & Mining,15104020,Diversified Metals & Mining,0.730,model+crosswalk,
CRTO,Criteo S.A. Ordinary Shares,7311,50,Communication Services,5020,Media & Entertainment,502010,Media,50201010,Advertising,0.900,model+crosswalk,
CRUS,Cirrus Logic Inc,3674,45,Information Technology,4530,Semiconductors & Semiconductor Equipment,453010,Semiconductors & Semiconductor Equipment,45301020,Semiconductors,0.900,model+crosswalk,
CRVL,Corvel Corp,6411,40,Financials,4030,Insurance,403010,Insurance,40301010,Insurance Brokers,0.900,model+crosswalk,
CRVO,CervoMed Inc. Common Stock,2834,35,Health Care,3520,"Pharmaceuticals, Biotechnology & Life Sciences",352010,Biotechnology,35201010,Biotechnology,0.900,model+crosswalk,
CRVS,"Corvus Pharmaceuticals, Inc.",2834,35,Health Care,3520,"Pharmaceuticals, Biotechnology & Life Sciences",352010,Biotechnology,35201010,Biotechnology,0.900,model+crosswalk,
CRWD,"CrowdStrike Holdings, Inc. Class A Common Stock",7372,45,Information Technology,4510,Software & Services,451030,Software,45103020,Systems Software,0.900,model+crosswalk,
CRWS,Crown Crafts Inc,2211,25,Consumer Discretionary,2520,Consumer Durables & Apparel,252010,Household Durables,25201020,Home Furnishings,0.750,model+crosswalk,
CRWV,"CoreWeave, Inc. Class A Common Stock",7372,45,Information Technology,4510,Software & Services,451030,Software,45103020,Systems Software,0.750,yahoo+sic,
CSAI,"Cloudastructure, Inc. Class A Common Stock",7370,45,Information Technology,4510,Software & Services,451030,Software,45103020,Systems Software,0.750,yahoo+sic,
CSBB,CSB BANCORP INC OH,,40,Financials,4010,Banks,401010,Banks,40101015,Regional Banks,0.650,model+crosswalk,
CSBR,"Champions Oncology, Inc.",2836,35,Health Care,3520,"Pharmaceuticals, Biotechnology & Life Sciences",352010,Biotechnology,35201010,Biotechnology,0.900,model+crosswalk,
CSCO,"Cisco Systems, Inc. Common Stock (DE)",3576,45,Information Technology,4520,Technology Hardware & Equipment,452010,Communications Equipment,45201020,Communications Equipment,0.900,model+crosswalk,
CSGP,CoStar Group Inc,7389,60,Real Estate,6020,Real Estate Management & Development,602010,Real Estate Management & Development,60201040,Real Estate Services,0.600,model+crosswalk,
CSHR,CoinShares PLC Ordinary Shares,6211,40,Financials,4020,Financial Services,402030,Capital Markets,40203020,Investment Banking & Brokerage,0.900,model+crosswalk,
CSHX,CASHMERE VALLEY BANK,,40,Financials,4010,Banks,401010,Banks,40101015,Regional Banks,0.650,model+crosswalk,
CSIQ,Canadian Solar Inc. Common Shares (ON),3674,45,Information Technology,4530,Semiconductors & Semiconductor Equipment,453010,Semiconductors & Semiconductor Equipment,45301020,Semiconductors,0.900,model+crosswalk,
CSL,"Carlisle Companies, Inc.",3060,20,Industrials,2010,Capital Goods,201020,Building Products,20102010,Building Products,0.750,model+crosswalk,
CSPI,CSP Inc.,7373,45,Information Technology,4510,Software & Services,451020,IT Services,45102010,IT Consulting & Other Services,0.750,model+crosswalk,
CSQ,Calamos Strategic Total Return Fund,,,,,,,,,,,,not_common_equity
CSQR,"Csquare, Inc.",7370,20,Industrials,2020,Commercial & Professional Services,202020,Professional Services,20202030,Data Processing & Outsourced Services,0.600,yahoo,
CSR,Centerspace,6798,60,Real Estate,6010,Equity Real Estate Investment Trusts (REITs),601060,Residential REITs,60106010,Multi-Family Residential REITs,0.900,model+crosswalk,
CSTE,Caesarstone Ltd.,3281,20,Industrials,2010,Capital Goods,201020,Building Products,20102010,Building Products,0.600,model+crosswalk,
CSTL,"Castle Biosciences, Inc. Common Stock",8071,35,Health Care,3510,Health Care Equipment & Services,351010,Health Care Equipment & Supplies,35101010,Health Care Equipment,0.750,yahoo+sic,
CSTM,Constellium SE Class A Ordinary shares,3341,15,Materials,1510,Materials,151040,Metals & Mining,15104010,Aluminum,0.750,model+crosswalk,
CSV,"Carriage Services, Inc.",7200,25,Consumer Discretionary,2530,Consumer Services,253020,Diversified Consumer Services,25302020,Specialized Consumer Services,0.900,model+crosswalk,
CSW,"CSW Industrials, Inc.",2891,20,Industrials,2010,Capital Goods,201020,Building Products,20102010,Building Products,0.600,yahoo,
CSWC,Capital Southwest Corp,,40,Financials,4020,Financial Services,402030,Capital Markets,40203010,Asset Management & Custody Banks,0.650,model+crosswalk,
CSX,CSX Corporation,4011,20,Industrials,2030,Transportation,203040,Ground Transportation,20304010,Rail Transportation,0.924,model+crosswalk,
CTAA,ClearThink 1 Acquisition Corp. Class A Ordinary Shares,6770,,,,,,,,,,,shell_company
CTAS,Cintas Corp,2320,20,Industrials,2020,Commercial & Professional Services,202010,Commercial Services & Supplies,20201070,Diversified Support Services,0.600,yahoo,
CTBI,Community Trust Bancorp Inc,6022,40,Financials,4010,Banks,401010,Banks,40101015,Regional Banks,0.900,model+crosswalk,
CTEV,Claritev Corporation,7389,35,Health Care,3510,Health Care Equipment & Services,351030,Health Care Technology,35103010,Health Care Technology,0.600,yahoo,
CTGO,Contango Silver & Gold Inc.,1040,15,Materials,1510,Materials,151040,Metals & Mining,15104030,Gold,0.900,model+crosswalk,
CTKB,"Cytek Biosciences, Inc. Common Stock",3826,35,Health Care,3510,Health Care Equipment & Services,351010,Health Care Equipment & Supplies,35101010,Health Care Equipment,0.700,model+crosswalk,
CTLGF,CHINA TIAN LUN GAS HLDGS,,10,Energy,1010,Energy,101020,"Oil, Gas & Consumable Fuels",10102020,Oil & Gas Exploration & Production,0.350,model+crosswalk,
CTM,"Castellum, Inc.",8742,45,Information Technology,4510,Software & Services,451020,IT Services,45102010,IT Consulting & Other Services,0.600,model+crosswalk,
CTMX,"CytomX Therapeutics, Inc.",2834,35,Health Care,3520,"Pharmaceuticals, Biotechnology & Life Sciences",352010,Biotechnology,35201010,Biotechnology,0.900,model+crosswalk,
CTNM,"Contineum Therapeutics, Inc. Class A Common Stock",2834,35,Health Care,3520,"Pharmaceuticals, Biotechnology & Life Sciences",352010,Biotechnology,35201010,Biotechnology,0.900,model+crosswalk,
CTNR,CENTRAL NATURAL RES INC,,10,Energy,1010,Energy,101010,Energy Equipment & Services,10101020,Oil & Gas Equipment & Services,0.713,model+crosswalk,
CTNT,Cheetah Net Supply Chain Service Inc. Class A Common Stock,5010,20,Industrials,2030,Transportation,203010,Air Freight & Logistics,20301010,Air Freight & Logistics,0.600,model+crosswalk,
CTO,"CTO Realty Growth, Inc.",6798,60,Real Estate,6010,Equity Real Estate Investment Trusts (REITs),601010,Diversified REITs,60101010,Diversified REITs,0.900,model+crosswalk,
CTOR,"Citius Oncology, Inc. Common Stock",2834,35,Health Care,3520,"Pharmaceuticals, Biotechnology & Life Sciences",352020,Pharmaceuticals,35202010,Pharmaceuticals,0.750,model+crosswalk,
CTOS,"Custom Truck One Source, Inc.",7359,20,Industrials,2010,Capital Goods,201070,Trading Companies & Distributors,20107010,Trading Companies & Distributors,0.900,model+crosswalk,
CTRE,"CareTrust REIT, Inc",6798,60,Real Estate,6010,Equity Real Estate Investment Trusts (REITs),601050,Health Care REITs,60105010,Health Care REITs,0.900,model+crosswalk,
CTRI,"Centuri Holdings, Inc.",4923,55,Utilities,5510,Utilities,551020,Gas Utilities,55102010,Gas Utilities,0.900,model+crosswalk,
CTRM,Castor Maritime Inc. Common Stock,4412,20,Industrials,2030,Transportation,203030,Marine Transportation,20303010,Marine Transportation,0.900,model+crosswalk,
CTRN,"Citi Trends, Inc.",5600,25,Consumer Discretionary,2550,Consumer Discretionary Distribution & Retail,255040,Specialty Retail,25504010,Apparel Retail,0.900,model+crosswalk,
CTS,CTS Corporation,3672,45,Information Technology,4520,Technology Hardware & Equipment,452030,"Electronic Equipment, Instruments & Components",45203015,Electronic Components,0.750,model+crosswalk,
CTSH,Cognizant Technology Solutions,7371,20,Industrials,2020,Commercial & Professional Services,202020,Professional Services,20202030,Data Processing & Outsourced Services,0.600,yahoo,
CTSO,Cytosorbents Corp.,3841,35,Health Care,3510,Health Care Equipment & Services,351010,Health Care Equipment & Supplies,35101010,Health Care Equipment,0.900,model+crosswalk,
CTUY,CENTURY NEXT FINANCIAL CP,,40,Financials,4010,Banks,401010,Banks,40101015,Regional Banks,0.650,model+crosswalk,
CTVA,"Corteva, Inc. Common Stock",0100,15,Materials,1510,Materials,151010,Chemicals,15101030,Fertilizers & Agricultural Chemicals,0.600,model+crosswalk,
CTW,CTW Class A Ordinary Shares,7374,50,Communication Services,5020,Media & Entertainment,502020,Entertainment,50202020,Interactive Home Entertainment,0.750,yahoo+sic,
CTXR,Citius Pharmaceuticals Inc. Common,2834,35,Health Care,3520,"Pharmaceuticals, Biotechnology & Life Sciences",352010,Biotechnology,35201010,Biotechnology,0.900,model+crosswalk,
CTYP,COMMUTY BANKERS PA,,40,Financials,4010,Banks,401010,Banks,40101015,Regional Banks,0.650,yahoo,
CUB,Lionheart Holdings Class A Ordinary Shares,6770,,,,,,,,,,,shell_company
CUBE,CubeSmart,6798,60,Real Estate,6010,Equity Real Estate Investment Trusts (REITs),601025,Industrial REITs,60102510,Industrial REITs,0.750,model+crosswalk,
CUBI,CUSTOMERS BANCORP INC,6022,40,Financials,4010,Banks,401010,Banks,40101015,Regional Banks,0.900,model+crosswalk,
CUBT,CURATIVE BIOTECHNLOGY INC,,35,Health Care,3520,"Pharmaceuticals, Biotechnology & Life Sciences",352010,Biotechnology,35201010,Biotechnology,0.650,model+crosswalk,
CUE,"Cue Biopharma, Inc.",2834,35,Health Care,3520,"Pharmaceuticals, Biotechnology & Life Sciences",352010,Biotechnology,35201010,Biotechnology,0.900,model+crosswalk,
CUEN,CUENTAS INC,,45,Information Technology,4510,Software & Services,451030,Software,45103010,Application Software,0.987,model+crosswalk,
CULL,CULLMAN BANCORP INC MD,,40,Financials,4010,Banks,401010,Banks,40101015,Regional Banks,0.650,model+crosswalk,
CULP,"Culp, Inc. Common Stock",2211,25,Consumer Discretionary,2520,Consumer Durables & Apparel,252030,"Textiles, Apparel & Luxury Goods",25203030,Textiles,0.900,model+crosswalk,
CUPR,Cuprina Holdings (Cayman) Limited Class A Ordinary Shares,3842,35,Health Care,3510,Health Care Equipment & Services,351010,Health Care Equipment & Supplies,35101020,Health Care Supplies,0.900,model+crosswalk,
CURB,Curbline Properties Corp.,6500,60,Real Estate,6010,Equity Real Estate Investment Trusts (REITs),601070,Retail REITs,60107010,Retail REITs,0.700,model+crosswalk,
CURHF,CURVES HLDGS CO LTD,,25,Consumer Discretionary,2520,Consumer Durables & Apparel,252020,Leisure Products,25202010,Leisure Products,0.650,model+crosswalk,
CURI,CuriosityStream Inc. Class A Common Stock,7812,50,Communication Services,5020,Media & Entertainment,502010,Media,50201020,Broadcasting,0.750,yahoo+sic,
CURR,Currenc Group Inc. Ordinary Shares,7389,40,Financials,4020,Financial Services,402010,Financial Services,40201060,Transaction & Payment Processing Services,0.600,model+crosswalk,
CURV,Torrid Holdings Inc.,5600,25,Consumer Discretionary,2550,Consumer Discretionary Distribution & Retail,255040,Specialty Retail,25504010,Apparel Retail,0.900,model+crosswalk,
CURX,Curanex Pharmaceuticals Inc Common Stock,2834,35,Health Care,3520,"Pharmaceuticals, Biotechnology & Life Sciences",352010,Biotechnology,35201010,Biotechnology,0.900,model+crosswalk,
CUSI,CUISINE SOLUTIONS INC NEW,,30,Consumer Staples,3020,"Food, Beverage & Tobacco",302020,Food Products,30202030,Packaged Foods & Meats,0.654,model+crosswalk,
CUZ,Cousins Properties Inc.,6798,60,Real Estate,6010,Equity Real Estate Investment Trusts (REITs),601040,Office REITs,60104010,Office REITs,0.900,model+crosswalk,
CV,"CapsoVision, Inc. Common Stock",3845,35,Health Care,3510,Health Care Equipment & Services,351010,Health Care Equipment & Supplies,35101010,Health Care Equipment,0.900,model+crosswalk,
CVBF,CVB Financial Corp,6022,40,Financials,4010,Banks,401010,Banks,40101015,Regional Banks,0.900,model+crosswalk,
CVCO,Cavco Industries Inc.,2451,25,Consumer Discretionary,2520,Consumer Durables & Apparel,252010,Household Durables,25201030,Homebuilding,0.900,model+crosswalk,
CVE,Cenovus Energy Inc.,1311,10,Energy,1010,Energy,101020,"Oil, Gas & Consumable Fuels",10102010,Integrated Oil & Gas,0.750,yahoo+sic,
CVEO,Civeo Corporation,7000,25,Consumer Discretionary,2530,Consumer Services,253010,"Hotels, Restaurants & Leisure",25301020,"Hotels, Resorts & Cruise Lines",0.900,model+crosswalk,
CVGI,"Commercial Vehicle Group, Inc.",3714,25,Consumer Discretionary,2510,Automobiles & Components,251010,Automobile Components,25101010,Automotive Parts & Equipment,0.900,model+crosswalk,
CVI,"CVR ENERGY, INC.",2911,10,Energy,1010,Energy,101020,"Oil, Gas & Consumable Fuels",10102030,Oil & Gas Refining & Marketing,0.900,model+crosswalk,
CVKD,"Cadrenal Therapeutics, Inc. Common Stock",2834,35,Health Care,3520,"Pharmaceuticals, Biotechnology & Life Sciences",352010,Biotechnology,35201010,Biotechnology,0.900,model+crosswalk,
CVLG,"Covenant Logistics Group, Inc.",4213,20,Industrials,2030,Transportation,203040,Ground Transportation,20304030,Cargo Ground Transportation,0.900,model+crosswalk,
CVLT,"Commault Systems, Inc.",7372,45,Information Technology,4510,Software & Services,451030,Software,45103010,Application Software,0.900,model+crosswalk,
CVM,Cel-Sci Corporation,2836,35,Health Care,3520,"Pharmaceuticals, Biotechnology & Life Sciences",352010,Biotechnology,35201010,Biotechnology,0.900,model+crosswalk,
CVNA,Carvana Co.,5500,25,Consumer Discretionary,2550,Consumer Discretionary Distribution & Retail,255040,Specialty Retail,25504050,Automotive Retail,0.900,model+crosswalk,
CVR,Chicago Rivet & Machine Co.,3540,20,Industrials,2010,Capital Goods,201060,Machinery,20106020,Industrial Machinery & Supplies & Components,0.900,model+crosswalk,
CVRX,"CVRx, Inc. Common Stock",3841,35,Health Care,3510,Health Care Equipment & Services,351010,Health Care Equipment & Supplies,35101010,Health Care Equipment,0.900,model+crosswalk,
CVS,CVS HEALTH CORPORATION,5912,35,Health Care,3510,Health Care Equipment & Services,351020,Health Care Providers & Services,35102030,Managed Health Care,0.600,model+crosswalk,
CVSA,Covista Inc.,8200,25,Consumer Discretionary,2530,Consumer Services,253020,Diversified Consumer Services,25302010,Education Services,0.900,model+crosswalk,
CVU,"CPI Aerostructures, Inc.",3728,20,Industrials,2010,Capital Goods,201010,Aerospace & Defense,20101010,Aerospace & Defense,0.900,model+crosswalk,
CVV,CVD Equipment Corp.,3559,20,Industrials,2010,Capital Goods,201010,Aerospace & Defense,20101010,Aerospace & Defense,0.600,yahoo,
CVX,Chevron Corporation,2911,10,Energy,1010,Energy,101020,"Oil, Gas & Consumable Fuels",10102010,Integrated Oil & Gas,0.750,yahoo+sic,
CW,Curtiss-Wright Corp.,3590,20,Industrials,2010,Capital Goods,201010,Aerospace & Defense,20101010,Aerospace & Defense,0.750,yahoo+sic,
CWBC,Community West Bancshares Common Stock,6022,40,Financials,4010,Banks,401010,Banks,40101015,Regional Banks,0.900,model+crosswalk,
CWBK,CW BANCORP,,40,Financials,4010,Banks,401010,Banks,40101015,Regional Banks,0.650,model+crosswalk,
CWCO,Consolidated Water Co Inc,4941,55,Utilities,5510,Utilities,551040,Water Utilities,55104010,Water Utilities,0.900,model+crosswalk,
CWD,CaliberCos Inc. Class A Common Stock,6500,40,Financials,4020,Financial Services,402030,Capital Markets,40203010,Asset Management & Custody Banks,0.600,model+crosswalk,
CWEN,"Clearway Energy, Inc. Class C Common Stock",4911,55,Utilities,5510,Utilities,551050,Independent Power and Renewable Electricity Producers,55105020,Renewable Electricity,0.750,model+crosswalk,
CWH,"Camping World Holdings, Inc.",5500,25,Consumer Discretionary,2550,Consumer Discretionary Distribution & Retail,255040,Specialty Retail,25504050,Automotive Retail,0.900,model+crosswalk,
CWHHF,CARRY WEALTH HLDGS LTD,,,,,,,,,,,,no_evidence
CWK,Cushman & Wakefield Ltd.,6500,60,Real Estate,6020,Real Estate Management & Development,602010,Real Estate Management & Development,60201040,Real Estate Services,0.900,model+crosswalk,
CWST,Casella Waste Systems Inc,4953,20,Industrials,2020,Commercial & Professional Services,202010,Commercial Services & Supplies,20201050,Environmental & Facilities Services,0.900,model+crosswalk,
CWT,California Water Service,4941,55,Utilities,5510,Utilities,551040,Water Utilities,55104010,Water Utilities,0.900,model+crosswalk,
CXAI,CXApp Inc. Class A Common Stock,7372,45,Information Technology,4510,Software & Services,451030,Software,45103010,Application Software,0.900,model+crosswalk,
CXDO,CREXENDO INC,4813,50,Communication Services,5020,Media & Entertainment,502010,Media,50201030,Cable & Satellite,0.700,yahoo+sic,
CXII,Churchill Capital Corp XII Class A Ordinary Shares,6770,,,,,,,,,,,shell_company
CXM,"Sprinklr, Inc.",7372,45,Information Technology,4510,Software & Services,451030,Software,45103010,Application Software,0.900,model+crosswalk,
CXT,"Crane NXT, Co.",3490,20,Industrials,2020,Commercial & Professional Services,202010,Commercial Services & Supplies,20201060,Office Services & Supplies,0.700,yahoo+sic,
CXW,"CoreCivic, Inc.",6798,20,Industrials,2020,Commercial & Professional Services,202010,Commercial Services & Supplies,20201080,Security & Alarm Services,0.600,yahoo,
CYAB,"Cyabra, Inc. Common Stock",7372,45,Information Technology,4510,Software & Services,451030,Software,45103020,Systems Software,0.600,yahoo,
CYAN,CYANOTECH CORP,,30,Consumer Staples,3020,"Food, Beverage & Tobacco",302020,Food Products,30202030,Packaged Foods & Meats,0.984,model+crosswalk,
CYCN,"Cyclerion Therapeutics, Inc. Common Stock",2834,35,Health Care,3520,"Pharmaceuticals, Biotechnology & Life Sciences",352010,Biotechnology,35201010,Biotechnology,0.900,model+crosswalk,
CYCU,"Cycurion, Inc. Common Stock",7371,45,Information Technology,4510,Software & Services,451020,IT Services,45102010,IT Consulting & Other Services,0.750,model+crosswalk,
CYD,China Yuchai International Ltd.,3510,25,Consumer Discretionary,2510,Automobiles & Components,251020,Automobiles,25102010,Automobile Manufacturers,0.600,yahoo,
CYFL,CENTURY FINCL CORP MI,,40,Financials,4010,Banks,401010,Banks,40101015,Regional Banks,0.650,yahoo,
CYH,"Community Health Systems, Inc.",8062,35,Health Care,3510,Health Care Equipment & Services,351020,Health Care Providers & Services,35102015,Health Care Services,0.750,yahoo+sic,
CYN,Cyngn Inc. Common Stock,7371,45,Information Technology,4510,Software & Services,451030,Software,45103010,Application Software,0.900,model+crosswalk,
CYPH,Cypherpunk Technologies Inc. Common Stock,2834,40,Financials,4020,Financial Services,402030,Capital Markets,40203010,Asset Management & Custody Banks,0.600,yahoo,
CYRX,"CryoPort, Inc. Common Stock",2834,20,Industrials,2030,Transportation,203010,Air Freight & Logistics,20301010,Air Freight & Logistics,0.600,model+crosswalk,
CYSM,COMMUTY BANCORP SAN MAR,,40,Financials,4010,Banks,401010,Banks,40101015,Regional Banks,0.650,model+crosswalk,
CYTK,Cytokinetics Inc.,2834,35,Health Care,3520,"Pharmaceuticals, Biotechnology & Life Sciences",352010,Biotechnology,35201010,Biotechnology,0.900,model+crosswalk,
CYVF,CRYSTAL VALLEY FINCL CORP,,40,Financials,4010,Banks,401010,Banks,40101015,Regional Banks,0.650,model+crosswalk,
CZBC,CITZNS BNCRP CORVALLIS OR,,,,,,,,,,,,no_evidence
CZBS,CITZNS BANCSHARES CORP,,40,Financials,4010,Banks,401010,Banks,40101015,Regional Banks,0.650,model+crosswalk,
CZBT,CITZNS BANCORP OF VA INC,,40,Financials,4010,Banks,401010,Banks,40101015,Regional Banks,0.650,model+crosswalk,
CZFS,"Citizens Financial Services, Inc. Common Stock",6022,40,Financials,4010,Banks,401010,Banks,40101015,Regional Banks,0.904,model+crosswalk,
CZNC,Citizens & Northern Corporation,6022,40,Financials,4010,Banks,401010,Banks,40101015,Regional Banks,0.900,model+crosswalk,
CZNL,CITZNS NATIONAL CORP KY,,40,Financials,4010,Banks,401010,Banks,40101015,Regional Banks,0.650,model+crosswalk,
CZR,"Caesars Entertainment, Inc. Common Stock",7011,25,Consumer Discretionary,2530,Consumer Services,253010,"Hotels, Restaurants & Leisure",25301010,Casinos & Gaming,0.900,model+crosswalk,
CZWI,"Citizens Community Bancorp, Inc.",6035,40,Financials,4010,Banks,401010,Banks,40101015,Regional Banks,0.900,model+crosswalk,
D,"Dominion Energy, Inc Common Stock",4911,55,Utilities,5510,Utilities,551010,Electric Utilities,55101010,Electric Utilities,0.750,model+crosswalk,
DAAQ,Digital Asset Acquisition Corp. Class A Ordinary shares,6022,,,,,,,,,,,shell_company
DAC,Danaos Corporation,4412,20,Industrials,2030,Transportation,203030,Marine Transportation,20303010,Marine Transportation,0.900,model+crosswalk,
DAIC,"CID HoldCo, Inc. Common Stock",7373,45,Information Technology,4510,Software & Services,451020,IT Services,45102010,IT Consulting & Other Services,0.900,model+crosswalk,
DAIO,Data I/O Corp,3825,45,Information Technology,4520,Technology Hardware & Equipment,452030,"Electronic Equipment, Instruments & Components",45203020,Electronic Manufacturing Services,0.750,yahoo+sic,
DAKT,Daktronics Inc,3990,45,Information Technology,4520,Technology Hardware & Equipment,452030,"Electronic Equipment, Instruments & Components",45203015,Electronic Components,0.600,model+crosswalk,
DAL,"Delta Air Lines, Inc.",4512,20,Industrials,2030,Transportation,203020,Passenger Airlines,20302010,Passenger Airlines,0.900,model+crosswalk,
DAN,Dana Incorporated,3714,25,Consumer Discretionary,2510,Automobiles & Components,251010,Automobile Components,25101010,Automotive Parts & Equipment,0.900,model+crosswalk,
DAR,DARLING INGREDIENTS INC.,2070,30,Consumer Staples,3020,"Food, Beverage & Tobacco",302020,Food Products,30202030,Packaged Foods & Meats,0.900,model+crosswalk,
DARE,"Dare Bioscience, Inc. Common Stock",2834,35,Health Care,3520,"Pharmaceuticals, Biotechnology & Life Sciences",352010,Biotechnology,35201010,Biotechnology,0.900,model+crosswalk,
DASH,"DoorDash, Inc. Class A Common Stock",7389,25,Consumer Discretionary,2550,Consumer Discretionary Distribution & Retail,255040,Specialty Retail,25504040,Other Specialty Retail,0.600,yahoo,
DAVE,Dave Inc. Class A Common Stock,6199,45,Information Technology,4510,Software & Services,451030,Software,45103010,Application Software,0.600,model+crosswalk,
DAWUF,DAIWA HOUSE REIT INV,,60,Real Estate,6010,Equity Real Estate Investment Trusts (REITs),601010,Diversified REITs,60101010,Diversified REITs,0.650,yahoo,
DB,Deutsche Bank Aktiengesellschaft,6022,40,Financials,4010,Banks,401010,Banks,40101015,Regional Banks,0.900,model+crosswalk,
DBCA,D. Boral Acquisition I Corp. Class A Ordinary Shares,6770,,,,,,,,,,,shell_company
DBD,"Diebold Nixdorf, Incorporated",3578,45,Information Technology,4510,Software & Services,451030,Software,45103010,Application Software,0.700,model+crosswalk,
DBGI,"Digital Brands Group, Inc. Common Stock",5600,25,Consumer Discretionary,2550,Consumer Discretionary Distribution & Retail,255040,Specialty Retail,25504010,Apparel Retail,0.900,model+crosswalk,
DBI,Designer Brands Inc.,5661,25,Consumer Discretionary,2520,Consumer Durables & Apparel,252030,"Textiles, Apparel & Luxury Goods",25203010,"Apparel, Accessories & Luxury Goods",0.700,yahoo+sic,
DBIN,DACOTAH BANKS INC,,40,Financials,4010,Banks,401010,Banks,40101015,Regional Banks,0.650,model+crosswalk,
DBMG,DBM GLOBAL INC,,20,Industrials,2010,Capital Goods,201030,Construction & Engineering,20103010,Construction & Engineering,0.650,model+crosswalk,
DBRG,"DigitalBridge Group, Inc.",6282,40,Financials,4020,Financial Services,402030,Capital Markets,40203010,Asset Management & Custody Banks,0.900,model+crosswalk,
DBX,"Dropbox, Inc. Class A",7372,45,Information Technology,4510,Software & Services,451030,Software,45103010,Application Software,0.900,model+crosswalk,
DC,Dakota Gold Corp.,1000,15,Materials,1510,Materials,151040,Metals & Mining,15104030,Gold,0.900,model+crosswalk,
DCBO,Docebo Inc. Common Shares,7372,45,Information Technology,4510,Software & Services,451030,Software,45103010,Application Software,0.900,model+crosswalk,
DCGO,DocGo Inc. Common Stock,8000,35,Health Care,3510,Health Care Equipment & Services,351020,Health Care Providers & Services,35102015,Health Care Services,0.900,model+crosswalk,
DCH,Dauch Corporation,3714,25,Consumer Discretionary,2510,Automobiles & Components,251010,Automobile Components,25101010,Automotive Parts & Equipment,0.911,model+crosswalk,
DCHRF,DISCOVERY HARBR RES CORP,,15,Materials,1510,Materials,151040,Metals & Mining,15104030,Gold,0.650,model+crosswalk,
DCI,"Donaldson Company, Inc.",3564,20,Industrials,2010,Capital Goods,201060,Machinery,20106015,Agricultural & Farm Machinery,0.750,yahoo+sic,
DCO,Ducommun Incorporated,3728,20,Industrials,2010,Capital Goods,201010,Aerospace & Defense,20101010,Aerospace & Defense,0.900,model+crosswalk,
DCOM,"Dime Commercial Bancshares, Inc.",6021,40,Financials,4010,Banks,401010,Banks,40101015,Regional Banks,0.900,model+crosswalk,
DCOY,Decoy Therapeutics Inc. Common Stock,2834,35,Health Care,3520,"Pharmaceuticals, Biotechnology & Life Sciences",352010,Biotechnology,35201010,Biotechnology,0.900,model+crosswalk,
DCTH,Delcath Systems Inc,3841,35,Health Care,3510,Health Care Equipment & Services,351010,Health Care Equipment & Supplies,35101010,Health Care Equipment,0.900,model+crosswalk,
DCX,Digital Currency X Technology Inc. Class A Ordinary Shares,3711,25,Consumer Discretionary,2510,Automobiles & Components,251020,Automobiles,25102010,Automobile Manufacturers,0.900,model+crosswalk,
DD,"DuPont de Nemours, Inc. Common Stock",2821,15,Materials,1510,Materials,151010,Chemicals,15101050,Specialty Chemicals,0.900,model+crosswalk,
DDC,DDC Enterprise Limited,2000,30,Consumer Staples,3020,"Food, Beverage & Tobacco",302020,Food Products,30202030,Packaged Foods & Meats,0.900,model+crosswalk,
DDD,3D Systems Corporation,7372,45,Information Technology,4520,Technology Hardware & Equipment,452020,"Technology Hardware, Storage & Peripherals",45202030,"Technology Hardware, Storage & Peripherals",0.700,yahoo+sic,
DDMGF,DAIHATSU INFINEARTH MFG,,20,Industrials,2010,Capital Goods,201060,Machinery,20106020,Industrial Machinery & Supplies & Components,0.895,model+crosswalk,
DDOG,"Datadog, Inc. Class A Common Stock",7372,45,Information Technology,4510,Software & Services,451030,Software,45103010,Application Software,0.900,model+crosswalk,
DDS,Dillards Inc.,5311,25,Consumer Discretionary,2550,Consumer Discretionary Distribution & Retail,255030,Broadline Retail,25503030,Broadline Retail,0.900,model+crosswalk,
DE,Deere & Company,3523,20,Industrials,2010,Capital Goods,201060,Machinery,20106015,Agricultural & Farm Machinery,0.900,model+crosswalk,
DEA,"Easterly Government Properties, Inc.",6798,60,Real Estate,6010,Equity Real Estate Investment Trusts (REITs),601040,Office REITs,60104010,Office REITs,0.750,model+crosswalk,
DEC,Diversified Energy Company,1311,10,Energy,1010,Energy,101020,"Oil, Gas & Consumable Fuels",10102010,Integrated Oil & Gas,0.750,yahoo+sic,
DECK,Deckers Outdoor Corp,3021,25,Consumer Discretionary,2520,Consumer Durables & Apparel,252030,"Textiles, Apparel & Luxury Goods",25203010,"Apparel, Accessories & Luxury Goods",0.750,model+crosswalk,
DEFT,"Defi Technologies, Inc.",6199,40,Financials,4020,Financial Services,402030,Capital Markets,40203020,Investment Banking & Brokerage,0.900,model+crosswalk,
DEI,"Douglas Emmett, Inc.",6798,60,Real Estate,6010,Equity Real Estate Investment Trusts (REITs),601040,Office REITs,60104010,Office REITs,0.900,model+crosswalk,
DELL,Dell Technologies Inc.,3571,45,Information Technology,4520,Technology Hardware & Equipment,452020,"Technology Hardware, Storage & Peripherals",45202030,"Technology Hardware, Storage & Peripherals",0.900,model+crosswalk,
DENI,DENALI BANCORP INC,,40,Financials,4010,Banks,401010,Banks,40101015,Regional Banks,0.650,model+crosswalk,
DERM,Journey Medical Corporation Common Stock,2834,35,Health Care,3520,"Pharmaceuticals, Biotechnology & Life Sciences",352020,Pharmaceuticals,35202010,Pharmaceuticals,0.900,model+crosswalk,
DETX,"Liberty Defense Holdings, Ltd. Common Shares",3812,20,Industrials,2010,Capital Goods,201010,Aerospace & Defense,20101010,Aerospace & Defense,0.900,model+crosswalk,
DEXCF,DEXERIALS CORPORATION,,45,Information Technology,4520,Technology Hardware & Equipment,452030,"Electronic Equipment, Instruments & Components",45203015,Electronic Components,0.737,model+crosswalk,
DFDV,DeFi Development Corp. Common Stock,6199,40,Financials,4020,Financial Services,402030,Capital Markets,40203010,Asset Management & Custody Banks,0.750,model+crosswalk,
DFEL,CHINA TMK BATTERY SYS INC,,20,Industrials,2010,Capital Goods,201040,Electrical Equipment,20104010,Electrical Components & Equipment,0.851,model+crosswalk,
DFH,"Dream Finders Homes, Inc.",1531,25,Consumer Discretionary,2520,Consumer Durables & Apparel,252010,Household Durables,25201030,Homebuilding,0.900,model+crosswalk,
DFIN,"Donnelley Financial Solutions, Inc.",7380,45,Information Technology,4510,Software & Services,451030,Software,45103010,Application Software,0.900,model+crosswalk,
DFLI,Dragonfly Energy Holdings Corp. Common Stock (NV),3690,20,Industrials,2010,Capital Goods,201040,Electrical Equipment,20104010,Electrical Components & Equipment,0.886,model+crosswalk,
DFNS,T3 Defense Inc. Common Stock,8742,20,Industrials,2010,Capital Goods,201010,Aerospace & Defense,20101010,Aerospace & Defense,0.700,model+crosswalk,
DFSC,DEFSEC Technologies Inc. Common Stock,7372,20,Industrials,2010,Capital Goods,201010,Aerospace & Defense,20101010,Aerospace & Defense,0.600,model+crosswalk,
DFTX,"Definium Therapeutics, Inc. Common Shares",2833,35,Health Care,3520,"Pharmaceuticals, Biotechnology & Life Sciences",352010,Biotechnology,35201010,Biotechnology,0.900,model+crosswalk,
DFYFF,DEFINITY FINL CORP,,40,Financials,4030,Insurance,403010,Insurance,40301040,Property & Casualty Insurance,0.775,model+crosswalk,
DG,Dollar General Corp.,5331,30,Consumer Staples,3010,Consumer Staples Distribution & Retail,301010,Consumer Staples Distribution & Retail,30101040,Consumer Staples Merchandise Retail,0.900,model+crosswalk,
DGAC,Disciplined Growth Acquisition Corporation,,,,,,,,,,,,shell_company
DGICA,Donegal Group Inc,6331,40,Financials,4030,Insurance,403010,Insurance,40301040,Property & Casualty Insurance,0.900,model+crosswalk,
DGICB,Donegal Group Inc,6331,40,Financials,4030,Insurance,403010,Insurance,40301040,Property & Casualty Insurance,0.900,model+crosswalk,
DGII,Digi International Inc,3576,45,Information Technology,4520,Technology Hardware & Equipment,452010,Communications Equipment,45201020,Communications Equipment,0.900,model+crosswalk,
DGNX,Diginex Limited Ordinary Shares,7374,20,Industrials,2020,Commercial & Professional Services,202020,Professional Services,20202020,Research & Consulting Services,0.600,model+crosswalk,
DGWR,DEEP GREEN WASTE INC,,20,Industrials,2020,Commercial & Professional Services,202010,Commercial Services & Supplies,20201050,Environmental & Facilities Services,0.754,model+crosswalk,
DGX,Quest Diagnostics Inc.,8071,35,Health Care,3510,Health Care Equipment & Services,351010,Health Care Equipment & Supplies,35101010,Health Care Equipment,0.750,yahoo+sic,
DGXX,Digi Power X Inc. Subordinate Voting Shares,6199,55,Utilities,5510,Utilities,551050,Independent Power and Renewable Electricity Producers,55105010,Independent Power Producers & Energy Traders,0.600,model+crosswalk,
DH,Definitive Healthcare Corp. Class A Common Stock,7372,35,Health Care,3510,Health Care Equipment & Services,351030,Health Care Technology,35103010,Health Care Technology,0.600,yahoo,
DHCNI,Diversified Healthcare Trust 5.625% Senior Notes due 2042,6798,,,,,,,,,,,not_common_equity
DHCNL,Diversified Healthcare Trust 6.25% Senior Notes Due 2046,6798,,,,,,,,,,,not_common_equity
DHI,D.R. Horton Inc.,1531,25,Consumer Discretionary,2520,Consumer Durables & Apparel,252010,Household Durables,25201030,Homebuilding,0.900,model+crosswalk,
DHR,Danaher Corporation,3823,35,Health Care,3520,"Pharmaceuticals, Biotechnology & Life Sciences",352030,Life Sciences Tools & Services,35203010,Life Sciences Tools & Services,0.600,model+crosswalk,
DHT,"DHT HOLDINGS, INC.",4412,10,Energy,1010,Energy,101020,"Oil, Gas & Consumable Fuels",10102040,Oil & Gas Storage & Transportation,0.600,yahoo,
DHX,"DHI Group, Inc.",7389,45,Information Technology,4510,Software & Services,451030,Software,45103010,Application Software,0.900,model+crosswalk,
DIBS,"1stdibs.com, Inc. Common Stock",5961,50,Communication Services,5020,Media & Entertainment,502030,Interactive Media & Services,50203010,Interactive Media & Services,0.600,model+crosswalk,
DIMC,DIMECO INC,,40,Financials,4010,Banks,401010,Banks,40101015,Regional Banks,0.671,model+crosswalk,
DIN,"Dine Brands Global, Inc.",5812,25,Consumer Discretionary,2530,Consumer Services,253010,"Hotels, Restaurants & Leisure",25301040,Restaurants,0.900,model+crosswalk,
DINO,HF Sinclair Corporation,4610,10,Energy,1010,Energy,101020,"Oil, Gas & Consumable Fuels",10102030,Oil & Gas Refining & Marketing,0.750,model+crosswalk,
DIOD,Diodes Inc,3674,45,Information Technology,4530,Semiconductors & Semiconductor Equipment,453010,Semiconductors & Semiconductor Equipment,45301020,Semiconductors,0.900,model+crosswalk,
DIS,The Walt Disney Company,7990,50,Communication Services,5020,Media & Entertainment,502020,Entertainment,50202010,Movies & Entertainment,0.900,model+crosswalk,
DIT,AMCON Distributing Co.,5141,30,Consumer Staples,3010,Consumer Staples Distribution & Retail,301010,Consumer Staples Distribution & Retail,30101020,Food Distributors,0.900,model+crosswalk,
DJCO,Daily Journal Corp,2711,45,Information Technology,4510,Software & Services,451030,Software,45103010,Application Software,0.600,yahoo,
DJT,Trump Media & Technology Group Corp. Common Stock,7370,50,Communication Services,5020,Media & Entertainment,502030,Interactive Media & Services,50203010,Interactive Media & Services,0.900,model+crosswalk,
DK,"Delek US Holdings, Inc.",2911,10,Energy,1010,Energy,101020,"Oil, Gas & Consumable Fuels",10102030,Oil & Gas Refining & Marketing,0.909,model+crosswalk,
DKI,DarkIris Inc. Class A Ordinary Shares,7372,50,Communication Services,5020,Media & Entertainment,502020,Entertainment,50202020,Interactive Home Entertainment,0.600,model+crosswalk,
DKKUF,DAIKOKU DENKI CO LTD,,,,,,,,,,,,no_evidence
DKL,"DELEK LOGISTICS PARTNERS, LP",4610,10,Energy,1010,Energy,101020,"Oil, Gas & Consumable Fuels",10102030,Oil & Gas Refining & Marketing,0.750,yahoo+sic,
DKNG,DraftKings Inc. Class A Common Stock,7990,25,Consumer Discretionary,2530,Consumer Services,253010,"Hotels, Restaurants & Leisure",25301010,Casinos & Gaming,0.900,model+crosswalk,
DKS,"Dick's Sporting Goods, Inc.",5940,25,Consumer Discretionary,2550,Consumer Discretionary Distribution & Retail,255040,Specialty Retail,25504010,Apparel Retail,0.750,model+crosswalk,
DLB,"Dolby Laboratories, Inc.Class A",6794,20,Industrials,2020,Commercial & Professional Services,202010,Commercial Services & Supplies,20201070,Diversified Support Services,0.600,yahoo,
DLHC,DLH Holdings Corp.,7363,20,Industrials,2020,Commercial & Professional Services,202020,Professional Services,20202030,Data Processing & Outsourced Services,0.750,yahoo+sic,
DLNG,DYNAGAS LNG PARNERS LP,4400,10,Energy,1010,Energy,101020,"Oil, Gas & Consumable Fuels",10102040,Oil & Gas Storage & Transportation,0.600,model+crosswalk,
DLO,DLocal Limited Class A Common Shares,7389,40,Financials,4020,Financial Services,402010,Financial Services,40201060,Transaction & Payment Processing Services,0.900,model+crosswalk,
DLPN,"Dolphin Entertainment, Inc.",7200,50,Communication Services,5020,Media & Entertainment,502010,Media,50201010,Advertising,0.600,model+crosswalk,
DLR,"Digital Realty Trust, Inc.",6798,60,Real Estate,6010,Equity Real Estate Investment Trusts (REITs),601080,Specialized REITs,60108050,Data Center REITs,0.919,model+crosswalk,
DLTH,Duluth Holdings Inc. Class B Common Stock,5600,25,Consumer Discretionary,2550,Consumer Discretionary Distribution & Retail,255040,Specialty Retail,25504010,Apparel Retail,0.900,model+crosswalk,
DLTR,Dollar Tree Inc.,5331,30,Consumer Staples,3010,Consumer Staples Distribution & Retail,301010,Consumer Staples Distribution & Retail,30101040,Consumer Staples Merchandise Retail,0.900,model+crosswalk,
DLX,Deluxe Corporation,2780,20,Industrials,2010,Capital Goods,201050,Industrial Conglomerates,20105010,Industrial Conglomerates,0.700,yahoo+sic,
DLXY,Delixy Holdings Limited Class A Ordinary Shares,5172,10,Energy,1010,Energy,101020,"Oil, Gas & Consumable Fuels",10102030,Oil & Gas Refining & Marketing,0.750,yahoo+sic,
DMAA,Drugs Made In America Acquisition Corp. Ordinary Shares,6770,,,,,,,,,,,shell_company
DMAC,DiaMedica Therapeutics Inc. Common Stock,2834,35,Health Care,3520,"Pharmaceuticals, Biotechnology & Life Sciences",352010,Biotechnology,35201010,Biotechnology,0.900,model+crosswalk,
DMC,Del Monte Corporation,0100,30,Consumer Staples,3020,"Food, Beverage & Tobacco",302020,Food Products,30202030,Packaged Foods & Meats,0.750,yahoo+sic,
DMFG,DECKER MANUFACTURING CORP,,20,Industrials,2010,Capital Goods,201060,Machinery,20106020,Industrial Machinery & Supplies & Components,0.650,model+crosswalk,
DMII,Drugs Made In America Acquisition II Corp. Ordinary Shares,6770,,,,,,,,,,,shell_company
DMLP,Dorchester Minerals LP,1311,10,Energy,1010,Energy,101020,"Oil, Gas & Consumable Fuels",10102020,Oil & Gas Exploration & Production,0.900,model+crosswalk,
DMNB,DIAMOND BANCSHARES INC,,40,Financials,4010,Banks,401010,Banks,40101015,Regional Banks,0.650,model+crosswalk,
DMNIF,DAMON INC,,25,Consumer Discretionary,2510,Automobiles & Components,251020,Automobiles,25102010,Automobile Manufacturers,0.650,model+crosswalk,
DMRA,"Damora Therapeutics, Inc. Ordinary Shares",2834,35,Health Care,3520,"Pharmaceuticals, Biotechnology & Life Sciences",352010,Biotechnology,35201010,Biotechnology,0.900,model+crosswalk,
DMRC,Digimarc Corporation Common Stock,7373,45,Information Technology,4510,Software & Services,451030,Software,45103010,Application Software,0.750,model+crosswalk,
DMRR,DAYTON & MICH RR GTD,,,,,,,,,,,,no_evidence
DNA,"Ginkgo Bioworks Holdings, Inc.",2836,35,Health Care,3520,"Pharmaceuticals, Biotechnology & Life Sciences",352010,Biotechnology,35201010,Biotechnology,0.900,model+crosswalk,
DNLI,Denali Therapeutics Inc. Common Stock,2836,35,Health Care,3520,"Pharmaceuticals, Biotechnology & Life Sciences",352010,Biotechnology,35201010,Biotechnology,0.900,model+crosswalk,
DNMX,Dynamix Corporation III Class A Ordinary Shares,6770,,,,,,,,,,,shell_company
DNN,Denison Mines Corp,1090,10,Energy,1010,Energy,101020,"Oil, Gas & Consumable Fuels",10102050,Coal & Consumable Fuels,0.900,model+crosswalk,
DNOW,DNOW Inc.,3533,20,Industrials,2010,Capital Goods,201070,Trading Companies & Distributors,20107010,Trading Companies & Distributors,0.600,yahoo,
DNTH,"Dianthus Therapeutics, Inc. Common Stock",2834,35,Health Care,3520,"Pharmaceuticals, Biotechnology & Life Sciences",352010,Biotechnology,35201010,Biotechnology,0.900,model+crosswalk,
DNUT,"Krispy Kreme, Inc. Common Stock",5400,30,Consumer Staples,3010,Consumer Staples Distribution & Retail,301010,Consumer Staples Distribution & Retail,30101030,Food Retail,0.900,model+crosswalk,
DOC,"Healthpeak Properties, Inc.",6798,60,Real Estate,6010,Equity Real Estate Investment Trusts (REITs),601050,Health Care REITs,60105010,Health Care REITs,0.900,model+crosswalk,
DOCN,"DigitalOcean Holdings, Inc.",7370,45,Information Technology,4510,Software & Services,451030,Software,45103020,Systems Software,0.750,yahoo+sic,
DOCS,"Doximity, Inc.",7371,35,Health Care,3510,Health Care Equipment & Services,351030,Health Care Technology,35103010,Health Care Technology,0.600,yahoo,
DOCU,"DocuSign, Inc. Common Stock",7372,45,Information Technology,4510,Software & Services,451030,Software,45103010,Application Software,0.900,model+crosswalk,
DOGP,DOGECOIN CASH INC,,35,Health Care,3510,Health Care Equipment & Services,351030,Health Care Technology,35103010,Health Care Technology,0.650,yahoo,
DOGZ,Dogness (International) Corporation Class A Common Stock,3990,25,Consumer Discretionary,2520,Consumer Durables & Apparel,252020,Leisure Products,25202010,Leisure Products,0.750,model+crosswalk,
DOLE,Dole plc,0100,30,Consumer Staples,3020,"Food, Beverage & Tobacco",302020,Food Products,30202010,Agricultural Products & Services,0.900,model+crosswalk,
DOMH,Dominari Holdings Inc. Common Stock,6211,40,Financials,4020,Financial Services,402030,Capital Markets,40203010,Asset Management & Custody Banks,0.900,model+crosswalk,
DOMO,"Domo, Inc. Class B Common Stock",7372,45,Information Technology,4510,Software & Services,451030,Software,45103010,Application Software,0.900,model+crosswalk,
DOO,BRP Inc. Common Subordinate Voting Shares,3790,25,Consumer Discretionary,2520,Consumer Durables & Apparel,252020,Leisure Products,25202010,Leisure Products,0.600,model+crosswalk,
DORM,"Dorman Products, Inc. New",3714,25,Consumer Discretionary,2510,Automobiles & Components,251010,Automobile Components,25101010,Automotive Parts & Equipment,0.900,model+crosswalk,
DOUG,Douglas Elliman Inc.,6531,60,Real Estate,6020,Real Estate Management & Development,602010,Real Estate Management & Development,60201040,Real Estate Services,0.925,model+crosswalk,
DOV,Dover Corporation,3530,20,Industrials,2010,Capital Goods,201010,Aerospace & Defense,20101010,Aerospace & Defense,0.750,yahoo+sic,
DOW,Dow Inc.,2821,15,Materials,1510,Materials,151010,Chemicals,15101010,Commodity Chemicals,0.900,model+crosswalk,
DOX,Amdocs Limited,7371,45,Information Technology,4510,Software & Services,451030,Software,45103020,Systems Software,0.750,yahoo+sic,
DPC,DPC Holdings PLC,3360,20,Industrials,2010,Capital Goods,201010,Aerospace & Defense,20101010,Aerospace & Defense,0.750,model+crosswalk,
DPLS,DARKPULSE INC,,45,Information Technology,4520,Technology Hardware & Equipment,452030,"Electronic Equipment, Instruments & Components",45203010,Electronic Equipment & Instruments,0.887,model+crosswalk,
DPRO,Draganfly Inc. Common Shares,3721,20,Industrials,2010,Capital Goods,201010,Aerospace & Defense,20101010,Aerospace & Defense,0.900,model+crosswalk,
DPU,Top KingWin Ltd Class A Ordinary Shares,7389,20,Industrials,2020,Commercial & Professional Services,202010,Commercial Services & Supplies,20201070,Diversified Support Services,0.550,sic,
DPZ,Domino's Pizza Inc.,5140,25,Consumer Discretionary,2530,Consumer Services,253010,"Hotels, Restaurants & Leisure",25301040,Restaurants,0.600,model+crosswalk,
DRCT,"Direct Digital Holdings, Inc. Class A Common Stock",7310,50,Communication Services,5020,Media & Entertainment,502010,Media,50201010,Advertising,0.900,model+crosswalk,
DRDB,Roman DBDR Acquisition Corp. II Ordinary shares,6770,,,,,,,,,,,shell_company
DRH,Diamondrock Hospitality Company Common Stock,6798,60,Real Estate,6010,Equity Real Estate Investment Trusts (REITs),601030,Hotel & Resort REITs,60103010,Hotel & Resort REITs,0.750,model+crosswalk,
DRI,"Darden Restaurants, Inc.",5812,25,Consumer Discretionary,2530,Consumer Services,253010,"Hotels, Restaurants & Leisure",25301040,Restaurants,0.900,model+crosswalk,
DRIO,DarioHealth Corp. Common Stock,3841,35,Health Care,3510,Health Care Equipment & Services,351030,Health Care Technology,35103010,Health Care Technology,0.750,yahoo+sic,
DRK,DarkHorse Technologies Inc. Common Shares,6199,45,Information Technology,4510,Software & Services,451020,IT Services,45102030,Internet Services & Infrastructure,0.600,model+crosswalk,
DRMA,"Dermata Therapeutics, Inc. Common Stock",2834,35,Health Care,3520,"Pharmaceuticals, Biotechnology & Life Sciences",352010,Biotechnology,35201010,Biotechnology,0.750,model+crosswalk,
DRNG,DRONE GUARDER INC,,20,Industrials,2020,Commercial & Professional Services,202010,Commercial Services & Supplies,20201080,Security & Alarm Services,0.650,model+crosswalk,
DRRKF,DORMAKABA HLD AG ORD,,20,Industrials,2010,Capital Goods,201020,Building Products,20102010,Building Products,0.650,model+crosswalk,
DRS,"Leonardo DRS, Inc. Common Stock",3812,20,Industrials,2010,Capital Goods,201010,Aerospace & Defense,20101010,Aerospace & Defense,0.900,model+crosswalk,
DRTS,Alpha Tau Medical Ltd. Ordinary Shares,3841,35,Health Care,3520,"Pharmaceuticals, Biotechnology & Life Sciences",352010,Biotechnology,35201010,Biotechnology,0.700,model+crosswalk,
DRUG,Bright Minds Biosciences Inc. Common Stock,2834,35,Health Care,3520,"Pharmaceuticals, Biotechnology & Life Sciences",352010,Biotechnology,35201010,Biotechnology,0.750,model+crosswalk,
DRVN,Driven Brands Holdings Inc. Common Stock,7500,25,Consumer Discretionary,2550,Consumer Discretionary Distribution & Retail,255040,Specialty Retail,25504050,Automotive Retail,0.700,model+crosswalk,
DSAC,Daedalus Special Acquisition Corp. Class A Ordinary Shares,6770,,,,,,,,,,,shell_company
DSGN,"Design Therapeutics, Inc. Common Stock",2834,35,Health Care,3520,"Pharmaceuticals, Biotechnology & Life Sciences",352010,Biotechnology,35201010,Biotechnology,0.900,model+crosswalk,
DSGR,"Distribution Solutions Group, Inc. Common Stock",5080,20,Industrials,2010,Capital Goods,201070,Trading Companies & Distributors,20107010,Trading Companies & Distributors,0.900,model+crosswalk,
DSGX,Descartes Systems Group Inc,7372,45,Information Technology,4510,Software & Services,451030,Software,45103010,Application Software,0.900,model+crosswalk,
DSHHF,DAISHI HOKUETSU FINL GRP,,40,Financials,4010,Banks,401010,Banks,40101015,Regional Banks,0.650,model+crosswalk,
DSP,Viant Technology Inc. Class A Common Stock,7370,45,Information Technology,4510,Software & Services,451030,Software,45103010,Application Software,0.900,model+crosswalk,
DSS,"DSS, Inc.",2650,15,Materials,1510,Materials,151030,Containers & Packaging,15103010,"Metal, Glass & Plastic Containers",0.750,yahoo+sic,
DSWL,Deswell Industries Inc,3089,45,Information Technology,4520,Technology Hardware & Equipment,452030,"Electronic Equipment, Instruments & Components",45203020,Electronic Manufacturing Services,0.600,yahoo,
DSX,"Diana Shipping, Inc.",4412,20,Industrials,2030,Transportation,203030,Marine Transportation,20303010,Marine Transportation,0.900,model+crosswalk,
DSY,Big Tree Cloud Holdings Limited Class A Ordinary Shares,2670,30,Consumer Staples,3030,Household & Personal Products,303020,Personal Care Products,30302010,Personal Care Products,0.600,model+crosswalk,
DT,"Dynatrace, Inc.",7372,45,Information Technology,4510,Software & Services,451030,Software,45103010,Application Software,0.900,model+crosswalk,
DTCX,"Datacentrex, Inc. Common Stock",7374,40,Financials,4020,Financial Services,402030,Capital Markets,40203040,Financial Exchanges & Data,0.600,yahoo,
DTE,DTE Energy Company,4911,55,Utilities,5510,Utilities,551010,Electric Utilities,55101010,Electric Utilities,0.750,model+crosswalk,
DTI,Drilling Tools International Corporation Common Stock,3533,10,Energy,1010,Energy,101010,Energy Equipment & Services,10101020,Oil & Gas Equipment & Services,0.900,model+crosswalk,
DTIL,"Precision BioSciences, Inc. Common Stock",2836,35,Health Care,3520,"Pharmaceuticals, Biotechnology & Life Sciences",352010,Biotechnology,35201010,Biotechnology,0.900,model+crosswalk,
DTM,"DT Midstream, Inc.",4922,10,Energy,1010,Energy,101020,"Oil, Gas & Consumable Fuels",10102040,Oil & Gas Storage & Transportation,0.900,model+crosswalk,
DTRL,DETROIT LEGAL NEWS CO,,50,Communication Services,5020,Media & Entertainment,502010,Media,50201040,Publishing,0.650,yahoo,
DTSQ,DT Cloud Star Acquisition Corporation Ordinary Shares,6770,,,,,,,,,,,shell_company
DTSS,Datasea Intelligent Technology Ltd. Class A Ordinary Shares,7372,45,Information Technology,4510,Software & Services,451030,Software,45103020,Systems Software,0.750,yahoo+sic,
DTST,Data Storage Corporation Common Stock,7374,45,Information Technology,4510,Software & Services,451020,IT Services,45102010,IT Consulting & Other Services,0.750,yahoo+sic,
DTWHF,DAETWYLER HOLDINGS AG ORD,,20,Industrials,2010,Capital Goods,201070,Trading Companies & Distributors,20107010,Trading Companies & Distributors,0.650,model+crosswalk,
DUK,Duke Energy Corporation,4931,55,Utilities,5510,Utilities,551010,Electric Utilities,55101010,Electric Utilities,0.750,model+crosswalk,
DUKR,DUKE Robotics Corp. Common Stock,3721,20,Industrials,2010,Capital Goods,201010,Aerospace & Defense,20101010,Aerospace & Defense,0.900,model+crosswalk,
DUO,Fangdd Network Group Ltd. Class A Ordinary Shares,6500,60,Real Estate,6020,Real Estate Management & Development,602010,Real Estate Management & Development,60201040,Real Estate Services,0.900,model+crosswalk,
DUOL,"Duolingo, Inc. Class A Common Stock",7372,45,Information Technology,4510,Software & Services,451030,Software,45103010,Application Software,0.900,model+crosswalk,
DUOT,"Duos Technologies Group, Inc. Common Stock",7372,45,Information Technology,4510,Software & Services,451030,Software,45103010,Application Software,0.750,model+crosswalk,
DV,"DoubleVerify Holdings, Inc.",7370,50,Communication Services,5020,Media & Entertainment,502010,Media,50201010,Advertising,0.750,model+crosswalk,
DVA,DaVita Inc.,8090,35,Health Care,3510,Health Care Equipment & Services,351020,Health Care Providers & Services,35102015,Health Care Services,0.900,model+crosswalk,
DVLT,Datavault AI Inc. Common Stock,7389,45,Information Technology,4510,Software & Services,451030,Software,45103020,Systems Software,0.750,yahoo+sic,
DVN,Devon Energy Corporation,1311,10,Energy,1010,Energy,101020,"Oil, Gas & Consumable Fuels",10102020,Oil & Gas Exploration & Production,0.900,model+crosswalk,
DWNX,DELHI BANK CORP,,40,Financials,4010,Banks,401010,Banks,40101015,Regional Banks,0.650,model+crosswalk,
DWSN,Dawson Geophysical Company New Common Stock,1382,10,Energy,1010,Energy,101010,Energy Equipment & Services,10101020,Oil & Gas Equipment & Services,0.900,model+crosswalk,
DWTX,"Dogwood Therapeutics, Inc. Common Stock",2834,35,Health Care,3520,"Pharmaceuticals, Biotechnology & Life Sciences",352010,Biotechnology,35201010,Biotechnology,0.900,model+crosswalk,
DX,"Dynex Capital, Inc.",6798,40,Financials,4020,Financial Services,402040,Mortgage Real Estate Investment Trusts,40204010,Mortgage REITs,0.913,model+crosswalk,
DXC,DXC Technology Company,7374,45,Information Technology,4510,Software & Services,451020,IT Services,45102010,IT Consulting & Other Services,0.750,yahoo+sic,
DXCM,"DexCom, Inc.",3841,35,Health Care,3510,Health Care Equipment & Services,351010,Health Care Equipment & Supplies,35101010,Health Care Equipment,0.900,model+crosswalk,
DXLG,"Destination XL Group, Inc. Common Stock",5651,25,Consumer Discretionary,2550,Consumer Discretionary Distribution & Retail,255040,Specialty Retail,25504010,Apparel Retail,0.900,model+crosswalk,
DXPE,DXP Enterprises Inc,5084,20,Industrials,2010,Capital Goods,201070,Trading Companies & Distributors,20107010,Trading Companies & Distributors,0.900,model+crosswalk,
DXR,Daxor Corporation Common Stock,3841,35,Health Care,3510,Health Care Equipment & Services,351010,Health Care Equipment & Supplies,35101020,Health Care Supplies,0.750,yahoo+sic,
DXST,Decent Holding Inc Class A Ordinary Shares,4950,20,Industrials,2020,Commercial & Professional Services,202010,Commercial Services & Supplies,20201050,Environmental & Facilities Services,0.900,model+crosswalk,
DXYN,DIXIE GROUP INC,,25,Consumer Discretionary,2520,Consumer Durables & Apparel,252030,"Textiles, Apparel & Luxury Goods",25203030,Textiles,0.650,model+crosswalk,
DY,"Dycom Industries, Inc.",1623,20,Industrials,2010,Capital Goods,201030,Construction & Engineering,20103010,Construction & Engineering,0.900,model+crosswalk,
DYAI,"Dyadic International, Inc.",2836,35,Health Care,3520,"Pharmaceuticals, Biotechnology & Life Sciences",352010,Biotechnology,35201010,Biotechnology,0.900,model+crosswalk,
DYFWF,DYNASTY FINE WINES GROUP,,30,Consumer Staples,3020,"Food, Beverage & Tobacco",302010,Beverages,30201020,Distillers & Vintners,0.650,model+crosswalk,
DYN,"Dyne Therapeutics, Inc. Common Stock",2834,35,Health Care,3520,"Pharmaceuticals, Biotechnology & Life Sciences",352010,Biotechnology,35201010,Biotechnology,0.900,model+crosswalk,
DYNC,Dynamix Corporation Class A Ordinary Shares,6770,,,,,,,,,,,shell_company
DYOCF,DENYO CO LTD ORD,,,,,,,,,,,,no_evidence
DYOR,Insight Digital Partners II Class A Ordinary Shares,6770,,,,,,,,,,,shell_company
EAF,GrafTech International Ltd.,3620,20,Industrials,2010,Capital Goods,201040,Electrical Equipment,20104010,Electrical Components & Equipment,0.900,model+crosswalk,
EARN,Ellington Credit Company,6798,40,Financials,4020,Financial Services,402030,Capital Markets,40203010,Asset Management & Custody Banks,0.600,yahoo,
EAT,"Brinker International, Inc.",5812,25,Consumer Discretionary,2530,Consumer Services,253010,"Hotels, Restaurants & Leisure",25301040,Restaurants,0.900,model+crosswalk,
EBAY,eBay Inc,7389,25,Consumer Discretionary,2550,Consumer Discretionary Distribution & Retail,255040,Specialty Retail,25504010,Apparel Retail,0.600,yahoo,
EBC,"Eastern Bankshares, Inc. Common Stock",6035,40,Financials,4010,Banks,401010,Banks,40101015,Regional Banks,0.900,model+crosswalk,
EBET,EBET INC,,25,Consumer Discretionary,2530,Consumer Services,253010,"Hotels, Restaurants & Leisure",25301010,Casinos & Gaming,0.650,model+crosswalk,
EBF,"Ennis, Inc.",2761,20,Industrials,2020,Commercial & Professional Services,202010,Commercial Services & Supplies,20201010,Commercial Printing,0.900,model+crosswalk,
EBMT,"Eagle Bancorp Montana, Inc",6022,40,Financials,4010,Banks,401010,Banks,40101015,Regional Banks,0.900,model+crosswalk,
EBON,Ebang International Holdings Inc. Class A Ordinary Shares,6200,45,Information Technology,4520,Technology Hardware & Equipment,452020,"Technology Hardware, Storage & Peripherals",45202030,"Technology Hardware, Storage & Peripherals",0.600,yahoo,
EBS,"Emergent Biosolutions, Inc.",2834,35,Health Care,3520,"Pharmaceuticals, Biotechnology & Life Sciences",352020,Pharmaceuticals,35202010,Pharmaceuticals,0.900,model+crosswalk,
EBSH,EMPIRE BANCSHARES INC,,40,Financials,4010,Banks,401010,Banks,40101015,Regional Banks,0.650,model+crosswalk,
ECBK,"ECB Bancorp, Inc. Common Stock",6036,40,Financials,4010,Banks,401010,Banks,40101015,Regional Banks,0.900,model+crosswalk,
ECG,"Everus Construction Group, Inc.",1531,20,Industrials,2010,Capital Goods,201030,Construction & Engineering,20103010,Construction & Engineering,0.600,model+crosswalk,
ECHO,EchoStar Corporation,4899,50,Communication Services,5010,Telecommunication Services,501020,Wireless Telecommunication Services,50102010,Wireless Telecommunication Services,0.750,model+crosswalk,
ECL,"Ecolab, Inc.",2840,15,Materials,1510,Materials,151010,Chemicals,15101050,Specialty Chemicals,0.600,model+crosswalk,
ECO,Okeanis Eco Tankers Corp.,4412,20,Industrials,2030,Transportation,203030,Marine Transportation,20303010,Marine Transportation,0.900,model+crosswalk,
ECOR,"electroCore, Inc. Common Stock",3845,35,Health Care,3510,Health Care Equipment & Services,351010,Health Care Equipment & Supplies,35101010,Health Care Equipment,0.900,model+crosswalk,
ECPG,"Encore Capital Group, Inc.",6153,40,Financials,4020,Financial Services,402020,Consumer Finance,40202010,Consumer Finance,0.750,model+crosswalk,
ECVT,Ecovyst Inc.,2800,15,Materials,1510,Materials,151010,Chemicals,15101050,Specialty Chemicals,0.900,model+crosswalk,
ECX,ECARX Holdings Inc. Class A Ordinary shares,7373,25,Consumer Discretionary,2510,Automobiles & Components,251010,Automobile Components,25101010,Automotive Parts & Equipment,0.600,yahoo,
ED,"Consolidated Edison, Inc.",4931,55,Utilities,5510,Utilities,551010,Electric Utilities,55101010,Electric Utilities,0.750,model+crosswalk,
EDBL,Edible Garden AG Incorporated Common Stock,0100,30,Consumer Staples,3020,"Food, Beverage & Tobacco",302020,Food Products,30202030,Packaged Foods & Meats,0.750,yahoo+sic,
EDHL,Everbright Digital Holding Limited Ordinary Shares,7310,50,Communication Services,5020,Media & Entertainment,502010,Media,50201010,Advertising,0.900,model+crosswalk,
EDIT,"Editas Medicine, Inc. Common Stock",2836,35,Health Care,3520,"Pharmaceuticals, Biotechnology & Life Sciences",352010,Biotechnology,35201010,Biotechnology,0.900,model+crosswalk,
EDRY,EuroDry Ltd. Common Shares,4400,20,Industrials,2030,Transportation,203030,Marine Transportation,20303010,Marine Transportation,0.900,model+crosswalk,
EDSA,"Edesa Biotech, Inc. Common Shares",2834,35,Health Care,3520,"Pharmaceuticals, Biotechnology & Life Sciences",352010,Biotechnology,35201010,Biotechnology,0.900,model+crosswalk,
EDTK,Skillful Craftsman Education Technology Limited Ordinary Share,8200,25,Consumer Discretionary,2530,Consumer Services,253020,Diversified Consumer Services,25302010,Education Services,0.900,model+crosswalk,
EDUC,Educational Development Corp,5190,50,Communication Services,5020,Media & Entertainment,502010,Media,50201040,Publishing,0.600,yahoo,
EDVA,"Endovia Health Sciences, Inc.",2080,35,Health Care,3520,"Pharmaceuticals, Biotechnology & Life Sciences",352010,Biotechnology,35201010,Biotechnology,0.600,model+crosswalk,
EDVR,ENDEAVOR BANCORP,,40,Financials,4010,Banks,401010,Banks,40101015,Regional Banks,0.650,model+crosswalk,
EE,"Excelerate Energy, Inc.",4924,10,Energy,1010,Energy,101020,"Oil, Gas & Consumable Fuels",10102040,Oil & Gas Storage & Transportation,0.600,model+crosswalk,
EEFT,Euronet Worldwide Inc,6099,40,Financials,4020,Financial Services,402010,Financial Services,40201060,Transaction & Payment Processing Services,0.900,model+crosswalk,
EEIQ,EpicQuest Education Group International Limited Common Stock,8200,25,Consumer Discretionary,2530,Consumer Services,253020,Diversified Consumer Services,25302010,Education Services,0.900,model+crosswalk,
EFC,Ellington Financial Inc. Common Stock,6500,40,Financials,4020,Financial Services,402040,Mortgage Real Estate Investment Trusts,40204010,Mortgage REITs,0.608,model+crosswalk,
EFOI,"Energy Focus, Inc.",3640,25,Consumer Discretionary,2520,Consumer Durables & Apparel,252010,Household Durables,25201020,Home Furnishings,0.600,yahoo,
EFOR,"Everforth, Inc.",7363,20,Industrials,2020,Commercial & Professional Services,202020,Professional Services,20202030,Data Processing & Outsourced Services,0.750,yahoo+sic,
EFSC,Enterprise Financial Services Corporation,6022,40,Financials,4010,Banks,401010,Banks,40101015,Regional Banks,0.900,model+crosswalk,
EFSG,ENTERPRISE FINL SVCS GP A,,40,Financials,4010,Banks,401010,Banks,40101015,Regional Banks,0.650,yahoo,
EFSI,Eagle Financial Services Inc Common Stock,6022,40,Financials,4010,Banks,401010,Banks,40101015,Regional Banks,0.941,model+crosswalk,
EFTR,EFFECTOR THERAPUTCS  INC,,35,Health Care,3520,"Pharmaceuticals, Biotechnology & Life Sciences",352010,Biotechnology,35201010,Biotechnology,0.650,model+crosswalk,
EFTY,"Etoiles Capital Group Co., Ltd. Class A Ordinary Shares",8742,20,Industrials,2020,Commercial & Professional Services,202020,Professional Services,20202020,Research & Consulting Services,0.900,model+crosswalk,
EFX,"Equifax, Incorporated",7320,20,Industrials,2020,Commercial & Professional Services,202020,Professional Services,20202020,Research & Consulting Services,0.900,model+crosswalk,
EFXT,Enerflex Ltd.,3560,10,Energy,1010,Energy,101010,Energy Equipment & Services,10101020,Oil & Gas Equipment & Services,0.600,model+crosswalk,
EG,"Everest Group, Ltd.",6331,40,Financials,4030,Insurance,403010,Insurance,40301050,Reinsurance,0.750,yahoo+sic,
EGAN,eGain Corporation,7372,45,Information Technology,4510,Software & Services,451030,Software,45103010,Application Software,0.900,model+crosswalk,
EGBN,Eagle Bancorp Inc,6022,40,Financials,4010,Banks,401010,Banks,40101015,Regional Banks,0.900,model+crosswalk,
EGG,Enigmatig Limited,8742,20,Industrials,2020,Commercial & Professional Services,202020,Professional Services,20202020,Research & Consulting Services,0.900,model+crosswalk,
EGHA,EGH Acquisition Corp. Class A Ordinary Shares,6770,,,,,,,,,,,shell_company
EGHT,"8x8, Inc. Common Stock",7374,45,Information Technology,4510,Software & Services,451030,Software,45103010,Application Software,0.600,model+crosswalk,
EGO,Eldorado Gold Corporation,,15,Materials,1510,Materials,151040,Metals & Mining,15104030,Gold,0.650,model+crosswalk,
EGOC,ENERGY 1 CORP,,20,Industrials,2020,Commercial & Professional Services,202020,Professional Services,20202020,Research & Consulting Services,0.781,model+crosswalk,
EGP,EastGroup Properties Inc.,6798,60,Real Estate,6010,Equity Real Estate Investment Trusts (REITs),601025,Industrial REITs,60102510,Industrial REITs,0.900,model+crosswalk,
EGRX,EAGLE PHARMS INC,,35,Health Care,3520,"Pharmaceuticals, Biotechnology & Life Sciences",352020,Pharmaceuticals,35202010,Pharmaceuticals,0.731,model+crosswalk,
EGY,"Vaalco Energy, Inc.",1311,10,Energy,1010,Energy,101020,"Oil, Gas & Consumable Fuels",10102020,Oil & Gas Exploration & Production,0.900,model+crosswalk,
EHC,Encompass Health Corporation Common Stock,8060,35,Health Care,3510,Health Care Equipment & Services,351020,Health Care Providers & Services,35102020,Health Care Facilities,0.900,model+crosswalk,
EHGO,Eshallgo Inc. Class A Ordinary Shares,,20,Industrials,2020,Commercial & Professional Services,202010,Commercial Services & Supplies,20201060,Office Services & Supplies,0.650,yahoo,
EHLD,Euroholdings Ltd. Common Stock,,20,Industrials,2030,Transportation,203030,Marine Transportation,20303010,Marine Transportation,0.650,model+crosswalk,
EHTH,"eHealth, Inc.",6411,40,Financials,4030,Insurance,403010,Insurance,40301010,Insurance Brokers,0.900,model+crosswalk,
EIG,"Employers Holdings, Inc.",6331,40,Financials,4030,Insurance,403010,Insurance,40301040,Property & Casualty Insurance,0.900,model+crosswalk,
EIKN,"Eikon Therapeutics, Inc. Common Stock",2836,35,Health Care,3520,"Pharmaceuticals, Biotechnology & Life Sciences",352010,Biotechnology,35201010,Biotechnology,0.900,model+crosswalk,
EIX,Edison International,4911,55,Utilities,5510,Utilities,551010,Electric Utilities,55101010,Electric Utilities,0.900,model+crosswalk,
EJH,E-Home Household Service Holdings Limited Ordinary Shares,,25,Consumer Discretionary,2530,Consumer Services,253020,Diversified Consumer Services,25302020,Specialized Consumer Services,0.650,yahoo,
EL,The Estee Lauder Companies Inc. Class A,2844,30,Consumer Staples,3030,Household & Personal Products,303020,Personal Care Products,30302010,Personal Care Products,0.900,model+crosswalk,
ELA,Envela Corporation,5944,25,Consumer Discretionary,2520,Consumer Durables & Apparel,252030,"Textiles, Apparel & Luxury Goods",25203010,"Apparel, Accessories & Luxury Goods",0.700,model+crosswalk,
ELAB,PMGC Holdings Inc. Common Stock,2834,35,Health Care,3520,"Pharmaceuticals, Biotechnology & Life Sciences",352010,Biotechnology,35201010,Biotechnology,0.900,model+crosswalk,
ELAN,Elanco Animal Health Incorporated Common Stock,2834,35,Health Care,3520,"Pharmaceuticals, Biotechnology & Life Sciences",352020,Pharmaceuticals,35202010,Pharmaceuticals,0.900,model+crosswalk,
ELBM,Electra Battery Materials Corporation Common Stock,,15,Materials,1510,Materials,151040,Metals & Mining,15104020,Diversified Metals & Mining,0.650,model+crosswalk,
ELDN,"Eledon Pharmaceuticals, Inc. Common Stock",2834,35,Health Care,3520,"Pharmaceuticals, Biotechnology & Life Sciences",352010,Biotechnology,35201010,Biotechnology,0.900,model+crosswalk,
ELE,Elemental Royalty Corporation Common Stock,,15,Materials,1510,Materials,151040,Metals & Mining,15104030,Gold,0.650,model+crosswalk,
ELF,"e.l.f. Beauty, Inc.",2844,30,Consumer Staples,3030,Household & Personal Products,303020,Personal Care Products,30302010,Personal Care Products,0.909,model+crosswalk,
ELLO,Ellomay Capital LTD,,55,Utilities,5510,Utilities,551050,Independent Power and Renewable Electricity Producers,55105020,Renewable Electricity,0.650,model+crosswalk,
ELMA,ELMER BANCORP INC,,40,Financials,4010,Banks,401010,Banks,40101015,Regional Banks,0.650,model+crosswalk,
ELMD,"Electromed, Inc.",3845,35,Health Care,3510,Health Care Equipment & Services,351010,Health Care Equipment & Supplies,35101010,Health Care Equipment,0.900,model+crosswalk,
ELME,Elme Communities,6798,60,Real Estate,6010,Equity Real Estate Investment Trusts (REITs),601060,Residential REITs,60106010,Multi-Family Residential REITs,0.750,model+crosswalk,
ELMT,The Elmet Group Co. Common Stock,3490,20,Industrials,2010,Capital Goods,201010,Aerospace & Defense,20101010,Aerospace & Defense,0.750,model+crosswalk,
ELNRF,ELECNOR SA,,20,Industrials,2010,Capital Goods,201030,Construction & Engineering,20103010,Construction & Engineering,0.758,model+crosswalk,
ELOG,Eastern International Ltd. Ordinary Shares,,20,Industrials,2030,Transportation,203010,Air Freight & Logistics,20301010,Air Freight & Logistics,0.650,model+crosswalk,
ELOX,"Eloxx Pharmaceuticals, Inc. Common Stock",2836,35,Health Care,3520,"Pharmaceuticals, Biotechnology & Life Sciences",352010,Biotechnology,35201010,Biotechnology,0.900,model+crosswalk,
ELPW,Elong Power Holding Limited Class A Ordinary Shares,,20,Industrials,2010,Capital Goods,201040,Electrical Equipment,20104010,Electrical Components & Equipment,0.650,model+crosswalk,
ELRE,YINFU GOLD CORP,,50,Communication Services,5020,Media & Entertainment,502030,Interactive Media & Services,50203010,Interactive Media & Services,0.650,model+crosswalk,
ELS,"Equity Lifestyle Properties, Inc.",6798,60,Real Estate,6010,Equity Real Estate Investment Trusts (REITs),601060,Residential REITs,60106020,Single-Family Residential REITs,0.900,model+crosswalk,
ELTK,Eltek Ltd,,45,Information Technology,4520,Technology Hardware & Equipment,452030,"Electronic Equipment, Instruments & Components",45203015,Electronic Components,0.650,model+crosswalk,
ELTX,"Elicio Therapeutics, Inc. Common Stock",2834,35,Health Care,3520,"Pharmaceuticals, Biotechnology & Life Sciences",352010,Biotechnology,35201010,Biotechnology,0.900,model+crosswalk,
ELUT,Elutia Inc. Class A Common Stock,2836,35,Health Care,3510,Health Care Equipment & Services,351010,Health Care Equipment & Supplies,35101010,Health Care Equipment,0.700,model+crosswalk,
ELV,"Elevance Health, Inc.",6324,35,Health Care,3510,Health Care Equipment & Services,351020,Health Care Providers & Services,35102030,Managed Health Care,0.900,model+crosswalk,
ELVA,Electrovaya Inc. Common Shares,,20,Industrials,2010,Capital Goods,201040,Electrical Equipment,20104010,Electrical Components & Equipment,0.650,model+crosswalk,
ELVG,ELVICTOR GROUP INC,,20,Industrials,2020,Commercial & Professional Services,202010,Commercial Services & Supplies,20201070,Diversified Support Services,0.650,yahoo,
ELVN,"Enliven Therapeutics, Inc. Common Stock",2834,35,Health Care,3520,"Pharmaceuticals, Biotechnology & Life Sciences",352010,Biotechnology,35201010,Biotechnology,0.900,model+crosswalk,
ELWT,"Elauwit Connection, Inc. Common Stock",4899,50,Communication Services,5020,Media & Entertainment,502010,Media,50201030,Cable & Satellite,0.700,yahoo+sic,
ELYS,ELYS BMG GROUP INC,,25,Consumer Discretionary,2530,Consumer Services,253010,"Hotels, Restaurants & Leisure",25301010,Casinos & Gaming,0.650,yahoo,
EMA,Emera Incorporated,,55,Utilities,5510,Utilities,551010,Electric Utilities,55101010,Electric Utilities,0.650,model+crosswalk,
EMAT,Evolution Metals & Technologies Corp. Common Stock,3690,15,Materials,1510,Materials,151040,Metals & Mining,15104040,Precious Metals & Minerals,0.600,yahoo,
EMBC,Embecta Corp. Common Stock,3841,35,Health Care,3510,Health Care Equipment & Services,351010,Health Care Equipment & Supplies,35101020,Health Care Supplies,0.750,model+crosswalk,
EME,"EMCOR Group, Inc.",1731,20,Industrials,2010,Capital Goods,201030,Construction & Engineering,20103010,Construction & Engineering,0.900,model+crosswalk,
EMIS,Emmis Acquisition Corp. Class A Ordinary Shares,6770,,,,,,,,,,,shell_company
EML,Eastern Company,3420,20,Industrials,2010,Capital Goods,201060,Machinery,20106020,Industrial Machinery & Supplies & Components,0.900,model+crosswalk,
EMN,Eastman Chemical Company,2821,15,Materials,1510,Materials,151010,Chemicals,15101050,Specialty Chemicals,0.900,model+crosswalk,
EMP,"Entergy Mississippi, LLC First Mortgage Bonds, 4.90% Series due October 1, 2066",4911,,,,,,,,,,,not_common_equity
EMPD,Empery Digital Inc. Common stock,3711,25,Consumer Discretionary,2510,Automobiles & Components,251020,Automobiles,25102020,Motorcycle Manufacturers,0.946,model+crosswalk,
EMR,Emerson Electric Co.,3600,20,Industrials,2010,Capital Goods,201060,Machinery,20106020,Industrial Machinery & Supplies & Components,0.600,model+crosswalk,
EMYB,EMBASSY BANCORP INC,,40,Financials,4010,Banks,401010,Banks,40101015,Regional Banks,0.650,model+crosswalk,
ENB,"Enbridge, Inc",4610,10,Energy,1010,Energy,101020,"Oil, Gas & Consumable Fuels",10102040,Oil & Gas Storage & Transportation,0.900,model+crosswalk,
ENBP,ENB FINANCIAL CORP PA,,40,Financials,4010,Banks,401010,Banks,40101015,Regional Banks,0.650,model+crosswalk,
ENGN,enGene Therapeutics Inc. Common Stock,2836,35,Health Care,3520,"Pharmaceuticals, Biotechnology & Life Sciences",352010,Biotechnology,35201010,Biotechnology,0.900,model+crosswalk,
ENGS,Energys Group Limited Ordinary Shares,,20,Industrials,2020,Commercial & Professional Services,202010,Commercial Services & Supplies,20201050,Environmental & Facilities Services,0.650,model+crosswalk,
ENHA,Enhanced Group Inc.,7990,30,Consumer Staples,3020,"Food, Beverage & Tobacco",302020,Food Products,30202030,Packaged Foods & Meats,0.600,model+crosswalk,
ENIGF,ENIGMO INC,,,,,,,,,,,,no_evidence
ENLT,Enlight Renewable Energy Ltd. Ordinary Shares,,55,Utilities,5510,Utilities,551050,Independent Power and Renewable Electricity Producers,55105020,Renewable Electricity,0.650,model+crosswalk,
ENLV,Enlivex Ltd. Ordinary Shares,,35,Health Care,3520,"Pharmaceuticals, Biotechnology & Life Sciences",352010,Biotechnology,35201010,Biotechnology,0.650,model+crosswalk,
ENMI,DH ENCHANTMENT INC,,35,Health Care,3510,Health Care Equipment & Services,351020,Health Care Providers & Services,35102010,Health Care Distributors,0.650,model+crosswalk,
ENOV,Enovis Corporation,3842,35,Health Care,3510,Health Care Equipment & Services,351010,Health Care Equipment & Supplies,35101010,Health Care Equipment,0.750,model+crosswalk,
ENPH,"Enphase Energy, Inc.",3674,20,Industrials,2010,Capital Goods,201040,Electrical Equipment,20104010,Electrical Components & Equipment,0.600,yahoo,
ENR,"Energizer Holdings, Inc",3690,20,Industrials,2010,Capital Goods,201040,Electrical Equipment,20104010,Electrical Components & Equipment,0.900,model+crosswalk,
ENS,"EnerSys, Inc.",3690,20,Industrials,2010,Capital Goods,201040,Electrical Equipment,20104010,Electrical Components & Equipment,0.922,model+crosswalk,
ENSC,"Ensysce Biosciences, Inc. Common Stock",2834,35,Health Care,3520,"Pharmaceuticals, Biotechnology & Life Sciences",352010,Biotechnology,35201010,Biotechnology,0.900,model+crosswalk,
ENSG,"The Ensign Group, Inc.",8051,35,Health Care,3510,Health Care Equipment & Services,351020,Health Care Providers & Services,35102015,Health Care Services,0.750,yahoo+sic,
ENSV,ENSERVCO CORP,,10,Energy,1010,Energy,101010,Energy Equipment & Services,10101020,Oil & Gas Equipment & Services,0.977,model+crosswalk,
ENTA,"Enanta Pharmaceuticals, Inc",2834,35,Health Care,3520,"Pharmaceuticals, Biotechnology & Life Sciences",352010,Biotechnology,35201010,Biotechnology,0.900,model+crosswalk,
ENTG,Entegris Inc,3089,45,Information Technology,4530,Semiconductors & Semiconductor Equipment,453010,Semiconductors & Semiconductor Equipment,45301010,Semiconductor Materials & Equipment,0.600,model+crosswalk,
ENTOF,ENTRA ASA,,60,Real Estate,6020,Real Estate Management & Development,602010,Real Estate Management & Development,60201040,Real Estate Services,0.937,model+crosswalk,
ENTX,Entera Bio Ltd. Ordinary Shares,2836,35,Health Care,3520,"Pharmaceuticals, Biotechnology & Life Sciences",352010,Biotechnology,35201010,Biotechnology,0.900,model+crosswalk,
ENVA,"Enova International, Inc.",6141,40,Financials,4020,Financial Services,402010,Financial Services,40201060,Transaction & Payment Processing Services,0.750,yahoo+sic,
ENVB,"Enveric Biosciences, Inc. Common Stock",2834,35,Health Care,3520,"Pharmaceuticals, Biotechnology & Life Sciences",352010,Biotechnology,35201010,Biotechnology,0.900,model+crosswalk,
ENVX,Enovix Corporation Common Stock,3690,20,Industrials,2010,Capital Goods,201040,Electrical Equipment,20104010,Electrical Components & Equipment,0.900,model+crosswalk,
EOCN,Eocene Ltd. Ordinary Shares,,35,Health Care,3520,"Pharmaceuticals, Biotechnology & Life Sciences",352010,Biotechnology,35201010,Biotechnology,0.650,model+crosswalk,
EOG,"EOG Resources, Inc.",1311,10,Energy,1010,Energy,101020,"Oil, Gas & Consumable Fuels",10102020,Oil & Gas Exploration & Production,0.900,model+crosswalk,
EOLS,"Evolus, Inc. Common Stock",2834,35,Health Care,3520,"Pharmaceuticals, Biotechnology & Life Sciences",352020,Pharmaceuticals,35202010,Pharmaceuticals,0.900,model+crosswalk,
EOMFF,ENDO MFG CO,,,,,,,,,,,,no_evidence
EONR,EON Resources Inc.,1311,10,Energy,1010,Energy,101020,"Oil, Gas & Consumable Fuels",10102020,Oil & Gas Exploration & Production,0.921,model+crosswalk,
EOSE,"Eos Energy Enterprises, Inc. Class A Common Stock",3690,20,Industrials,2010,Capital Goods,201040,Electrical Equipment,20104010,Electrical Components & Equipment,0.900,model+crosswalk,
EOSS,EOS INC,,30,Consumer Staples,3010,Consumer Staples Distribution & Retail,301010,Consumer Staples Distribution & Retail,30101020,Food Distributors,0.650,model+crosswalk,
EP,Empire Petroleum Corporation,4922,10,Energy,1010,Energy,101020,"Oil, Gas & Consumable Fuels",10102020,Oil & Gas Exploration & Production,0.750,model+crosswalk,
EPAC,Enerpac Tool Group Corp.,3590,20,Industrials,2010,Capital Goods,201060,Machinery,20106020,Industrial Machinery & Supplies & Components,0.900,model+crosswalk,
EPAM,"EPAM SYSTEMS, INC.",7371,45,Information Technology,4510,Software & Services,451020,IT Services,45102010,IT Consulting & Other Services,0.900,model+crosswalk,
EPAZ,EPAZZ INC,,45,Information Technology,4510,Software & Services,451030,Software,45103010,Application Software,0.987,model+crosswalk,
EPC,Edgewell Personal Care Company,2844,30,Consumer Staples,3030,Household & Personal Products,303020,Personal Care Products,30302010,Personal Care Products,0.901,model+crosswalk,
EPD,Enterprise Products Partners L.P.,4922,10,Energy,1010,Energy,101020,"Oil, Gas & Consumable Fuels",10102040,Oil & Gas Storage & Transportation,0.900,model+crosswalk,
EPM,Evolution Petroleum Corporation,1311,10,Energy,1010,Energy,101020,"Oil, Gas & Consumable Fuels",10102020,Oil & Gas Exploration & Production,0.900,model+crosswalk,
EPOW,E-Power Inc. Class A Ordinary Shares,,20,Industrials,2010,Capital Goods,201040,Electrical Equipment,20104010,Electrical Components & Equipment,0.650,model+crosswalk,
EPR,EPR Properties,6798,60,Real Estate,6010,Equity Real Estate Investment Trusts (REITs),601080,Specialized REITs,60108010,Other Specialized REITs,0.750,yahoo+sic,
EPRT,"Essential Properties Realty Trust, Inc.",6798,60,Real Estate,6010,Equity Real Estate Investment Trusts (REITs),601070,Retail REITs,60107010,Retail REITs,0.750,model+crosswalk,
EPRX,Eupraxia Pharmaceuticals Inc. Common Stock,,35,Health Care,3520,"Pharmaceuticals, Biotechnology & Life Sciences",352010,Biotechnology,35201010,Biotechnology,0.650,model+crosswalk,
EPSM,Epsium Enterprise Limited Class A Ordinary Shares,,30,Consumer Staples,3020,"Food, Beverage & Tobacco",302010,Beverages,30201020,Distillers & Vintners,0.650,yahoo,
EPSN,Epsilon Energy Ltd.,1311,10,Energy,1010,Energy,101020,"Oil, Gas & Consumable Fuels",10102020,Oil & Gas Exploration & Production,0.763,model+crosswalk,
EQ,"Equillium, Inc. Common Stock",2834,35,Health Care,3520,"Pharmaceuticals, Biotechnology & Life Sciences",352010,Biotechnology,35201010,Biotechnology,0.900,model+crosswalk,
EQBK,"Equity Bancshares, Inc.",6022,40,Financials,4010,Banks,401010,Banks,40101015,Regional Banks,0.900,model+crosswalk,
EQH,"Equitable Holdings, Inc.",6411,40,Financials,4020,Financial Services,402030,Capital Markets,40203010,Asset Management & Custody Banks,0.700,model+crosswalk,
EQIX,"Equinix, Inc. Common Stock REIT",6798,60,Real Estate,6010,Equity Real Estate Investment Trusts (REITs),601080,Specialized REITs,60108050,Data Center REITs,0.921,model+crosswalk,
EQPT,EquipmentShare.com Inc Class A Common Stock,7359,20,Industrials,2010,Capital Goods,201070,Trading Companies & Distributors,20107010,Trading Companies & Distributors,0.900,model+crosswalk,
EQS,"Equus Total Return, Inc.",,40,Financials,4020,Financial Services,402030,Capital Markets,40203010,Asset Management & Custody Banks,0.650,model+crosswalk,
EQT,EQT CORP,1311,10,Energy,1010,Energy,101020,"Oil, Gas & Consumable Fuels",10102020,Oil & Gas Exploration & Production,0.750,model+crosswalk,
EQTL,EQUITECH INTL CORP,,45,Information Technology,4520,Technology Hardware & Equipment,452030,"Electronic Equipment, Instruments & Components",45203010,Electronic Equipment & Instruments,0.701,model+crosswalk,
EQX,Equinox Gold Corp.,,15,Materials,1510,Materials,151040,Metals & Mining,15104030,Gold,0.650,model+crosswalk,
ERAS,"Erasca, Inc. Common Stock",2834,35,Health Care,3520,"Pharmaceuticals, Biotechnology & Life Sciences",352010,Biotechnology,35201010,Biotechnology,0.900,model+crosswalk,
ERIE,Erie Indemnity Co,6411,40,Financials,4030,Insurance,403010,Insurance,40301010,Insurance Brokers,0.900,model+crosswalk,
ERII,"Energy Recovery, Inc.",3559,20,Industrials,2010,Capital Goods,201060,Machinery,20106020,Industrial Machinery & Supplies & Components,0.900,model+crosswalk,
ERNA,Ernexa Therapeutics Inc. Common Stock,2834,35,Health Care,3520,"Pharmaceuticals, Biotechnology & Life Sciences",352010,Biotechnology,35201010,Biotechnology,0.900,model+crosswalk,
ERO,Ero Copper Corp.,,15,Materials,1510,Materials,151040,Metals & Mining,15104025,Copper,0.650,yahoo,
EROC,"ERock, Inc.",3620,20,Industrials,2010,Capital Goods,201060,Machinery,20106020,Industrial Machinery & Supplies & Components,0.750,model+crosswalk,
EROK,"EagleRock Land, LLC",6792,10,Energy,1010,Energy,101010,Energy Equipment & Services,10101020,Oil & Gas Equipment & Services,0.750,model+crosswalk,
ES,Eversource Energy,4911,55,Utilities,5510,Utilities,551010,Electric Utilities,55101010,Electric Utilities,0.750,model+crosswalk,
ESAB,ESAB Corporation,3569,20,Industrials,2010,Capital Goods,201060,Machinery,20106020,Industrial Machinery & Supplies & Components,0.900,model+crosswalk,
ESCA,Escalade Inc,3949,25,Consumer Discretionary,2530,Consumer Services,253010,"Hotels, Restaurants & Leisure",25301030,Leisure Facilities,0.700,yahoo+sic,
ESE,"ESCO Technologies, Inc.",3669,45,Information Technology,4520,Technology Hardware & Equipment,452030,"Electronic Equipment, Instruments & Components",45203010,Electronic Equipment & Instruments,0.750,yahoo+sic,
ESEA,Euroseas Ltd.(Marshall Islands),,20,Industrials,2030,Transportation,203030,Marine Transportation,20303010,Marine Transportation,0.650,model+crosswalk,
ESI,Element Solutions Inc.,2890,15,Materials,1510,Materials,151010,Chemicals,15101050,Specialty Chemicals,0.900,model+crosswalk,
ESLA,"Estrella Immunopharma, Inc. Common Stock",2836,35,Health Care,3520,"Pharmaceuticals, Biotechnology & Life Sciences",352010,Biotechnology,35201010,Biotechnology,0.900,model+crosswalk,
ESLT,Elbit Systems Ltd,,20,Industrials,2010,Capital Goods,201010,Aerospace & Defense,20101010,Aerospace & Defense,0.650,model+crosswalk,
ESNT,Essent Group LTD,6351,40,Financials,4030,Insurance,403010,Insurance,40301050,Reinsurance,0.750,yahoo+sic,
ESOA,Energy Services of America Corporation Common Stock,1623,20,Industrials,2010,Capital Goods,201030,Construction & Engineering,20103010,Construction & Engineering,0.900,model+crosswalk,
ESP,Espey Mfg. & Electronics Corp,3679,20,Industrials,2010,Capital Goods,201040,Electrical Equipment,20104010,Electrical Components & Equipment,0.600,model+crosswalk,
ESQ,"Esquire Financial Holdings, Inc. Common Stock",6029,40,Financials,4010,Banks,401010,Banks,40101015,Regional Banks,0.900,model+crosswalk,
ESRT,"EMPIRE STATE REALTY TRUST, INC.",6798,60,Real Estate,6010,Equity Real Estate Investment Trusts (REITs),601010,Diversified REITs,60101010,Diversified REITs,0.750,yahoo+sic,
ESS,"Essex Property Trust, Inc",6798,60,Real Estate,6010,Equity Real Estate Investment Trusts (REITs),601060,Residential REITs,60106010,Multi-Family Residential REITs,0.900,model+crosswalk,
ESTA,Establishment Labs Holdings Inc.,3842,35,Health Care,3510,Health Care Equipment & Services,351010,Health Care Equipment & Supplies,35101010,Health Care Equipment,0.750,model+crosswalk,
ESTC,Elastic N.V.,7372,45,Information Technology,4510,Software & Services,451030,Software,45103010,Application Software,0.900,model+crosswalk,
ESYN,EnerSyn Global Inc. Common Stock,5122,25,Consumer Discretionary,2530,Consumer Services,253010,"Hotels, Restaurants & Leisure",25301040,Restaurants,0.600,model+crosswalk,
ET,Energy Transfer LP Common Units representing limited partner interests,4922,10,Energy,1010,Energy,101020,"Oil, Gas & Consumable Fuels",10102040,Oil & Gas Storage & Transportation,0.900,model+crosswalk,
ETD,Ethan Allen Interiors Inc,2511,25,Consumer Discretionary,2520,Consumer Durables & Apparel,252010,Household Durables,25201020,Home Furnishings,0.900,model+crosswalk,
ETN,"Eaton Corporation, plc Ordinary Shares",3590,20,Industrials,2010,Capital Goods,201060,Machinery,20106020,Industrial Machinery & Supplies & Components,0.900,model+crosswalk,
ETON,"Eton Pharmaceutcials, Inc. Common Stock",2834,35,Health Care,3520,"Pharmaceuticals, Biotechnology & Life Sciences",352020,Pharmaceuticals,35202010,Pharmaceuticals,0.750,model+crosswalk,
ETOR,eToro Group Ltd. Class A Common Shares,,40,Financials,4020,Financial Services,402030,Capital Markets,40203020,Investment Banking & Brokerage,0.650,model+crosswalk,
ETR,Entergy Corporation,4911,55,Utilities,5510,Utilities,551010,Electric Utilities,55101010,Electric Utilities,0.900,model+crosswalk,
ETRA,"Electra Therapeutics, Inc. Common stock",,35,Health Care,3520,"Pharmaceuticals, Biotechnology & Life Sciences",352010,Biotechnology,35201010,Biotechnology,0.802,model+crosswalk,
ETS,Elite Express Holding Inc. Class A Common Stock,4210,20,Industrials,2030,Transportation,203040,Ground Transportation,20304030,Cargo Ground Transportation,0.900,model+crosswalk,
ETSS,Energy Transition Special Opportunities,6770,,,,,,,,,,,shell_company
ETSY,"Etsy, Inc.",7389,25,Consumer Discretionary,2550,Consumer Discretionary Distribution & Retail,255040,Specialty Retail,25504010,Apparel Retail,0.600,model+crosswalk,
EU,enCore Energy Corp.,1090,10,Energy,1010,Energy,101020,"Oil, Gas & Consumable Fuels",10102050,Coal & Consumable Fuels,0.900,model+crosswalk,
EUBG,ENTREPRENEUR UNIVERSE BRT,,20,Industrials,2020,Commercial & Professional Services,202020,Professional Services,20202020,Research & Consulting Services,0.650,model+crosswalk,
EUDA,EUDA Health Holdings Limited Ordinary Shares,8000,60,Real Estate,6020,Real Estate Management & Development,602010,Real Estate Management & Development,60201040,Real Estate Services,0.600,yahoo,
EURK,Eureka Acquisition Corp Class A Ordinary Share,4400,,,,,,,,,,,shell_company
EVAC,EQV Ventures Acquisition Corp. II,6770,,,,,,,,,,,shell_company
EVC,Entravision Communication,4833,50,Communication Services,5020,Media & Entertainment,502010,Media,50201010,Advertising,0.750,yahoo+sic,
EVCM,EverCommerce Inc. Common Stock,7372,45,Information Technology,4510,Software & Services,451030,Software,45103010,Application Software,0.900,model+crosswalk,
EVER,"EverQuote, Inc. Class A Common Stock",7370,50,Communication Services,5020,Media & Entertainment,502030,Interactive Media & Services,50203010,Interactive Media & Services,0.900,model+crosswalk,
EVEX,"Eve Holding, Inc.",3721,20,Industrials,2010,Capital Goods,201010,Aerospace & Defense,20101010,Aerospace & Defense,0.900,model+crosswalk,
EVFM,EVOFEM BIOSCIENCE INC,,35,Health Care,3520,"Pharmaceuticals, Biotechnology & Life Sciences",352010,Biotechnology,35201010,Biotechnology,0.650,model+crosswalk,
EVGN,EVOGENE LTD.,,35,Health Care,3520,"Pharmaceuticals, Biotechnology & Life Sciences",352010,Biotechnology,35201010,Biotechnology,0.650,model+crosswalk,
EVGO,EVgo Inc. Class A Common Stock,7500,25,Consumer Discretionary,2550,Consumer Discretionary Distribution & Retail,255040,Specialty Retail,25504040,Other Specialty Retail,0.700,model+crosswalk,
EVH,"Evolent Health, Inc Class A Common Stock",8741,35,Health Care,3510,Health Care Equipment & Services,351020,Health Care Providers & Services,35102015,Health Care Services,0.600,model+crosswalk,
EVI,"EVI Industries, Inc.",7200,20,Industrials,2010,Capital Goods,201070,Trading Companies & Distributors,20107010,Trading Companies & Distributors,0.600,model+crosswalk,
EVLV,"Evolv Technologies Holdings, Inc. Class A Common Stock",3577,20,Industrials,2020,Commercial & Professional Services,202010,Commercial Services & Supplies,20201080,Security & Alarm Services,0.600,yahoo,
EVMN,"Evommune, Inc.",2834,35,Health Care,3520,"Pharmaceuticals, Biotechnology & Life Sciences",352010,Biotechnology,35201010,Biotechnology,0.900,model+crosswalk,
EVOH,EVOAIR HOLDINGS INC,,20,Industrials,2010,Capital Goods,201020,Building Products,20102010,Building Products,0.650,model+crosswalk,
EVOX,Evolution Global Acquisition Corp Class A Ordinary Shares,6770,,,,,,,,,,,shell_company
EVR,Evercore Inc.,6282,40,Financials,4020,Financial Services,402030,Capital Markets,40203020,Investment Banking & Brokerage,0.750,yahoo+sic,
EVRG,"Evergy, Inc.",4931,55,Utilities,5510,Utilities,551010,Electric Utilities,55101010,Electric Utilities,0.750,model+crosswalk,
EVTC,"EVERTEC, INC.",7374,40,Financials,4020,Financial Services,402010,Financial Services,40201060,Transaction & Payment Processing Services,0.900,model+crosswalk,
EVTL,Vertical Aerospace Ltd.,,20,Industrials,2010,Capital Goods,201010,Aerospace & Defense,20101010,Aerospace & Defense,0.650,model+crosswalk,
EW,Edwards Lifesciences Corp,3842,35,Health Care,3510,Health Care Equipment & Services,351010,Health Care Equipment & Supplies,35101010,Health Care Equipment,0.750,yahoo+sic,
EWAV,East West Ave Acquisition Corp. Common Stock,6770,,,,,,,,,,,shell_company
EWBC,East-West Bancorp Inc,6022,40,Financials,4010,Banks,401010,Banks,40101015,Regional Banks,0.900,model+crosswalk,
EWLU,MERION INC,,30,Consumer Staples,3020,"Food, Beverage & Tobacco",302020,Food Products,30202030,Packaged Foods & Meats,0.991,model+crosswalk,
EWTX,"Edgewise Therapeutics, Inc. Common Stock",2834,35,Health Care,3520,"Pharmaceuticals, Biotechnology & Life Sciences",352010,Biotechnology,35201010,Biotechnology,0.900,model+crosswalk,
EXC,Exelon Corporation,4931,55,Utilities,5510,Utilities,551010,Electric Utilities,55101010,Electric Utilities,0.750,model+crosswalk,
EXCH,EXCHANGE BNCSHS INC GA,,40,Financials,4010,Banks,401010,Banks,40101015,Regional Banks,0.650,yahoo,
EXE,Expand Energy Corporation Common Stock,1311,10,Energy,1010,Energy,101020,"Oil, Gas & Consumable Fuels",10102020,Oil & Gas Exploration & Production,0.900,model+crosswalk,
EXEL,Exelixis Inc,2836,35,Health Care,3520,"Pharmaceuticals, Biotechnology & Life Sciences",352010,Biotechnology,35201010,Biotechnology,0.900,model+crosswalk,
EXFY,"Expensify, Inc. Class A Common Stock",7372,45,Information Technology,4510,Software & Services,451030,Software,45103010,Application Software,0.900,model+crosswalk,
EXHI,EXLITES HOLDINGS INTL INC,,35,Health Care,3510,Health Care Equipment & Services,351020,Health Care Providers & Services,35102010,Health Care Distributors,0.650,yahoo,
EXK,Endeavour Silver Corp.,,15,Materials,1510,Materials,151040,Metals & Mining,15104045,Silver,0.650,model+crosswalk,
EXLS,"ExlService Holdings, Inc.",7389,45,Information Technology,4510,Software & Services,451020,IT Services,45102010,IT Consulting & Other Services,0.600,yahoo,
EXOD,"Exodus Movement, Inc.",6199,45,Information Technology,4510,Software & Services,451030,Software,45103010,Application Software,0.900,model+crosswalk,
EXOZ,eXoZymes Inc. Common Stock,2836,35,Health Care,3520,"Pharmaceuticals, Biotechnology & Life Sciences",352010,Biotechnology,35201010,Biotechnology,0.900,model+crosswalk,
EXP,"Eagle Materials, Inc.",3241,15,Materials,1510,Materials,151020,Construction Materials,15102010,Construction Materials,0.903,model+crosswalk,
EXPD,"Expeditors International of Washington, Inc.",4731,20,Industrials,2030,Transportation,203010,Air Freight & Logistics,20301010,Air Freight & Logistics,0.900,model+crosswalk,
EXPE,"Expedia Group, Inc. Common Stock",4700,25,Consumer Discretionary,2530,Consumer Services,253010,"Hotels, Restaurants & Leisure",25301020,"Hotels, Resorts & Cruise Lines",0.600,model+crosswalk,
EXPO,Exponent Inc,8742,20,Industrials,2010,Capital Goods,201030,Construction & Engineering,20103010,Construction & Engineering,0.700,model+crosswalk,
EXR,"Extra Space Storage, Inc.",6798,60,Real Estate,6010,Equity Real Estate Investment Trusts (REITs),601025,Industrial REITs,60102510,Industrial REITs,0.750,model+crosswalk,
EXSR,EXCHANGE BK SANTA ROSA,,40,Financials,4010,Banks,401010,Banks,40101015,Regional Banks,0.650,model+crosswalk,
EXTR,Extreme Networks,3576,45,Information Technology,4520,Technology Hardware & Equipment,452010,Communications Equipment,45201020,Communications Equipment,0.900,model+crosswalk,
EXYN,"Exyn Technologies, Inc. Common Stock",7372,45,Information Technology,4510,Software & Services,451030,Software,45103010,Application Software,0.900,model+crosswalk,
EYE,"National Vision Holdings, Inc. Common Stock",3851,25,Consumer Discretionary,2550,Consumer Discretionary Distribution & Retail,255040,Specialty Retail,25504040,Other Specialty Retail,0.600,model+crosswalk,
EYPT,"EyePoint, Inc. Common Stock",3826,35,Health Care,3520,"Pharmaceuticals, Biotechnology & Life Sciences",352010,Biotechnology,35201010,Biotechnology,0.750,model+crosswalk,
EZEN,EZENIA! INC,,45,Information Technology,4520,Technology Hardware & Equipment,452010,Communications Equipment,45201020,Communications Equipment,0.971,model+crosswalk,
EZGO,EZGO Technologies Ltd. Ordinary Shares,,25,Consumer Discretionary,2510,Automobiles & Components,251020,Automobiles,25102020,Motorcycle Manufacturers,0.650,yahoo,
EZPW,Ezcorp Inc,5900,40,Financials,4020,Financial Services,402020,Consumer Finance,40202010,Consumer Finance,0.600,model+crosswalk,
EZRA,"Reliance Global Group, Inc. Common Stock",6411,40,Financials,4030,Insurance,403010,Insurance,40301010,Insurance Brokers,0.900,model+crosswalk,
F,Ford Motor Company,3711,25,Consumer Discretionary,2510,Automobiles & Components,251020,Automobiles,25102010,Automobile Manufacturers,0.900,model+crosswalk,
FA,First Advantage Corporation Common Stock,7374,20,Industrials,2020,Commercial & Professional Services,202010,Commercial Services & Supplies,20201070,Diversified Support Services,0.600,yahoo,
FABC,"Fabric.AI, Inc. Common Stock",4899,45,Information Technology,4530,Semiconductors & Semiconductor Equipment,453010,Semiconductors & Semiconductor Equipment,45301020,Semiconductors,0.600,model+crosswalk,
FAC,Factorial Energy Inc. Class A Common Stock,3690,20,Industrials,2010,Capital Goods,201040,Electrical Equipment,20104010,Electrical Components & Equipment,0.900,model+crosswalk,
FACO,FIRST ACCEPTANCE CORP,,40,Financials,4030,Insurance,403010,Insurance,40301040,Property & Casualty Insurance,0.650,model+crosswalk,
FACT,FACT II Acquisition Corp. Class A Ordinary Shares,3728,,,,,,,,,,,shell_company
FAF,First American Financial Corporation,6361,40,Financials,4030,Insurance,403010,Insurance,40301040,Property & Casualty Insurance,0.900,model+crosswalk,
FAHE,FAHEY BKG CO MARION OHIO,,,,,,,,,,,,no_evidence
FAMI,"Farmmi, Inc. Class A Ordinary Shares",,30,Consumer Staples,3020,"Food, Beverage & Tobacco",302020,Food Products,30202030,Packaged Foods & Meats,0.650,model+crosswalk,
FANG,"Diamondback Energy, Inc.",1311,10,Energy,1010,Energy,101020,"Oil, Gas & Consumable Fuels",10102020,Oil & Gas Exploration & Production,0.900,model+crosswalk,
FAST,Fastenal Co,5200,20,Industrials,2010,Capital Goods,201070,Trading Companies & Distributors,20107010,Trading Companies & Distributors,0.600,model+crosswalk,
FATE,"Fate Therapeutics, Inc.",2836,35,Health Care,3520,"Pharmaceuticals, Biotechnology & Life Sciences",352010,Biotechnology,35201010,Biotechnology,0.900,model+crosswalk,
FATN,"FatPipe, Inc. Common Stock",7372,45,Information Technology,4510,Software & Services,451030,Software,45103020,Systems Software,0.750,yahoo+sic,
FAVPF,FIDELITY ASIAN VALUES PLC,,,,,,,,,,,,no_evidence
FBAK,FIRST NB ALASKA,,40,Financials,4010,Banks,401010,Banks,40101015,Regional Banks,0.650,model+crosswalk,
FBDT,First Breach Inc. Common Stock,3480,20,Industrials,2010,Capital Goods,201010,Aerospace & Defense,20101010,Aerospace & Defense,0.600,model+crosswalk,
FBGL,FBS Global Limited Ordinary Shares,,20,Industrials,2010,Capital Goods,201030,Construction & Engineering,20103010,Construction & Engineering,0.650,model+crosswalk,
FBIN,"Fortune Brands Innovations, Inc.",2430,20,Industrials,2010,Capital Goods,201020,Building Products,20102010,Building Products,0.600,model+crosswalk,
FBIO,"Fortress Biotech, Inc.",2834,35,Health Care,3520,"Pharmaceuticals, Biotechnology & Life Sciences",352010,Biotechnology,35201010,Biotechnology,0.900,model+crosswalk,
FBIP,FNB BANCORP INC NEWTON PA,,40,Financials,4010,Banks,401010,Banks,40101015,Regional Banks,0.650,model+crosswalk,
FBIZ,"First Business Financial Services, Inc.",6022,40,Financials,4010,Banks,401010,Banks,40101015,Regional Banks,0.929,model+crosswalk,
FBK,FB Financial Corporation,6022,40,Financials,4010,Banks,401010,Banks,40101015,Regional Banks,0.900,model+crosswalk,
FBLA,"FB Bancorp, Inc. Common Stock",6036,40,Financials,4010,Banks,401010,Banks,40101015,Regional Banks,0.900,model+crosswalk,
FBLG,"FibroBiologics, Inc. Common Stock",2834,35,Health Care,3520,"Pharmaceuticals, Biotechnology & Life Sciences",352010,Biotechnology,35201010,Biotechnology,0.900,model+crosswalk,
FBNC,First Bancorp/NC,6022,40,Financials,4010,Banks,401010,Banks,40101015,Regional Banks,0.937,model+crosswalk,
FBP,First BanCorp.,6022,40,Financials,4010,Banks,401010,Banks,40101015,Regional Banks,0.900,model+crosswalk,
FBPA,FRMRS BK APPOMATTO,,40,Financials,4010,Banks,401010,Banks,40101015,Regional Banks,0.650,model+crosswalk,
FBPI,FIRST BANCORP INDIANA,,40,Financials,4010,Banks,401010,Banks,40101015,Regional Banks,0.650,model+crosswalk,
FBRKF,FBR LTD ORD,,60,Real Estate,6020,Real Estate Management & Development,602010,Real Estate Management & Development,60201040,Real Estate Services,0.650,model+crosswalk,
FBRT,"Franklin BSP Realty Trust, Inc.",6798,40,Financials,4020,Financial Services,402040,Mortgage Real Estate Investment Trusts,40204010,Mortgage REITs,0.900,model+crosswalk,
FBRX,"Forte Biosciences, Inc. Common Stock",2834,35,Health Care,3520,"Pharmaceuticals, Biotechnology & Life Sciences",352010,Biotechnology,35201010,Biotechnology,0.900,model+crosswalk,
FBTT,FIRST BANKERS TRUSTSHARES,,40,Financials,4010,Banks,401010,Banks,40101015,Regional Banks,0.650,model+crosswalk,
FBVI,FCN BANC (BROOKSVLLE IN),,40,Financials,4010,Banks,401010,Banks,40101015,Regional Banks,0.650,model+crosswalk,
FBYD,"Falcon's Beyond Global, Inc. Class A Common Stock",7990,20,Industrials,2010,Capital Goods,201050,Industrial Conglomerates,20105010,Industrial Conglomerates,0.600,yahoo,
FC,Franklin Covey Company,8741,25,Consumer Discretionary,2530,Consumer Services,253020,Diversified Consumer Services,25302010,Education Services,0.600,model+crosswalk,
FCAP,First Capital Inc,6035,40,Financials,4010,Banks,401010,Banks,40101015,Regional Banks,0.900,model+crosswalk,
FCBC,"First Community Bankshares, Inc. (VA)",6022,40,Financials,4010,Banks,401010,Banks,40101015,Regional Banks,0.900,model+crosswalk,
FCBM,"First Carolina Financial Services, Inc.",6022,40,Financials,4010,Banks,401010,Banks,40101015,Regional Banks,0.900,model+crosswalk,
FCCI,FAST CASUAL CONCEPTS INC,,50,Communication Services,5020,Media & Entertainment,502010,Media,50201010,Advertising,0.650,model+crosswalk,
FCCN,SPECTRAL CAPITAL CORP,,45,Information Technology,4510,Software & Services,451020,IT Services,45102010,IT Consulting & Other Services,0.650,model+crosswalk,
FCCO,First Community Corp,6022,40,Financials,4010,Banks,401010,Banks,40101015,Regional Banks,0.935,model+crosswalk,
FCEL,FuelCell Energy Inc  NEW (DE),3620,20,Industrials,2010,Capital Goods,201040,Electrical Equipment,20104020,Heavy Electrical Equipment,0.750,yahoo+sic,
FCF,First Commonwealth Financial Corporation,6021,40,Financials,4010,Banks,401010,Banks,40101015,Regional Banks,0.900,model+crosswalk,
FCFS,"FirstCash Holdings, Inc. Common Stock",5900,40,Financials,4020,Financial Services,402010,Financial Services,40201060,Transaction & Payment Processing Services,0.600,model+crosswalk,
FCHL,Fitness Champs Holdings Limited Common Stock,,25,Consumer Discretionary,2530,Consumer Services,253020,Diversified Consumer Services,25302010,Education Services,0.650,model+crosswalk,
FCN,"FTI Consulting, Inc.",8742,20,Industrials,2020,Commercial & Professional Services,202020,Professional Services,20202020,Research & Consulting Services,0.900,model+crosswalk,
FCNCA,First Citizens BancShares Inc,6022,40,Financials,4010,Banks,401010,Banks,40101015,Regional Banks,0.900,model+crosswalk,
FCNCB,FIRST CTZNS BANCSHS B,,40,Financials,4010,Banks,401010,Banks,40101015,Regional Banks,0.650,yahoo,
FCNCN,"First Citizens BancShares, Inc. Depositary Shares, each representing a 1/40th interest in a share of 6.625% Non-Cumulative Perpetual Preferred Stock, Series E",,,,,,,,,,,,not_common_equity
FCPT,"Four Corners Property Trust, Inc.",6798,60,Real Estate,6010,Equity Real Estate Investment Trusts (REITs),601070,Retail REITs,60107010,Retail REITs,0.900,model+crosswalk,
FCRS,FutureCrest Acquisition Corp.,6770,,,,,,,,,,,shell_company
FCUV,Focus Universal Inc. Common Stock,3823,45,Information Technology,4520,Technology Hardware & Equipment,452030,"Electronic Equipment, Instruments & Components",45203010,Electronic Equipment & Instruments,0.900,model+crosswalk,
FCX,Freeport-McMoran Inc.,1000,15,Materials,1510,Materials,151040,Metals & Mining,15104025,Copper,0.750,yahoo+sic,
FDBC,"Fidelity D & D Bancorp, Inc. Common Stock",6021,40,Financials,4010,Banks,401010,Banks,40101015,Regional Banks,0.900,model+crosswalk,
FDBL,FRIENDABLE INC,,45,Information Technology,4510,Software & Services,451030,Software,45103010,Application Software,0.987,model+crosswalk,
FDCT,FDCTECH INC,,40,Financials,4020,Financial Services,402030,Capital Markets,40203020,Investment Banking & Brokerage,0.761,model+crosswalk,
FDMM,Freedom Metals Acquisition Corp. Class A Ordinary Shares,6770,,,,,,,,,,,shell_company
FDMT,"4D Molecular Therapeutics, Inc. Common Stock",2836,35,Health Care,3520,"Pharmaceuticals, Biotechnology & Life Sciences",352010,Biotechnology,35201010,Biotechnology,0.900,model+crosswalk,
FDS,Factset Research Systems,7370,40,Financials,4020,Financial Services,402030,Capital Markets,40203040,Financial Exchanges & Data,0.600,yahoo,
FDSB,"Fifth District Bancorp, Inc. Common Stock",6035,40,Financials,4010,Banks,401010,Banks,40101015,Regional Banks,0.900,model+crosswalk,
FDUS,Fidus Investment Corp.,,40,Financials,4020,Financial Services,402030,Capital Markets,40203010,Asset Management & Custody Banks,0.650,model+crosswalk,
FDX,FedEx Corporation,4513,20,Industrials,2030,Transportation,203040,Ground Transportation,20304030,Cargo Ground Transportation,0.750,model+crosswalk,
FDXF,"FedEx Freight Holding Company, Inc.",4513,20,Industrials,2030,Transportation,203040,Ground Transportation,20304030,Cargo Ground Transportation,0.750,yahoo+sic,
FE,FirstEnergy Corp.,4911,55,Utilities,5510,Utilities,551010,Electric Utilities,55101010,Electric Utilities,0.900,model+crosswalk,
FEAM,"5E Advanced Materials, Inc. Common Stock",1400,15,Materials,1510,Materials,151010,Chemicals,15101050,Specialty Chemicals,0.750,model+crosswalk,
FEBO,Fenbo Holdings Limited Class A Ordinary Shares,,25,Consumer Discretionary,2520,Consumer Durables & Apparel,252010,Household Durables,25201010,Consumer Electronics,0.650,model+crosswalk,
FEED,"ENvue Medical, Inc. Common Stock",3842,35,Health Care,3510,Health Care Equipment & Services,351010,Health Care Equipment & Supplies,35101010,Health Care Equipment,0.750,model+crosswalk,
FEIM,"Frequency Electronics, Inc.",3825,45,Information Technology,4520,Technology Hardware & Equipment,452010,Communications Equipment,45201020,Communications Equipment,0.750,model+crosswalk,
FELE,Franklin Electric Co Inc,3621,20,Industrials,2010,Capital Goods,201060,Machinery,20106020,Industrial Machinery & Supplies & Components,0.750,model+crosswalk,
FEMY,Femasys Inc. Common Stock,3841,35,Health Care,3510,Health Care Equipment & Services,351010,Health Care Equipment & Supplies,35101020,Health Care Supplies,0.750,yahoo+sic,
FENC,Fennec Pharmaceuticals Inc. Common Stock,2836,35,Health Care,3520,"Pharmaceuticals, Biotechnology & Life Sciences",352010,Biotechnology,35201010,Biotechnology,0.900,model+crosswalk,
FER,Ferrovial N.V. Ordinary Shares,,20,Industrials,2010,Capital Goods,201030,Construction & Engineering,20103010,Construction & Engineering,0.650,model+crosswalk,
FERA,Fifth Era Acquisition Corp I Class A Ordinary Shares,6770,,,,,,,,,,,shell_company
FERG,Ferguson Enterprises Inc.,5070,20,Industrials,2010,Capital Goods,201070,Trading Companies & Distributors,20107010,Trading Companies & Distributors,0.900,model+crosswalk,
FET,"Forum Energy Technologies, Inc.",3533,10,Energy,1010,Energy,101010,Energy Equipment & Services,10101020,Oil & Gas Equipment & Services,0.900,model+crosswalk,
FF,Future Fuel Corporation,2860,15,Materials,1510,Materials,151010,Chemicals,15101050,Specialty Chemicals,0.843,model+crosswalk,
FFAI,Faraday Future Intelligent Electric Inc. Common Stock,3711,25,Consumer Discretionary,2510,Automobiles & Components,251020,Automobiles,25102010,Automobile Manufacturers,0.900,model+crosswalk,
FFBC,First Financial Bancorp,6021,40,Financials,4010,Banks,401010,Banks,40101015,Regional Banks,0.901,model+crosswalk,
FFIN,First Financial Bankshares Inc,6022,40,Financials,4010,Banks,401010,Banks,40101015,Regional Banks,0.900,model+crosswalk,
FFIV,"F5, Inc. Common Stock",3576,45,Information Technology,4510,Software & Services,451030,Software,45103020,Systems Software,0.700,model+crosswalk,
FFMH,FIRST FMRS & MERCHANTS CO,,40,Financials,4010,Banks,401010,Banks,40101015,Regional Banks,0.650,model+crosswalk,
FFMR,FIRST FARMERS FINANCIAL,,40,Financials,4010,Banks,401010,Banks,40101015,Regional Banks,0.650,model+crosswalk,
FFPP,FAST FINANCE PAY CORP,,45,Information Technology,4510,Software & Services,451030,Software,45103020,Systems Software,0.650,model+crosswalk,
FFR,FF EAI Robotics Ecosystem Inc. Common Stock,6199,45,Information Technology,4520,Technology Hardware & Equipment,452020,"Technology Hardware, Storage & Peripherals",45202030,"Technology Hardware, Storage & Peripherals",0.600,model+crosswalk,
FG,"F&G Annuities & Life, Inc.",6311,40,Financials,4030,Insurance,403010,Insurance,40301020,Life & Health Insurance,0.900,model+crosswalk,
FGBI,FIRST GUARANTY BANCSHARES INC,6035,40,Financials,4010,Banks,401010,Banks,40101015,Regional Banks,0.900,model+crosswalk,
FGC,FG Communities Holdings Inc. Common Stock,6199,40,Financials,4020,Financial Services,402030,Capital Markets,40203010,Asset Management & Custody Banks,0.750,model+crosswalk,
FGFH,FORESIGHT FINCL GRP INC,,40,Financials,4010,Banks,401010,Banks,40101015,Regional Banks,0.650,yahoo,
FGI,FGI Industries Ltd. Ordinary Shares,3430,20,Industrials,2010,Capital Goods,201020,Building Products,20102010,Building Products,0.900,model+crosswalk,
FGII,FG Imperii Acquisition Corp. Class A Ordinary Shares,6770,,,,,,,,,,,shell_company
FGL,Founder Group Limited Class A Ordinary Shares,,20,Industrials,2010,Capital Goods,201030,Construction & Engineering,20103010,Construction & Engineering,0.650,model+crosswalk,
FGNX,FG Nexus Inc. Common Stock,6199,40,Financials,4020,Financial Services,402030,Capital Markets,40203010,Asset Management & Custody Banks,0.750,model+crosswalk,
FHB,"First Hawaiian, Inc. Common Stock",6022,40,Financials,4010,Banks,401010,Banks,40101015,Regional Banks,0.912,model+crosswalk,
FHI,"Federated Hermes, Inc.",6282,40,Financials,4020,Financial Services,402030,Capital Markets,40203010,Asset Management & Custody Banks,0.900,model+crosswalk,
FHLGF,FIBI HOLDINGS LTD,,,,,,,,,,,,no_evidence
FHN,First Horizon Corporation,6021,40,Financials,4010,Banks,401010,Banks,40101015,Regional Banks,0.900,model+crosswalk,
FHTX,Foghorn Therapeutics Inc. Common Stock,2834,35,Health Care,3520,"Pharmaceuticals, Biotechnology & Life Sciences",352010,Biotechnology,35201010,Biotechnology,0.900,model+crosswalk,
FIBH,FIRST BANCSHARES INC OH,,40,Financials,4010,Banks,401010,Banks,40101015,Regional Banks,0.650,yahoo,
FIBK,"First Interstate BancSystem, Inc. Common Stock (DE)",6022,40,Financials,4010,Banks,401010,Banks,40101015,Regional Banks,0.900,model+crosswalk,
FICO,Fair Isaac Corporation,7389,45,Information Technology,4510,Software & Services,451030,Software,45103010,Application Software,0.900,model+crosswalk,
FIDS,FNB INC,,40,Financials,4010,Banks,401010,Banks,40101015,Regional Banks,0.650,model+crosswalk,
FIEE,"FiEE, Inc Common Stock",3661,45,Information Technology,4520,Technology Hardware & Equipment,452010,Communications Equipment,45201020,Communications Equipment,0.900,model+crosswalk,
FIG,"Figma, Inc.",7372,45,Information Technology,4510,Software & Services,451030,Software,45103010,Application Software,0.900,model+crosswalk,
FIGR,"Figure Technology Solutions, Inc. Class A Common Stock",6163,40,Financials,4020,Financial Services,402030,Capital Markets,40203020,Investment Banking & Brokerage,0.750,model+crosswalk,
FIGS,"FIGS, Inc.",2300,25,Consumer Discretionary,2520,Consumer Durables & Apparel,252030,"Textiles, Apparel & Luxury Goods",25203010,"Apparel, Accessories & Luxury Goods",0.900,model+crosswalk,
FIGX,FIGX Capital Acquisition Corp. Class A Ordinary Share,6770,,,,,,,,,,,shell_company
FINN,FIRST NATL OF NEB INC,,40,Financials,4010,Banks,401010,Banks,40101015,Regional Banks,0.650,model+crosswalk,
FINW,FinWise Bancorp Common,6022,40,Financials,4010,Banks,401010,Banks,40101015,Regional Banks,0.900,model+crosswalk,
FIP,FTAI Infrastructure Inc. Common Stock,4011,20,Industrials,2010,Capital Goods,201050,Industrial Conglomerates,20105010,Industrial Conglomerates,0.700,yahoo+sic,
FIRY,Firy Inc.,7374,50,Communication Services,5020,Media & Entertainment,502020,Entertainment,50202020,Interactive Home Entertainment,0.750,yahoo+sic,
FIS,"Fidelity National Information Services, Inc.",7389,40,Financials,4020,Financial Services,402010,Financial Services,40201060,Transaction & Payment Processing Services,0.900,model+crosswalk,
FISI,Financial Institutions Inc,6021,40,Financials,4010,Banks,401010,Banks,40101015,Regional Banks,0.900,model+crosswalk,
FISN,"Deep Fission, Inc. Common Stock",4911,20,Industrials,2010,Capital Goods,201060,Machinery,20106020,Industrial Machinery & Supplies & Components,0.600,model+crosswalk,
FISV,"Fiserv, Inc. Common Stock",7389,40,Financials,4020,Financial Services,402010,Financial Services,40201060,Transaction & Payment Processing Services,0.895,model+crosswalk,
FITB,Fifth Third Bancorp,6022,40,Financials,4010,Banks,401010,Banks,40101015,Regional Banks,0.900,model+crosswalk,
FIVE,"Five Below, Inc. Common Stock",5331,25,Consumer Discretionary,2550,Consumer Discretionary Distribution & Retail,255040,Specialty Retail,25504040,Other Specialty Retail,0.600,model+crosswalk,
FIVN,"FIVE9, INC.",7374,45,Information Technology,4510,Software & Services,451030,Software,45103020,Systems Software,0.750,yahoo+sic,
FIX,"Comfort Systems USA, Inc.",1731,20,Industrials,2010,Capital Goods,201030,Construction & Engineering,20103010,Construction & Engineering,0.900,model+crosswalk,
FIZZ,National Beverage Corp.,2086,30,Consumer Staples,3020,"Food, Beverage & Tobacco",302010,Beverages,30201030,Soft Drinks & Non-alcoholic Beverages,0.913,model+crosswalk,
FJDI,ARC Group Securities Acquisition I Class A Ordinary Shares,6770,,,,,,,,,,,shell_company
FJET,"Starfighters Space, Inc.",4512,20,Industrials,2010,Capital Goods,201010,Aerospace & Defense,20101010,Aerospace & Defense,0.700,model+crosswalk,
FJFGF,FUJIO FOOD SYS CO LTD ORD,,30,Consumer Staples,3020,"Food, Beverage & Tobacco",302020,Food Products,30202030,Packaged Foods & Meats,0.350,model+crosswalk,
FJLLF,FUJI OIL HOLDINGS INC,,10,Energy,1010,Energy,101020,"Oil, Gas & Consumable Fuels",10102020,Oil & Gas Exploration & Production,0.350,model+crosswalk,
FKWAF,FURUKAWA CO LTD,,15,Materials,1510,Materials,151040,Metals & Mining,15104020,Diversified Metals & Mining,0.821,model+crosswalk,
FKWL,Franklin Wireless Corp. Common Stock,3661,45,Information Technology,4520,Technology Hardware & Equipment,452010,Communications Equipment,45201020,Communications Equipment,0.900,model+crosswalk,
FKYS,FIRST KEYSTONE CORP,,40,Financials,4010,Banks,401010,Banks,40101015,Regional Banks,0.650,model+crosswalk,
FLCX,FLOOIDCX CORP,,20,Industrials,2020,Commercial & Professional Services,202020,Professional Services,20202020,Research & Consulting Services,0.958,model+crosswalk,
FLD,"Fold Holdings, Inc. Class A Common Stock",6199,40,Financials,4020,Financial Services,402030,Capital Markets,40203020,Investment Banking & Brokerage,0.600,yahoo,
FLES,AUTO PARTS 4LESS GRP INC,,25,Consumer Discretionary,2510,Automobiles & Components,251010,Automobile Components,25101010,Automotive Parts & Equipment,0.650,model+crosswalk,
FLEW,FLEETWOOD BANK CORP,,40,Financials,4010,Banks,401010,Banks,40101015,Regional Banks,0.650,model+crosswalk,
FLEX,Flex Ltd. Ordinary Shares,3672,45,Information Technology,4520,Technology Hardware & Equipment,452030,"Electronic Equipment, Instruments & Components",45203015,Electronic Components,0.750,yahoo+sic,
FLG,"Flagstar Bank, National Association",6036,40,Financials,4010,Banks,401010,Banks,40101015,Regional Banks,0.900,model+crosswalk,
FLGT,"Fulgent Genetics, Inc. Common Stock",8071,35,Health Care,3510,Health Care Equipment & Services,351020,Health Care Providers & Services,35102015,Health Care Services,0.900,model+crosswalk,
FLL,"Full House Resorts, Inc.",7011,25,Consumer Discretionary,2530,Consumer Services,253010,"Hotels, Restaurants & Leisure",25301020,"Hotels, Resorts & Cruise Lines",0.750,yahoo+sic,
FLLCF,FULLCAST HLDGS CO LTD,,,,,,,,,,,,no_evidence
FLNA,"Filana Therapeutics, Inc. Common Stock",2834,35,Health Care,3520,"Pharmaceuticals, Biotechnology & Life Sciences",352010,Biotechnology,35201010,Biotechnology,0.900,model+crosswalk,
FLNC,"Fluence Energy, Inc. Class A Common Stock",3690,55,Utilities,5510,Utilities,551050,Independent Power and Renewable Electricity Producers,55105020,Renewable Electricity,0.600,yahoo,
FLNG,FLEX LNG Ltd. Ordinary Shares,,10,Energy,1010,Energy,101020,"Oil, Gas & Consumable Fuels",10102040,Oil & Gas Storage & Transportation,0.650,model+crosswalk,
FLNT,"Fluent, Inc. Common Stock",7310,50,Communication Services,5020,Media & Entertainment,502010,Media,50201010,Advertising,0.900,model+crosswalk,
FLO,"Flowers Foods, Inc.",2000,30,Consumer Staples,3020,"Food, Beverage & Tobacco",302020,Food Products,30202030,Packaged Foods & Meats,0.900,model+crosswalk,
FLOC,Flowco Holdings Inc.,3533,10,Energy,1010,Energy,101010,Energy Equipment & Services,10101020,Oil & Gas Equipment & Services,0.900,model+crosswalk,
FLR,Fluor Corporation,1600,20,Industrials,2010,Capital Goods,201030,Construction & Engineering,20103010,Construction & Engineering,0.900,model+crosswalk,
FLS,Flowserve Corporation,3561,20,Industrials,2010,Capital Goods,201060,Machinery,20106020,Industrial Machinery & Supplies & Components,0.900,model+crosswalk,
FLUT,Flutter Entertainment plc,7370,25,Consumer Discretionary,2530,Consumer Services,253010,"Hotels, Restaurants & Leisure",25301010,Casinos & Gaming,0.600,model+crosswalk,
FLUX,"Flux Power Holdings, Inc. Common Stock",3690,20,Industrials,2010,Capital Goods,201040,Electrical Equipment,20104010,Electrical Components & Equipment,0.900,model+crosswalk,
FLWS,1-800-FLOWERS.COM Inc,5990,25,Consumer Discretionary,2550,Consumer Discretionary Distribution & Retail,255040,Specialty Retail,25504040,Other Specialty Retail,0.900,model+crosswalk,
FLXS,Flexsteel Industries,2510,25,Consumer Discretionary,2520,Consumer Durables & Apparel,252010,Household Durables,25201020,Home Furnishings,0.900,model+crosswalk,
FLY,Firefly Aerospace Inc. Common Stock,3760,20,Industrials,2010,Capital Goods,201010,Aerospace & Defense,20101010,Aerospace & Defense,0.900,model+crosswalk,
FLYE,"Fly-E Group, Inc. Common Stock",3711,25,Consumer Discretionary,2510,Automobiles & Components,251020,Automobiles,25102010,Automobile Manufacturers,0.900,model+crosswalk,
FLYW,Flywire Corporation Voting Common Stock,7389,40,Financials,4020,Financial Services,402010,Financial Services,40201060,Transaction & Payment Processing Services,0.900,model+crosswalk,
FLYX,"flyExclusive, Inc.",4522,20,Industrials,2030,Transportation,203020,Passenger Airlines,20302010,Passenger Airlines,0.900,model+crosswalk,
FLZH,"Flash Sports & Media Holdings, Inc. Common Stock",5080,50,Communication Services,5020,Media & Entertainment,502010,Media,50201020,Broadcasting,0.600,yahoo,
FMAC,Future Money Acquisition Corporation Ordinary Shares,6770,,,,,,,,,,,shell_company
FMAO,"Farmers & Merchants Bancorp, Inc.",6035,40,Financials,4010,Banks,401010,Banks,40101015,Regional Banks,0.900,model+crosswalk,
FMBH,"First Mid Bancshares, Inc. Common Stock",6022,40,Financials,4010,Banks,401010,Banks,40101015,Regional Banks,0.900,model+crosswalk,
FMBL,FRMRS&MER BK LONG BCH CAL,,40,Financials,4010,Banks,401010,Banks,40101015,Regional Banks,0.650,yahoo,
FMBM,F & M BANK CORP,,40,Financials,4010,Banks,401010,Banks,40101015,Regional Banks,0.650,model+crosswalk,
FMBN,FRMRS&MER BNCSHS IOWA,,40,Financials,4010,Banks,401010,Banks,40101015,Regional Banks,0.650,yahoo,
FMC,FMC Corporation,2800,15,Materials,1510,Materials,151010,Chemicals,15101030,Fertilizers & Agricultural Chemicals,0.900,model+crosswalk,
FMCB,FRMRS&MER BNCORP LODI CA,,40,Financials,4010,Banks,401010,Banks,40101015,Regional Banks,0.650,yahoo,
FMFC,Kandal M Venture Limited Class A Ordinary Shares,,25,Consumer Discretionary,2520,Consumer Durables & Apparel,252030,"Textiles, Apparel & Luxury Goods",25203010,"Apparel, Accessories & Luxury Goods",0.650,model+crosswalk,
FMFG,FARMERS & MER BANCSHARES,,40,Financials,4010,Banks,401010,Banks,40101015,Regional Banks,0.650,model+crosswalk,
FMFP,FIRST COMMUTY FINCL (PA),,40,Financials,4010,Banks,401010,Banks,40101015,Regional Banks,0.650,model+crosswalk,
FMNB,Farmers National Banc Corp,6022,40,Financials,4010,Banks,401010,Banks,40101015,Regional Banks,0.900,model+crosswalk,
FMOO,F&M BANCORP MIAMISBURG OH,,40,Financials,4010,Banks,401010,Banks,40101015,Regional Banks,0.650,model+crosswalk,
FMST,Foremost Clean Energy Ltd. Common stock,,10,Energy,1010,Energy,101020,"Oil, Gas & Consumable Fuels",10102050,Coal & Consumable Fuels,0.650,yahoo,
FN,Fabrinet,3661,45,Information Technology,4520,Technology Hardware & Equipment,452030,"Electronic Equipment, Instruments & Components",45203020,Electronic Manufacturing Services,0.750,yahoo+sic,
FNB,F.N.B. Corp,6021,40,Financials,4010,Banks,401010,Banks,40101015,Regional Banks,0.844,model+crosswalk,
FND,"Floor & Decor Holdings, Inc.",5211,25,Consumer Discretionary,2550,Consumer Discretionary Distribution & Retail,255040,Specialty Retail,25504030,Home Improvement Retail,0.900,model+crosswalk,
FNDM,FUND.COM INC A,,,,,,,,,,,,not_common_equity
FNF,"Fidelity National Financial, Inc.",6361,40,Financials,4030,Insurance,403010,Insurance,40301040,Property & Casualty Insurance,0.900,model+crosswalk,
FNGR,"FingerMotion, Inc. Common Stock",7372,50,Communication Services,5010,Telecommunication Services,501020,Wireless Telecommunication Services,50102010,Wireless Telecommunication Services,0.600,yahoo,
FNKO,"Funko, Inc. Class A Common Stock",3944,25,Consumer Discretionary,2520,Consumer Durables & Apparel,252020,Leisure Products,25202010,Leisure Products,0.900,model+crosswalk,
FNLC,"First Bancorp, Inc. (ME)",6021,40,Financials,4010,Banks,401010,Banks,40101015,Regional Banks,0.934,model+crosswalk,
FNRN,First Northern Community Bancorp Common stock,6035,40,Financials,4010,Banks,401010,Banks,40101015,Regional Banks,0.900,model+crosswalk,
FNUC,Frontier Nuclear and Minerals Inc. Common Shares,1090,10,Energy,1010,Energy,101020,"Oil, Gas & Consumable Fuels",10102050,Coal & Consumable Fuels,0.900,model+crosswalk,
FNV,Franco-Nevada Corporation,,15,Materials,1510,Materials,151040,Metals & Mining,15104030,Gold,0.650,model+crosswalk,
FNWB,First Northwest Bancorp Common Stock,6036,40,Financials,4010,Banks,401010,Banks,40101015,Regional Banks,0.900,model+crosswalk,
FNWD,Finward Bancorp Common Stock,6035,40,Financials,4010,Banks,401010,Banks,40101015,Regional Banks,0.900,model+crosswalk,
FOA,Finance of America Companies Inc.,6162,40,Financials,4020,Financial Services,402010,Financial Services,40201050,Commercial & Residential Mortgage Finance,0.900,model+crosswalk,
FOFO,"Hang Feng Technology Innovation Co., Ltd. Ordinary Shares",,20,Industrials,2020,Commercial & Professional Services,202020,Professional Services,20202020,Research & Consulting Services,0.669,model+crosswalk,
FOR,Forestar Group Inc.,6500,60,Real Estate,6020,Real Estate Management & Development,602010,Real Estate Management & Development,60201030,Real Estate Development,0.900,model+crosswalk,
FORM,FormFactor Inc.,3674,45,Information Technology,4530,Semiconductors & Semiconductor Equipment,453010,Semiconductors & Semiconductor Equipment,45301010,Semiconductor Materials & Equipment,0.750,model+crosswalk,
FORR,Forrester Research Inc,8700,20,Industrials,2020,Commercial & Professional Services,202020,Professional Services,20202020,Research & Consulting Services,0.900,model+crosswalk,
FOSL,"Fossil Group, Inc.",3873,25,Consumer Discretionary,2520,Consumer Durables & Apparel,252030,"Textiles, Apparel & Luxury Goods",25203010,"Apparel, Accessories & Luxury Goods",0.900,model+crosswalk,
FOTB,FIRST OTTOWA BANKSHARES,,40,Financials,4010,Banks,401010,Banks,40101015,Regional Banks,0.650,model+crosswalk,
FOUR,"Shift4 Payments, Inc.",7389,40,Financials,4020,Financial Services,402010,Financial Services,40201060,Transaction & Payment Processing Services,0.900,model+crosswalk,
FOX,Fox Corporation Class B Common Stock,4833,50,Communication Services,5020,Media & Entertainment,502020,Entertainment,50202010,Movies & Entertainment,0.750,model+crosswalk,
FOXA,Fox Corporation Class A Common Stock,4833,50,Communication Services,5020,Media & Entertainment,502020,Entertainment,50202010,Movies & Entertainment,0.750,model+crosswalk,
FOXF,Fox Factory Holding Corp. Common Stock,3751,25,Consumer Discretionary,2510,Automobiles & Components,251010,Automobile Components,25101010,Automotive Parts & Equipment,0.700,yahoo+sic,
FOXX,Foxx Development Holdings Inc. Common Stock,3576,25,Consumer Discretionary,2520,Consumer Durables & Apparel,252010,Household Durables,25201010,Consumer Electronics,0.600,yahoo,
FPB,FOUNTAIN POWERBOAT INDS INC,,,,,,,,,,,,no_evidence
FPCG,FIRST PHYSICIANS CAP INC,,,,,,,,,,,,no_evidence
FPH,"Five Point Holdings, LLC Class A Common Shares",6500,60,Real Estate,6020,Real Estate Management & Development,602010,Real Estate Management & Development,60201030,Real Estate Development,0.900,model+crosswalk,
FPI,Farmland Partners Inc.,6798,60,Real Estate,6010,Equity Real Estate Investment Trusts (REITs),601080,Specialized REITs,60108010,Other Specialized REITs,0.900,model+crosswalk,
FPS,"Forgent Power Solutions, Inc.",3620,20,Industrials,2010,Capital Goods,201040,Electrical Equipment,20104010,Electrical Components & Equipment,0.900,model+crosswalk,
FR,"First Industrial Realty Trust, Inc.",6798,60,Real Estate,6010,Equity Real Estate Investment Trusts (REITs),601025,Industrial REITs,60102510,Industrial REITs,0.900,model+crosswalk,
FRAF,Franklin Financial Services Corporation Common Stock,6022,40,Financials,4010,Banks,401010,Banks,40101015,Regional Banks,0.900,model+crosswalk,
FRBA,First Bank,,40,Financials,4010,Banks,401010,Banks,40101015,Regional Banks,0.650,model+crosswalk,
FRBP,FRANKLIN BSP CAP CORP,,40,Financials,4020,Financial Services,402030,Capital Markets,40203010,Asset Management & Custody Banks,0.650,model+crosswalk,
FRBT,"Forbright, Inc. Class A Common Stock",6022,40,Financials,4010,Banks,401010,Banks,40101010,Diversified Banks,0.750,yahoo+sic,
FRD,Friedman Industries Inc. Common Stock,3310,15,Materials,1510,Materials,151040,Metals & Mining,15104050,Steel,0.900,model+crosswalk,
FRFC,FIRST ROBINSON FNCL CORP,,40,Financials,4010,Banks,401010,Banks,40101015,Regional Banks,0.650,model+crosswalk,
FRFR,FRITZY TECH INC,,50,Communication Services,5020,Media & Entertainment,502030,Interactive Media & Services,50203010,Interactive Media & Services,0.650,model+crosswalk,
FRGT,"Freight Technologies, Inc. Ordinary Shares",4731,45,Information Technology,4510,Software & Services,451030,Software,45103010,Application Software,0.600,yahoo,
FRHC,Freedom Holding Corp.,6211,40,Financials,4020,Financial Services,402010,Financial Services,40201020,Diversified Financial Services,0.750,yahoo+sic,
FRME,First Merchants Corp,6021,40,Financials,4010,Banks,401010,Banks,40101015,Regional Banks,0.900,model+crosswalk,
FRMEP,First Merchants Corporation Depository Shares,6021,40,Financials,4010,Banks,401010,Banks,40101015,Regional Banks,0.900,model+crosswalk,
FRMI,Fermi Inc. Common Stock,6798,60,Real Estate,6010,Equity Real Estate Investment Trusts (REITs),601080,Specialized REITs,60108010,Other Specialized REITs,0.900,model+crosswalk,
FRMM,"Forum Markets, Incorporated Common Stock",6199,45,Information Technology,4510,Software & Services,451030,Software,45103010,Application Software,0.600,yahoo,
FRNM,"Freenome, Inc. Common stock",8071,35,Health Care,3520,"Pharmaceuticals, Biotechnology & Life Sciences",352030,Life Sciences Tools & Services,35203010,Life Sciences Tools & Services,0.700,model+crosswalk,
FRO,Frontline Plc,,10,Energy,1010,Energy,101020,"Oil, Gas & Consumable Fuels",10102040,Oil & Gas Storage & Transportation,0.650,model+crosswalk,
FROG,JFrog Ltd. Ordinary Shares,7372,45,Information Technology,4510,Software & Services,451030,Software,45103010,Application Software,0.750,model+crosswalk,
FRPH,"FRP Holdings, Inc.",6500,60,Real Estate,6020,Real Estate Management & Development,602010,Real Estate Management & Development,60201040,Real Estate Services,0.750,model+crosswalk,
FRPT,"Freshpet, Inc.",2040,30,Consumer Staples,3020,"Food, Beverage & Tobacco",302020,Food Products,30202030,Packaged Foods & Meats,0.900,model+crosswalk,
FRQN,FREQUENCY HLDGS INC,,45,Information Technology,4510,Software & Services,451020,IT Services,45102010,IT Consulting & Other Services,0.650,model+crosswalk,
FRSB,FIRST RESOURCE BANCRP INC,,40,Financials,4010,Banks,401010,Banks,40101015,Regional Banks,0.650,model+crosswalk,
FRSH,Freshworks Inc. Class A Common Stock,7372,45,Information Technology,4510,Software & Services,451030,Software,45103010,Application Software,0.900,model+crosswalk,
FRST,Primis Financial Corp. Common Stock,6022,40,Financials,4010,Banks,401010,Banks,40101015,Regional Banks,0.900,model+crosswalk,
FRT,Federal Realty Investment Trust,6798,60,Real Estate,6010,Equity Real Estate Investment Trusts (REITs),601070,Retail REITs,60107010,Retail REITs,0.750,model+crosswalk,
FRTT,Fort Technology Inc. Common Shares,2870,25,Consumer Discretionary,2550,Consumer Discretionary Distribution & Retail,255030,Broadline Retail,25503030,Broadline Retail,0.600,yahoo,
FRUYF,FURUYA METAL CO LTD,,45,Information Technology,4520,Technology Hardware & Equipment,452030,"Electronic Equipment, Instruments & Components",45203015,Electronic Components,0.650,model+crosswalk,
FRVO,Fervo Energy Company Class A common stock,4911,55,Utilities,5510,Utilities,551050,Independent Power and Renewable Electricity Producers,55105020,Renewable Electricity,0.750,model+crosswalk,
FSBC,Five Star Bancorp Common Stock,6022,40,Financials,4010,Banks,401010,Banks,40101015,Regional Banks,0.900,model+crosswalk,
FSBW,"FS Bancorp, Inc. Common Stock",6036,40,Financials,4010,Banks,401010,Banks,40101015,Regional Banks,0.900,model+crosswalk,
FSCO,FS Credit Opportunities Corp.,,40,Financials,4020,Financial Services,402030,Capital Markets,40203010,Asset Management & Custody Banks,0.650,model+crosswalk,
FSDK,FIRST CTZNS NB UPR SNDSKY,,40,Financials,4010,Banks,401010,Banks,40101015,Regional Banks,0.650,yahoo,
FSEA,"First Seacoast Bancorp, Inc. Common Stock",6035,40,Financials,4010,Banks,401010,Banks,40101015,Regional Banks,0.900,model+crosswalk,
FSHP,Flag Ship Acquisition Corp. Ordinary Shares,6770,,,,,,,,,,,shell_company
FSI,"Flexible Solutions International, Inc.",2890,15,Materials,1510,Materials,151010,Chemicals,15101050,Specialty Chemicals,0.900,model+crosswalk,
FSK,FS KKR Capital Corp. Common Stock,,40,Financials,4020,Financial Services,402030,Capital Markets,40203010,Asset Management & Custody Banks,0.650,model+crosswalk,
FSLR,"First Solar, Inc.",3674,45,Information Technology,4530,Semiconductors & Semiconductor Equipment,453010,Semiconductors & Semiconductor Equipment,45301020,Semiconductors,0.900,model+crosswalk,
FSLY,"Fastly, Inc. Class A Common Stock",7372,45,Information Technology,4510,Software & Services,451030,Software,45103010,Application Software,0.750,model+crosswalk,
FSM,Fortuna Mining Corp.,,15,Materials,1510,Materials,151040,Metals & Mining,15104030,Gold,0.776,model+crosswalk,
FSMK,1ST SUMMIT BNCRP JOHNTOWN,,40,Financials,4010,Banks,401010,Banks,40101015,Regional Banks,0.650,model+crosswalk,
FSP,Franklin Street Properties Corp,6798,60,Real Estate,6010,Equity Real Estate Investment Trusts (REITs),601040,Office REITs,60104010,Office REITs,0.900,model+crosswalk,
FSS,Federal Signal Corp.,3711,20,Industrials,2010,Capital Goods,201060,Machinery,20106010,Construction Machinery & Heavy Transportation Equipment,0.900,model+crosswalk,
FSSL,FS Specialty Lending Fund,,,,,,,,,,,,not_common_equity
FSTR,Foster (Lb) Co,5051,20,Industrials,2030,Transportation,203040,Ground Transportation,20304010,Rail Transportation,0.700,yahoo+sic,
FSUN,FirstSun Capital Bancorp Common Stock,6021,40,Financials,4010,Banks,401010,Banks,40101015,Regional Banks,0.942,model+crosswalk,
FSV,FirstService Corporation Common Shares,,60,Real Estate,6020,Real Estate Management & Development,602010,Real Estate Management & Development,60201040,Real Estate Services,0.650,model+crosswalk,
FTAI,FTAI Aviation Ltd. Common Stock,7350,20,Industrials,2010,Capital Goods,201010,Aerospace & Defense,20101010,Aerospace & Defense,0.750,model+crosswalk,
FTCI,"FTC Solar, Inc. Common Stock",3674,20,Industrials,2010,Capital Goods,201040,Electrical Equipment,20104010,Electrical Components & Equipment,0.600,yahoo,
FTCO,FORTITUDE GOLD CORP,,15,Materials,1510,Materials,151040,Metals & Mining,15104030,Gold,0.948,model+crosswalk,
FTDR,"Frontdoor, Inc. Common Stock",7340,25,Consumer Discretionary,2530,Consumer Services,253020,Diversified Consumer Services,25302020,Specialized Consumer Services,0.600,yahoo,
FTEK,"Fuel Tech, Inc.",3564,20,Industrials,2010,Capital Goods,201060,Machinery,20106020,Industrial Machinery & Supplies & Components,0.900,model+crosswalk,
FTFI,FIRST BERLN BNCRP CMT CAP,,40,Financials,4010,Banks,401010,Banks,40101015,Regional Banks,0.650,yahoo,
FTFT,Future FinTech Group Inc.,7389,45,Information Technology,4510,Software & Services,451030,Software,45103010,Application Software,0.600,model+crosswalk,
FTH,"Faeth Therapeutics, Inc. Common Stock",2834,35,Health Care,3520,"Pharmaceuticals, Biotechnology & Life Sciences",352010,Biotechnology,35201010,Biotechnology,0.900,model+crosswalk,
FTHA,Forefront Tech Holdings Acquisition Corp Class A Ordinary Shares,6770,,,,,,,,,,,shell_company
FTHCF,FORTH CORPORATION PCL,,,,,,,,,,,,no_evidence
FTHM,Fathom Holdings Inc. Common Stock,6531,60,Real Estate,6020,Real Estate Management & Development,602010,Real Estate Management & Development,60201040,Real Estate Services,0.917,model+crosswalk,
FTI,TechnipFMC plc Ordinary Share,3533,10,Energy,1010,Energy,101010,Energy Equipment & Services,10101020,Oil & Gas Equipment & Services,0.900,model+crosswalk,
FTK,"Flotek Industries, Inc.",2890,10,Energy,1010,Energy,101010,Energy Equipment & Services,10101020,Oil & Gas Equipment & Services,0.600,model+crosswalk,
FTLF,"FitLife Brands, Inc. Common Stock",2833,30,Consumer Staples,3020,"Food, Beverage & Tobacco",302020,Food Products,30202030,Packaged Foods & Meats,0.700,model+crosswalk,
FTNT,"Fortinet, Inc.",3577,45,Information Technology,4510,Software & Services,451030,Software,45103020,Systems Software,0.700,model+crosswalk,
FTRA,FutureCorp Space Acquisition 1,,,,,,,,,,,,shell_company
FTRE,Fortrea Holdings Inc. Common Stock,8071,35,Health Care,3520,"Pharmaceuticals, Biotechnology & Life Sciences",352010,Biotechnology,35201010,Biotechnology,0.750,model+crosswalk,
FTS,Fortis Inc. Common Shares,,55,Utilities,5510,Utilities,551010,Electric Utilities,55101010,Electric Utilities,0.650,model+crosswalk,
FTV,Fortive Corporation,3823,35,Health Care,3510,Health Care Equipment & Services,351010,Health Care Equipment & Supplies,35101010,Health Care Equipment,0.600,yahoo,
FTW,Presidio Production Company,1311,10,Energy,1010,Energy,101020,"Oil, Gas & Consumable Fuels",10102020,Oil & Gas Exploration & Production,0.900,model+crosswalk,
FUBO,FuboTV Inc.,7812,50,Communication Services,5020,Media & Entertainment,502010,Media,50201020,Broadcasting,0.750,yahoo+sic,
FUFU,BitFuFu Inc. Class A Ordinary Shares,,40,Financials,4020,Financial Services,402030,Capital Markets,40203020,Investment Banking & Brokerage,0.650,yahoo,
FUL,H.B. Fuller Company,2891,15,Materials,1510,Materials,151010,Chemicals,15101050,Specialty Chemicals,0.900,model+crosswalk,
FULC,"Fulcrum Therapeutics, Inc. Common Stock",2834,35,Health Care,3520,"Pharmaceuticals, Biotechnology & Life Sciences",352010,Biotechnology,35201010,Biotechnology,0.900,model+crosswalk,
FULO,FULLNET COMMUNS INC,,50,Communication Services,5010,Telecommunication Services,501010,Diversified Telecommunication Services,50101020,Integrated Telecommunication Services,0.650,yahoo,
FULT,Fulton Financial Corp,6021,40,Financials,4010,Banks,401010,Banks,40101015,Regional Banks,0.900,model+crosswalk,
FULTP,"Fulton Financial Corporation Depositary Shares, Each Representing a 1/40th Interest in a Share of Fixed Rate Non-Cumulative Perpetual Preferred Stock, Series A",6021,,,,,,,,,,,not_common_equity
FUN,Six Flags Entertainment Corporation,7900,25,Consumer Discretionary,2520,Consumer Durables & Apparel,252020,Leisure Products,25202010,Leisure Products,0.600,yahoo,
FUNC,First United Corp,6021,40,Financials,4010,Banks,401010,Banks,40101015,Regional Banks,0.900,model+crosswalk,
FUND,"Sprott Focus Trust, Inc.",,,,,,,,,,,,not_common_equity
FURY,Fury Gold Mines Limited,,15,Materials,1510,Materials,151040,Metals & Mining,15104030,Gold,0.650,model+crosswalk,
FUSB,"First US Bancshares, Inc. Common Stock",6022,40,Financials,4010,Banks,401010,Banks,40101015,Regional Banks,0.900,model+crosswalk,
FUSE,Fusemachines Inc. Common stock,7373,45,Information Technology,4510,Software & Services,451030,Software,45103010,Application Software,0.750,model+crosswalk,
FUST,FUSE GROUP HOLDING INC,,15,Materials,1510,Materials,151040,Metals & Mining,15104020,Diversified Metals & Mining,0.650,model+crosswalk,
FVAV,Fortress Value Acquisition Corp. V Class A Ordinary Shares,6770,,,,,,,,,,,shell_company
FVCB,"FVCBankcorp, Inc. Common Stock",6022,40,Financials,4010,Banks,401010,Banks,40101015,Regional Banks,0.900,model+crosswalk,
FVN,Future Vision II Acquisition Corporation Ordinary shares,7373,,,,,,,,,,,shell_company
FVR,"FrontView REIT, Inc.",6798,60,Real Estate,6010,Equity Real Estate Investment Trusts (REITs),601010,Diversified REITs,60101010,Diversified REITs,0.750,yahoo+sic,
FVRR,Fiverr International Ltd.,,50,Communication Services,5020,Media & Entertainment,502030,Interactive Media & Services,50203010,Interactive Media & Services,0.650,model+crosswalk,
FVTI,FORTUNE VLY TREASURES,,30,Consumer Staples,3020,"Food, Beverage & Tobacco",302010,Beverages,30201020,Distillers & Vintners,0.650,model+crosswalk,
FWAC,Futurewave Acquisition Corporation Ordinary Shares,,,,,,,,,,,,shell_company
FWDI,"Forward Industries, Inc. Common Stock",6199,25,Consumer Discretionary,2520,Consumer Durables & Apparel,252030,"Textiles, Apparel & Luxury Goods",25203020,Footwear,0.600,yahoo,
FWONA,Liberty Media Corporation Series A Common Stock,,,,,,,,,,,,no_evidence
FWONK,Liberty Media Corporation Series C Common Stock,4833,50,Communication Services,5020,Media & Entertainment,502010,Media,50201020,Broadcasting,0.550,sic,
FWRD,Forward Air Corp,4731,20,Industrials,2030,Transportation,203040,Ground Transportation,20304030,Cargo Ground Transportation,0.750,yahoo+sic,
FWRG,"First Watch Restaurant Group, Inc. Common Stock",5812,25,Consumer Discretionary,2530,Consumer Services,253010,"Hotels, Restaurants & Leisure",25301040,Restaurants,0.900,model+crosswalk,
FXAC,FortuneX Acquisition Corporation Ordinary shares,6770,,,,,,,,,,,shell_company
FXBY,FOXBY CORP,,40,Financials,4020,Financial Services,402030,Capital Markets,40203010,Asset Management & Custody Banks,0.770,model+crosswalk,
FXHO,UTime Limited Class A Ordinary Shares,3600,25,Consumer Discretionary,2520,Consumer Durables & Apparel,252010,Household Durables,25201010,Consumer Electronics,0.600,yahoo,
FXLG,F S BANCORP LAGRANGE IN,,40,Financials,4010,Banks,401010,Banks,40101015,Regional Banks,0.350,keywords,
FXNC,FIRST NATL CORP STRASBURG VA,6022,40,Financials,4010,Banks,401010,Banks,40101015,Regional Banks,0.900,model+crosswalk,
FXSRF,FIXSTARS CORP,,45,Information Technology,4510,Software & Services,451030,Software,45103010,Application Software,0.968,model+crosswalk,
G,GENPACT LIMITED,8742,45,Information Technology,4510,Software & Services,451020,IT Services,45102030,Internet Services & Infrastructure,0.600,yahoo,
GABC,"German American Bancorp, Inc.",6022,40,Financials,4010,Banks,401010,Banks,40101015,Regional Banks,0.900,model+crosswalk,
GABK,GRAND BANK CORPORATION,,40,Financials,4010,Banks,401010,Banks,40101015,Regional Banks,0.350,keywords,
GAHC,GLOBAL ARENA HLDG INC,,45,Information Technology,4510,Software & Services,451030,Software,45103010,Application Software,0.650,model+crosswalk,
GAIA,"Gaia, Inc. Class A Common Stock",7812,50,Communication Services,5020,Media & Entertainment,502020,Entertainment,50202010,Movies & Entertainment,0.900,model+crosswalk,
GAIN,Gladstone Investment Corporation,,40,Financials,4020,Financial Services,402030,Capital Markets,40203010,Asset Management & Custody Banks,0.650,model+crosswalk,
GAING,Gladstone Investment Corporation 7.125% Notes due 2031,,,,,,,,,,,,not_common_equity
GAINI,Gladstone Investment Corporation 7.875% Notes due 2030,,,,,,,,,,,,not_common_equity
GAINZ,Gladstone Investment Corporation 4.875% Notes due 2028,,,,,,,,,,,,not_common_equity
GALT,Galectin Therapeutics Inc.,2834,35,Health Care,3520,"Pharmaceuticals, Biotechnology & Life Sciences",352010,Biotechnology,35201010,Biotechnology,0.900,model+crosswalk,
GAME,"GameSquare Holdings, Inc. Common Stock",7900,50,Communication Services,5020,Media & Entertainment,502020,Entertainment,50202020,Interactive Home Entertainment,0.750,yahoo+sic,
GAMI,GAMCO INVESTORS INC A,,40,Financials,4020,Financial Services,402030,Capital Markets,40203010,Asset Management & Custody Banks,0.650,model+crosswalk,
GANX,"Gain Therapeutics, Inc. Common Stock",2834,35,Health Care,3520,"Pharmaceuticals, Biotechnology & Life Sciences",352010,Biotechnology,35201010,Biotechnology,0.900,model+crosswalk,
GAP,"The Gap, Inc.",5651,25,Consumer Discretionary,2550,Consumer Discretionary Distribution & Retail,255040,Specialty Retail,25504010,Apparel Retail,0.900,model+crosswalk,
GASS,"StealthGas, Inc.",,20,Industrials,2030,Transportation,203030,Marine Transportation,20303010,Marine Transportation,0.650,model+crosswalk,
GATX,GATX Corporation,4700,20,Industrials,2010,Capital Goods,201070,Trading Companies & Distributors,20107010,Trading Companies & Distributors,0.700,model+crosswalk,
GAU,Galiano Gold Inc.,,15,Materials,1510,Materials,151040,Metals & Mining,15104030,Gold,0.650,model+crosswalk,
GAUZ,Gauzy Ltd. Ordinary Shares,,45,Information Technology,4520,Technology Hardware & Equipment,452030,"Electronic Equipment, Instruments & Components",45203015,Electronic Components,0.650,model+crosswalk,
GBCI,Glacier Bancorp Inc,6022,40,Financials,4010,Banks,401010,Banks,40101015,Regional Banks,0.921,model+crosswalk,
GBCS,SELECTIS HEALTH INC,,35,Health Care,3510,Health Care Equipment & Services,351020,Health Care Providers & Services,35102020,Health Care Facilities,0.727,model+crosswalk,
GBDC,"Golub Capital BDC, Inc.",,40,Financials,4020,Financial Services,402030,Capital Markets,40203010,Asset Management & Custody Banks,0.650,model+crosswalk,
GBDMF,GLOBAL DOMINION ACCESS SA,,45,Information Technology,4510,Software & Services,451020,IT Services,45102010,IT Consulting & Other Services,0.650,model+crosswalk,
GBFH,GBank Financial Holdings Inc. Common Stock,6022,40,Financials,4010,Banks,401010,Banks,40101015,Regional Banks,0.900,model+crosswalk,
GBLI,"Global Indemnity Group, LLC Class A Common Stock",6331,40,Financials,4030,Insurance,403010,Insurance,40301040,Property & Casualty Insurance,0.914,model+crosswalk,
GBR,New Concept Energy Inc,1311,60,Real Estate,6020,Real Estate Management & Development,602010,Real Estate Management & Development,60201040,Real Estate Services,0.600,yahoo,
GBTG,"Global Business Travel Group, Inc.",4700,25,Consumer Discretionary,2530,Consumer Services,253010,"Hotels, Restaurants & Leisure",25301020,"Hotels, Resorts & Cruise Lines",0.600,yahoo,
GBUX,GIVBUX INC,,45,Information Technology,4510,Software & Services,451030,Software,45103010,Application Software,0.987,model+crosswalk,
GBX,"The Greenbrier Companies, Inc.",3743,20,Industrials,2030,Transportation,203040,Ground Transportation,20304010,Rail Transportation,0.700,yahoo+sic,
GCAN,GREATER CANNABIS CO,,35,Health Care,3520,"Pharmaceuticals, Biotechnology & Life Sciences",352020,Pharmaceuticals,35202010,Pharmaceuticals,0.865,model+crosswalk,
GCBC,Greene County Bancorp Inc,6036,40,Financials,4010,Banks,401010,Banks,40101015,Regional Banks,0.900,model+crosswalk,
GCCO,GARDEN CITY CO COLO,,60,Real Estate,6020,Real Estate Management & Development,602010,Real Estate Management & Development,60201030,Real Estate Development,0.650,model+crosswalk,
GCDT,Green Circle Decarbonize Technology Limited,,20,Industrials,2010,Capital Goods,201060,Machinery,20106020,Industrial Machinery & Supplies & Components,0.650,model+crosswalk,
GCGR,General Catalyst Global Resilience Merger Corp. Class A Ordinary Shares,6770,,,,,,,,,,,shell_company
GCL,GCL Global Holdings Ltd Ordinary Shares,,50,Communication Services,5020,Media & Entertainment,502020,Entertainment,50202020,Interactive Home Entertainment,0.650,model+crosswalk,
GCMG,GCM Grosvenor Inc. Class A Common Stock,6282,40,Financials,4020,Financial Services,402030,Capital Markets,40203010,Asset Management & Custody Banks,0.900,model+crosswalk,
GCO,Genesco Inc.,5661,25,Consumer Discretionary,2550,Consumer Discretionary Distribution & Retail,255040,Specialty Retail,25504010,Apparel Retail,0.900,model+crosswalk,
GCT,GigaCloud Technology Inc Class A Ordinary Shares,5961,45,Information Technology,4510,Software & Services,451030,Software,45103010,Application Software,0.600,model+crosswalk,
GCTK,"GlucoTrack, Inc. Common Stock",3841,35,Health Care,3510,Health Care Equipment & Services,351010,Health Care Equipment & Supplies,35101010,Health Care Equipment,0.900,model+crosswalk,
GCTS,"GCT Semiconductor Holding, Inc.",3674,45,Information Technology,4530,Semiconductors & Semiconductor Equipment,453010,Semiconductors & Semiconductor Equipment,45301020,Semiconductors,0.900,model+crosswalk,
GD,General Dynamics Corporation,3730,20,Industrials,2010,Capital Goods,201010,Aerospace & Defense,20101010,Aerospace & Defense,0.900,model+crosswalk,
GDC,GD Culture Group Limited Common Stock,5050,50,Communication Services,5020,Media & Entertainment,502020,Entertainment,50202020,Interactive Home Entertainment,0.600,yahoo,
GDDY,GoDaddy Inc,7373,45,Information Technology,4510,Software & Services,451020,IT Services,45102030,Internet Services & Infrastructure,0.900,model+crosswalk,
GDELF,GODO STEEL LTD,,15,Materials,1510,Materials,151040,Metals & Mining,15104050,Steel,0.710,model+crosswalk,
GDEV,GDEV Inc. Ordinary Shares,,50,Communication Services,5020,Media & Entertainment,502020,Entertainment,50202020,Interactive Home Entertainment,0.650,model+crosswalk,
GDHG,Golden Heaven Group Holdings Ltd. Class A Ordinary Shares,,25,Consumer Discretionary,2520,Consumer Durables & Apparel,252020,Leisure Products,25202010,Leisure Products,0.650,model+crosswalk,
GDLG,GLIDELOGIC CORP.,,45,Information Technology,4510,Software & Services,451030,Software,45103010,Application Software,0.968,model+crosswalk,
GDOT,Green Dot Corporation,6199,40,Financials,4020,Financial Services,402010,Financial Services,40201060,Transaction & Payment Processing Services,0.900,model+crosswalk,
GDRX,"GoodRx Holdings, Inc. Class A Common Stock",7374,35,Health Care,3510,Health Care Equipment & Services,351020,Health Care Providers & Services,35102015,Health Care Services,0.600,yahoo,
GDTC,CytoMed Therapeutics Limited Ordinary Shares,,35,Health Care,3520,"Pharmaceuticals, Biotechnology & Life Sciences",352010,Biotechnology,35201010,Biotechnology,0.650,model+crosswalk,
GDYN,"Grid Dynamics Holdings, Inc. Class A Common Stock",7372,45,Information Technology,4510,Software & Services,451020,IT Services,45102010,IT Consulting & Other Services,0.750,yahoo+sic,
GE,GE Aerospace,3600,20,Industrials,2010,Capital Goods,201010,Aerospace & Defense,20101010,Aerospace & Defense,0.600,model+crosswalk,
GECC,Great Elm Capital. Corp. Common Stock,,40,Financials,4020,Financial Services,402030,Capital Markets,40203010,Asset Management & Custody Banks,0.650,model+crosswalk,
GECCG,Great Elm Capital Corp. 7.75% Notes Due 2030,,,,,,,,,,,,not_common_equity
GECCH,Great Elm Capital Corp. 8.125% Notes Due 2029,,,,,,,,,,,,not_common_equity
GECCI,Great Elm Capital Corp. 8.50% NOTES DUE 2029,,,,,,,,,,,,not_common_equity
GEF,"Greif, Inc.",3412,15,Materials,1510,Materials,151030,Containers & Packaging,15103020,Paper & Plastic Packaging Products & Materials,0.750,model+crosswalk,
GEF.B,"Greif, Inc. Class B",3412,15,Materials,1510,Materials,151030,Containers & Packaging,15103020,Paper & Plastic Packaging Products & Materials,0.750,model+crosswalk,
GEG,"Great Elm Group, Inc. Common Stock",7372,40,Financials,4020,Financial Services,402030,Capital Markets,40203010,Asset Management & Custody Banks,0.600,model+crosswalk,
GEGGL,"Great Elm Group, Inc. 7.25% Notes due 2027",7372,,,,,,,,,,,not_common_equity
GEHC,GE HealthCare Technologies Inc. Common Stock,3844,35,Health Care,3510,Health Care Equipment & Services,351010,Health Care Equipment & Supplies,35101010,Health Care Equipment,0.900,model+crosswalk,
GEL,"Genesis Energy, L.P.",4610,10,Energy,1010,Energy,101020,"Oil, Gas & Consumable Fuels",10102040,Oil & Gas Storage & Transportation,0.900,model+crosswalk,
GELS,Gelteq Limited Ordinary Shares,,35,Health Care,3520,"Pharmaceuticals, Biotechnology & Life Sciences",352020,Pharmaceuticals,35202010,Pharmaceuticals,0.650,model+crosswalk,
GEMI,"Gemini Space Station, Inc. Class A Common Stock",6199,40,Financials,4020,Financial Services,402030,Capital Markets,40203020,Investment Banking & Brokerage,0.750,model+crosswalk,
GEN,Gen Digital Inc. Common Stock,7372,45,Information Technology,4510,Software & Services,451030,Software,45103020,Systems Software,0.900,model+crosswalk,
GENB,"Generate Biomedicines, Inc. Common Stock",2834,35,Health Care,3520,"Pharmaceuticals, Biotechnology & Life Sciences",352010,Biotechnology,35201010,Biotechnology,0.900,model+crosswalk,
GENC,"Gencor Industries, Inc.",3531,20,Industrials,2010,Capital Goods,201060,Machinery,20106010,Construction Machinery & Heavy Transportation Equipment,0.900,model+crosswalk,
GENI,Genius Sports Limited,,50,Communication Services,5020,Media & Entertainment,502030,Interactive Media & Services,50203010,Interactive Media & Services,0.650,model+crosswalk,
GENK,"GEN Restaurant Group, Inc. Class A Common Stock",5812,25,Consumer Discretionary,2530,Consumer Services,253010,"Hotels, Restaurants & Leisure",25301040,Restaurants,0.900,model+crosswalk,
GEO,"The GEO Group, Inc.",1520,20,Industrials,2020,Commercial & Professional Services,202010,Commercial Services & Supplies,20201080,Security & Alarm Services,0.600,yahoo,
GEOS,Geospace Technologies Corporation Common Stock,3829,10,Energy,1010,Energy,101010,Energy Equipment & Services,10101020,Oil & Gas Equipment & Services,0.600,model+crosswalk,
GERN,Geron Corp,2834,35,Health Care,3520,"Pharmaceuticals, Biotechnology & Life Sciences",352010,Biotechnology,35201010,Biotechnology,0.900,model+crosswalk,
GETY,"Getty Images Holdings, Inc.",7389,50,Communication Services,5020,Media & Entertainment,502030,Interactive Media & Services,50203010,Interactive Media & Services,0.900,model+crosswalk,
GEV,GE Vernova Inc.,3600,20,Industrials,2010,Capital Goods,201060,Machinery,20106020,Industrial Machinery & Supplies & Components,0.600,model+crosswalk,
GEVO,"Gevo, Inc.",2860,15,Materials,1510,Materials,151010,Chemicals,15101050,Specialty Chemicals,0.600,model+crosswalk,
GFAI,"Guardforce AI Co., Limited Ordinary Shares",,20,Industrials,2020,Commercial & Professional Services,202010,Commercial Services & Supplies,20201080,Security & Alarm Services,0.650,yahoo,
GFF,Griffon Corp,3442,20,Industrials,2010,Capital Goods,201020,Building Products,20102010,Building Products,0.900,model+crosswalk,
GFL,GFL Environmental Inc. Subordinate Voting Shares,,20,Industrials,2020,Commercial & Professional Services,202010,Commercial Services & Supplies,20201050,Environmental & Facilities Services,0.650,model+crosswalk,
GFR,Greenfire Resources Ltd.,,10,Energy,1010,Energy,101020,"Oil, Gas & Consumable Fuels",10102020,Oil & Gas Exploration & Production,0.650,model+crosswalk,
GFS,GlobalFoundries Inc. Ordinary Shares,,45,Information Technology,4530,Semiconductors & Semiconductor Equipment,453010,Semiconductors & Semiconductor Equipment,45301020,Semiconductors,0.650,model+crosswalk,
GFUZ,General Fusion Group Ltd. Common Shares,4911,20,Industrials,2010,Capital Goods,201060,Machinery,20106020,Industrial Machinery & Supplies & Components,0.600,model+crosswalk,
GGG,Graco Inc,3561,20,Industrials,2010,Capital Goods,201060,Machinery,20106020,Industrial Machinery & Supplies & Components,0.900,model+crosswalk,
GGR,Gogoro Inc. Ordinary Shares,,25,Consumer Discretionary,2510,Automobiles & Components,251020,Automobiles,25102010,Automobile Manufacturers,0.650,yahoo,
GH,"Guardant Health, Inc. Common Stock",8071,35,Health Care,3520,"Pharmaceuticals, Biotechnology & Life Sciences",352030,Life Sciences Tools & Services,35203010,Life Sciences Tools & Services,0.900,model+crosswalk,
GHC,GRAHAM HOLDINGS COMPANY,8200,40,Financials,4020,Financial Services,402010,Financial Services,40201030,Multi-Sector Holdings,0.600,yahoo,
GHM,Graham Corporation,3560,20,Industrials,2010,Capital Goods,201010,Aerospace & Defense,20101010,Aerospace & Defense,0.750,yahoo+sic,
GHRS,GH Research PLC Ordinary Shares,,35,Health Care,3520,"Pharmaceuticals, Biotechnology & Life Sciences",352010,Biotechnology,35201010,Biotechnology,0.650,model+crosswalk,
GHST,GHST WORLD INC,,25,Consumer Discretionary,2550,Consumer Discretionary Distribution & Retail,255040,Specialty Retail,25504040,Other Specialty Retail,0.738,model+crosswalk,
GHXI,"Gores Holdings XI, Inc. Class A Ordinary Shares",6770,,,,,,,,,,,shell_company
GIB,CGI Inc.,,45,Information Technology,4510,Software & Services,451020,IT Services,45102010,IT Consulting & Other Services,0.650,model+crosswalk,
GIBO,GIBO Holdings Limited Class A Ordinary Shares,,50,Communication Services,5020,Media & Entertainment,502030,Interactive Media & Services,50203010,Interactive Media & Services,0.650,model+crosswalk,
GIC,Global Industrial Company,5084,20,Industrials,2010,Capital Goods,201070,Trading Companies & Distributors,20107010,Trading Companies & Distributors,0.900,model+crosswalk,
GIFT,"Giftify, Inc. Common Stock",5961,50,Communication Services,5020,Media & Entertainment,502030,Interactive Media & Services,50203010,Interactive Media & Services,0.600,yahoo,
GIGM,GigaMedia Ltd,,50,Communication Services,5020,Media & Entertainment,502020,Entertainment,50202020,Interactive Home Entertainment,0.650,yahoo,
GIII,G-Iii Apparel Group Ltd,2300,25,Consumer Discretionary,2520,Consumer Durables & Apparel,252030,"Textiles, Apparel & Luxury Goods",25203010,"Apparel, Accessories & Luxury Goods",0.900,model+crosswalk,
GIL,Gildan Activewear Inc.,,25,Consumer Discretionary,2520,Consumer Durables & Apparel,252030,"Textiles, Apparel & Luxury Goods",25203010,"Apparel, Accessories & Luxury Goods",0.650,model+crosswalk,
GILD,Gilead Sciences Inc,2836,35,Health Care,3520,"Pharmaceuticals, Biotechnology & Life Sciences",352020,Pharmaceuticals,35202010,Pharmaceuticals,0.750,yahoo+sic,
GILT,Gilat Satellite Networks Ltd,,45,Information Technology,4520,Technology Hardware & Equipment,452010,Communications Equipment,45201020,Communications Equipment,0.650,model+crosswalk,
GIPR,Generation Income Properties Inc. Common Stock,6798,60,Real Estate,6010,Equity Real Estate Investment Trusts (REITs),601010,Diversified REITs,60101010,Diversified REITs,0.750,yahoo+sic,
GIS,"General Mills, Inc.",2040,30,Consumer Staples,3020,"Food, Beverage & Tobacco",302020,Food Products,30202030,Packaged Foods & Meats,0.900,model+crosswalk,
GITS,"Global Interactive Technologies, Inc. Common Stock",7370,50,Communication Services,5020,Media & Entertainment,502030,Interactive Media & Services,50203010,Interactive Media & Services,0.600,model+crosswalk,
GIW,GigCapital8 Corp. Class A Ordinary Shares,6770,,,,,,,,,,,shell_company
GIX,GigCapital9 Corp. Class A Ordinary Share,6770,,,,,,,,,,,shell_company
GIXI,Gix Internet Ltd. Ordinary Shares,,45,Information Technology,4510,Software & Services,451030,Software,45103020,Systems Software,0.650,model+crosswalk,
GKOS,Glaukos Corporation,3841,35,Health Care,3510,Health Care Equipment & Services,351010,Health Care Equipment & Supplies,35101010,Health Care Equipment,0.900,model+crosswalk,
GL,Globe Life Inc.,6311,40,Financials,4030,Insurance,403010,Insurance,40301020,Life & Health Insurance,0.900,model+crosswalk,
GLAD,Gladstone Capital Corp,,40,Financials,4020,Financial Services,402030,Capital Markets,40203010,Asset Management & Custody Banks,0.650,model+crosswalk,
GLAS,Glass House Brands Inc.,2833,35,Health Care,3520,"Pharmaceuticals, Biotechnology & Life Sciences",352020,Pharmaceuticals,35202010,Pharmaceuticals,0.600,model+crosswalk,
GLBE,Global-E Online Ltd. Ordinary Shares,,25,Consumer Discretionary,2550,Consumer Discretionary Distribution & Retail,255030,Broadline Retail,25503030,Broadline Retail,0.650,model+crosswalk,
GLBS,Globus Maritime Limited,,20,Industrials,2030,Transportation,203030,Marine Transportation,20303010,Marine Transportation,0.650,model+crosswalk,
GLDG,GoldMining Inc.,,15,Materials,1510,Materials,151040,Metals & Mining,15104030,Gold,0.650,model+crosswalk,
GLE,Global Engine Group Holding Limited Class A Ordinary Shares,,45,Information Technology,4510,Software & Services,451020,IT Services,45102030,Internet Services & Infrastructure,0.650,model+crosswalk,
GLED,GalaxyEdge Acquisition Corporation,6770,,,,,,,,,,,shell_company
GLIBA,Liberty Capital Corporation Series A GCI Group Common Stock,4813,50,Communication Services,5010,Telecommunication Services,501020,Wireless Telecommunication Services,50102010,Wireless Telecommunication Services,0.750,yahoo+sic,
GLIBK,Liberty Capital Corporation Series C GCI Group Common Stock,4813,50,Communication Services,5010,Telecommunication Services,501020,Wireless Telecommunication Services,50102010,Wireless Telecommunication Services,0.750,yahoo+sic,
GLMD,Galmed Pharmaceuticals Ltd.,,35,Health Care,3520,"Pharmaceuticals, Biotechnology & Life Sciences",352010,Biotechnology,35201010,Biotechnology,0.650,model+crosswalk,
GLND,Greenland Energy Company Common Stock,1381,10,Energy,1010,Energy,101020,"Oil, Gas & Consumable Fuels",10102020,Oil & Gas Exploration & Production,0.750,model+crosswalk,
GLNG,Golar LNG Ltd,,10,Energy,1010,Energy,101020,"Oil, Gas & Consumable Fuels",10102040,Oil & Gas Storage & Transportation,0.650,model+crosswalk,
GLOB,GLOBANT S.A.,,45,Information Technology,4510,Software & Services,451020,IT Services,45102010,IT Consulting & Other Services,0.650,yahoo,
GLOH,GLOW HOLDINGS INC,,,,,,,,,,,,shell_company
GLOO,"Gloo Holdings, Inc. Class A Common Stock",7374,45,Information Technology,4510,Software & Services,451030,Software,45103010,Application Software,0.600,model+crosswalk,
GLP,Global Partners LP,5171,10,Energy,1010,Energy,101020,"Oil, Gas & Consumable Fuels",10102040,Oil & Gas Storage & Transportation,0.900,model+crosswalk,
GLPI,"Gaming and Leisure Properties, Inc.",6798,60,Real Estate,6010,Equity Real Estate Investment Trusts (REITs),601070,Retail REITs,60107010,Retail REITs,0.900,model+crosswalk,
GLRE,"Greenlight Captial RE, LTD. Class A",6331,40,Financials,4030,Insurance,403010,Insurance,40301050,Reinsurance,0.750,yahoo+sic,
GLSI,"Greenwich LifeSciences, Inc.",2834,35,Health Care,3520,"Pharmaceuticals, Biotechnology & Life Sciences",352010,Biotechnology,35201010,Biotechnology,0.900,model+crosswalk,
GLUE,"Monte Rosa Therapeutics, Inc. Common Stock",2836,35,Health Care,3520,"Pharmaceuticals, Biotechnology & Life Sciences",352010,Biotechnology,35201010,Biotechnology,0.900,model+crosswalk,
GLVIF,GULLIVER INTL CO LTD,,,,,,,,,,,,no_evidence
GLW,Corning Incorporated,3357,45,Information Technology,4520,Technology Hardware & Equipment,452030,"Electronic Equipment, Instruments & Components",45203015,Electronic Components,0.600,model+crosswalk,
GLXG,Galaxy Payroll Group Limited Class A Ordinary Shares,,20,Industrials,2020,Commercial & Professional Services,202020,Professional Services,20202010,Human Resource & Employment Services,0.650,model+crosswalk,
GLXY,Galaxy Digital Inc. Class A Common Stock,6211,40,Financials,4020,Financial Services,402030,Capital Markets,40203010,Asset Management & Custody Banks,0.900,model+crosswalk,
GM,General Motors Company,3711,25,Consumer Discretionary,2510,Automobiles & Components,251020,Automobiles,25102010,Automobile Manufacturers,0.900,model+crosswalk,
GME,GameStop Corp. Class A,5734,25,Consumer Discretionary,2550,Consumer Discretionary Distribution & Retail,255040,Specialty Retail,25504020,Computer & Electronics Retail,0.912,model+crosswalk,
GMED,GLOBUS MEDICAL INC,3841,35,Health Care,3510,Health Care Equipment & Services,351010,Health Care Equipment & Supplies,35101010,Health Care Equipment,0.900,model+crosswalk,
GMEX,GMEX ROBOTICS CORPORATION Class A Ordinary Shares,3949,25,Consumer Discretionary,2520,Consumer Durables & Apparel,252010,Household Durables,25201010,Consumer Electronics,0.750,yahoo+sic,
GMHS,Gamehaus Holdings Inc. Class A Ordinary Shares,,50,Communication Services,5020,Media & Entertainment,502020,Entertainment,50202020,Interactive Home Entertainment,0.650,model+crosswalk,
GMM,Global Mofy AI Limited Class A Ordinary Shares,,45,Information Technology,4510,Software & Services,451020,IT Services,45102010,IT Consulting & Other Services,0.650,model+crosswalk,
GMRS,GMR Solutions Inc.,4700,35,Health Care,3510,Health Care Equipment & Services,351020,Health Care Providers & Services,35102020,Health Care Facilities,0.600,model+crosswalk,
GNCLF,GENCELL LTD,,20,Industrials,2010,Capital Goods,201040,Electrical Equipment,20104010,Electrical Components & Equipment,0.969,model+crosswalk,
GNE,GENIE ENERGY LTD,4931,55,Utilities,5510,Utilities,551010,Electric Utilities,55101010,Electric Utilities,0.750,model+crosswalk,
GNGR,GUNTHER GRANT INC,,30,Consumer Staples,3020,"Food, Beverage & Tobacco",302020,Food Products,30202030,Packaged Foods & Meats,0.650,model+crosswalk,
GNK,GENCO SHIPPING & TRADING LTD,4412,20,Industrials,2030,Transportation,203030,Marine Transportation,20303010,Marine Transportation,0.900,model+crosswalk,
GNL,"Global Net Lease, Inc.",6798,60,Real Estate,6010,Equity Real Estate Investment Trusts (REITs),601010,Diversified REITs,60101010,Diversified REITs,0.750,yahoo+sic,
GNLN,"Greenlane Holdings, Inc. Class A Common Stock",5099,30,Consumer Staples,3020,"Food, Beverage & Tobacco",302030,Tobacco,30203010,Tobacco,0.600,model+crosswalk,
GNLX,Genelux Corporation Common Stock,2834,35,Health Care,3520,"Pharmaceuticals, Biotechnology & Life Sciences",352010,Biotechnology,35201010,Biotechnology,0.900,model+crosswalk,
GNPX,"Genprex, Inc. Common Stock",2834,35,Health Care,3520,"Pharmaceuticals, Biotechnology & Life Sciences",352010,Biotechnology,35201010,Biotechnology,0.900,model+crosswalk,
GNRC,GENERAC HOLDINGS INC,3621,20,Industrials,2010,Capital Goods,201040,Electrical Equipment,20104020,Heavy Electrical Equipment,0.750,yahoo+sic,
GNS,Genius Group Limited,,25,Consumer Discretionary,2530,Consumer Services,253020,Diversified Consumer Services,25302010,Education Services,0.650,model+crosswalk,
GNSS,Genasys Inc. Common Stock,3651,45,Information Technology,4520,Technology Hardware & Equipment,452030,"Electronic Equipment, Instruments & Components",45203010,Electronic Equipment & Instruments,0.600,model+crosswalk,
GNTX,Gentex Corp,3714,25,Consumer Discretionary,2510,Automobiles & Components,251010,Automobile Components,25101010,Automotive Parts & Equipment,0.900,model+crosswalk,
GNUS,"Genius Brands International, Inc. Common Stock",,,,,,,,,,,,no_evidence
GNW,"Genworth Financial, Inc.",6311,40,Financials,4030,Insurance,403010,Insurance,40301020,Life & Health Insurance,0.900,model+crosswalk,
GO,Grocery Outlet Holding Corp. Common Stock,5411,30,Consumer Staples,3010,Consumer Staples Distribution & Retail,301010,Consumer Staples Distribution & Retail,30101030,Food Retail,0.900,model+crosswalk,
GOAI,Eva Live Inc. Common Stock,7370,45,Information Technology,4510,Software & Services,451030,Software,45103020,Systems Software,0.750,yahoo+sic,
GOGO,Gogo Inc.,4899,50,Communication Services,5020,Media & Entertainment,502010,Media,50201030,Cable & Satellite,0.700,yahoo+sic,
GOGY,GOLDEN GRAIL TECH,,30,Consumer Staples,3020,"Food, Beverage & Tobacco",302010,Beverages,30201030,Soft Drinks & Non-alcoholic Beverages,0.650,model+crosswalk,
GOLD,"Gold.com, Inc.",5094,40,Financials,4020,Financial Services,402030,Capital Markets,40203020,Investment Banking & Brokerage,0.600,yahoo,
GOLF,Acushnet Holdings Corp.,3949,25,Consumer Discretionary,2520,Consumer Durables & Apparel,252020,Leisure Products,25202010,Leisure Products,0.900,model+crosswalk,
GONYF,GO RESIDENTIAL REIT,,60,Real Estate,6010,Equity Real Estate Investment Trusts (REITs),601060,Residential REITs,60106010,Multi-Family Residential REITs,0.650,yahoo,
GOOD,Gladstone Commercial Corporation - REIT,6519,60,Real Estate,6010,Equity Real Estate Investment Trusts (REITs),601010,Diversified REITs,60101010,Diversified REITs,0.900,model+crosswalk,
GOOG,Alphabet Inc. Class C Capital Stock,7370,50,Communication Services,5020,Media & Entertainment,502030,Interactive Media & Services,50203010,Interactive Media & Services,0.600,model+crosswalk,
GOOGL,Alphabet Inc. Class A Common Stock,7370,50,Communication Services,5020,Media & Entertainment,502030,Interactive Media & Services,50203010,Interactive Media & Services,0.600,model+crosswalk,
GOOGM,Alphabet Inc. Depositary Shares representing a 1/20th Interest in a Share of Series A Mandatory Convertible Preferred Stock,7370,,,,,,,,,,,not_common_equity
GOOGN,Alphabet Inc. Depositary Shares representing a 1/20th Interest in a Share of Series B Mandatory Convertible Preferred Stock,7370,,,,,,,,,,,not_common_equity
GOOS,Canada Goose Holdings Inc.,,25,Consumer Discretionary,2520,Consumer Durables & Apparel,252030,"Textiles, Apparel & Luxury Goods",25203010,"Apparel, Accessories & Luxury Goods",0.650,model+crosswalk,
GORO,Goldgroup Mining Inc.,1040,15,Materials,1510,Materials,151040,Metals & Mining,15104030,Gold,0.750,model+crosswalk,
GOSS,"Gossamer Bio, Inc. Common Stock",2834,35,Health Care,3520,"Pharmaceuticals, Biotechnology & Life Sciences",352010,Biotechnology,35201010,Biotechnology,0.900,model+crosswalk,
GOVB,GOUVERNEUR BANCORP INC MD,,40,Financials,4010,Banks,401010,Banks,40101015,Regional Banks,0.650,model+crosswalk,
GOVX,"GeoVax Labs, Inc. New",2834,35,Health Care,3520,"Pharmaceuticals, Biotechnology & Life Sciences",352010,Biotechnology,35201010,Biotechnology,0.900,model+crosswalk,
GOW,GOWell Energy Technology Ordinary shares,,10,Energy,1010,Energy,101010,Energy Equipment & Services,10101020,Oil & Gas Equipment & Services,0.963,model+crosswalk,
GP,GreenPower Motor Company Inc. Common Shares,,20,Industrials,2010,Capital Goods,201060,Machinery,20106010,Construction Machinery & Heavy Transportation Equipment,0.650,model+crosswalk,
GPAC,General Purpose Acquisition Corp. Class A Ordinary Shares,6770,,,,,,,,,,,shell_company
GPAT,GP-Act III Acquisition Corp. Class A Ordinary Share,6770,,,,,,,,,,,shell_company
GPC,Genuine Parts Company,5013,25,Consumer Discretionary,2510,Automobiles & Components,251010,Automobile Components,25101010,Automotive Parts & Equipment,0.700,model+crosswalk,
GPGI,"GPGI, Inc.",6199,20,Industrials,2010,Capital Goods,201060,Machinery,20106020,Industrial Machinery & Supplies & Components,0.600,yahoo,
GPI,"Group 1 Automotive, Inc.",5500,25,Consumer Discretionary,2550,Consumer Discretionary Distribution & Retail,255040,Specialty Retail,25504050,Automotive Retail,0.900,model+crosswalk,
GPK,Graphic Packaging Holding Company,2650,15,Materials,1510,Materials,151030,Containers & Packaging,15103020,Paper & Plastic Packaging Products & Materials,0.900,model+crosswalk,
GPMT,Granite Point Mortgage Trust Inc. Common Stock,6798,40,Financials,4020,Financial Services,402040,Mortgage Real Estate Investment Trusts,40204010,Mortgage REITs,0.900,model+crosswalk,
GPN,"Global Payments, Inc.",7389,40,Financials,4020,Financial Services,402010,Financial Services,40201060,Transaction & Payment Processing Services,0.900,model+crosswalk,
GPOR,Gulfport Energy Corporation,1311,10,Energy,1010,Energy,101020,"Oil, Gas & Consumable Fuels",10102020,Oil & Gas Exploration & Production,0.930,model+crosswalk,
GPRE,"Green Plains, Inc.",2860,15,Materials,1510,Materials,151010,Chemicals,15101010,Commodity Chemicals,0.600,yahoo,
GPRHF,AIDIGONG MTRNL & CHLD LTD,,,,,,,,,,,,no_evidence
GPRK,GEOPARK LIMITED,,10,Energy,1010,Energy,101020,"Oil, Gas & Consumable Fuels",10102020,Oil & Gas Exploration & Production,0.650,model+crosswalk,
GPRO,"GoPro, Inc.",3861,25,Consumer Discretionary,2520,Consumer Durables & Apparel,252010,Household Durables,25201010,Consumer Electronics,0.600,yahoo,
GPUS,"Hyperscale Data, Inc.",3533,40,Financials,4020,Financial Services,402010,Financial Services,40201030,Multi-Sector Holdings,0.600,yahoo,
GRAB,Grab Holdings Limited Class A Ordinary Shares,,45,Information Technology,4510,Software & Services,451030,Software,45103010,Application Software,0.650,model+crosswalk,
GRAL,"GRAIL, Inc. Common Stock",8071,35,Health Care,3520,"Pharmaceuticals, Biotechnology & Life Sciences",352030,Life Sciences Tools & Services,35203010,Life Sciences Tools & Services,0.700,model+crosswalk,
GRAN,Grande Group Limited Class A Ordinary Shares,,40,Financials,4020,Financial Services,402030,Capital Markets,40203020,Investment Banking & Brokerage,0.650,model+crosswalk,
GRBK,"Green Brick Partners, Inc",1531,25,Consumer Discretionary,2520,Consumer Durables & Apparel,252010,Household Durables,25201030,Homebuilding,0.900,model+crosswalk,
GRC,The Gorman-Rupp Company Common Shares,3561,20,Industrials,2010,Capital Goods,201020,Building Products,20102010,Building Products,0.750,yahoo+sic,
GRCE,"Grace Therapeutics, Inc. Common Stock",2834,35,Health Care,3520,"Pharmaceuticals, Biotechnology & Life Sciences",352010,Biotechnology,35201010,Biotechnology,0.900,model+crosswalk,
GRDN,"Guardian Pharmacy Services, Inc.",5912,35,Health Care,3510,Health Care Equipment & Services,351020,Health Care Providers & Services,35102020,Health Care Facilities,0.600,model+crosswalk,
GRDX,GridAI Technologies Corp. Common Stock,2834,35,Health Care,3520,"Pharmaceuticals, Biotechnology & Life Sciences",352010,Biotechnology,35201010,Biotechnology,0.900,model+crosswalk,
GREEL,Vulcan Infrastructure and Power Inc. 8.50% Senior Notes due 2026,6199,,,,,,,,,,,not_common_equity
GREH,GREEN RAIN ENERGY HOLDING,,35,Health Care,3520,"Pharmaceuticals, Biotechnology & Life Sciences",352020,Pharmaceuticals,35202010,Pharmaceuticals,0.650,model+crosswalk,
GRFXF,GRAPHEX GROUP LTD,,15,Materials,1510,Materials,151040,Metals & Mining,15104020,Diversified Metals & Mining,0.818,model+crosswalk,
GRI,"GRI Bio, Inc. Common Stock",2834,35,Health Care,3520,"Pharmaceuticals, Biotechnology & Life Sciences",352010,Biotechnology,35201010,Biotechnology,0.900,model+crosswalk,
GRLF,GREEN LEAF INNOVATNS INC,,30,Consumer Staples,3020,"Food, Beverage & Tobacco",302030,Tobacco,30203010,Tobacco,0.650,model+crosswalk,
GRML,Greenland Mines Ltd. Common Stock,2836,15,Materials,1510,Materials,151040,Metals & Mining,15104040,Precious Metals & Minerals,0.600,yahoo,
GRMN,Garmin Ltd,3812,45,Information Technology,4520,Technology Hardware & Equipment,452030,"Electronic Equipment, Instruments & Components",45203010,Electronic Equipment & Instruments,0.600,model+crosswalk,
GRND,Grindr Inc.,7370,45,Information Technology,4510,Software & Services,451030,Software,45103010,Application Software,0.600,model+crosswalk,
GRNL,GREENLITE VNTRS INC,,25,Consumer Discretionary,2520,Consumer Durables & Apparel,252030,"Textiles, Apparel & Luxury Goods",25203020,Footwear,0.650,yahoo,
GRNQ,Greenpro Capital Corp. Common Stock,8742,20,Industrials,2020,Commercial & Professional Services,202020,Professional Services,20202020,Research & Consulting Services,0.900,model+crosswalk,
GRNT,"Granite Ridge Resources, Inc.",1311,10,Energy,1010,Energy,101020,"Oil, Gas & Consumable Fuels",10102020,Oil & Gas Exploration & Production,0.900,model+crosswalk,
GRO,Brazil Potash Corp.,,15,Materials,1510,Materials,151040,Metals & Mining,15104020,Diversified Metals & Mining,0.650,model+crosswalk,
GROV,"Grove Collaborative Holdings, Inc.",5961,30,Consumer Staples,3030,Household & Personal Products,303020,Personal Care Products,30302010,Personal Care Products,0.600,model+crosswalk,
GROW,US Global Investors Inc,6282,40,Financials,4020,Financial Services,402030,Capital Markets,40203010,Asset Management & Custody Banks,0.900,model+crosswalk,
GROY,Gold Royalty Corp.,,15,Materials,1510,Materials,151040,Metals & Mining,15104030,Gold,0.650,model+crosswalk,
GRPN,"Groupon, Inc.Common Stock",7311,50,Communication Services,5020,Media & Entertainment,502030,Interactive Media & Services,50203010,Interactive Media & Services,0.750,yahoo+sic,
GRRR,Gorilla Technology Group Inc. Ordinary shares,,45,Information Technology,4510,Software & Services,451030,Software,45103020,Systems Software,0.650,model+crosswalk,
GRSD,Grandstand Limited Ordinary Shares,,25,Consumer Discretionary,2530,Consumer Services,253010,"Hotels, Restaurants & Leisure",25301010,Casinos & Gaming,0.650,model+crosswalk,
GRWG,GROW GENERATION CORP,5200,25,Consumer Discretionary,2550,Consumer Discretionary Distribution & Retail,255040,Specialty Retail,25504030,Home Improvement Retail,0.900,model+crosswalk,
GS,Goldman Sachs Group Inc.,6211,40,Financials,4020,Financial Services,402030,Capital Markets,40203010,Asset Management & Custody Banks,0.900,model+crosswalk,
GSAT,"Globalstar, Inc. Common Stock",4899,50,Communication Services,5010,Telecommunication Services,501020,Wireless Telecommunication Services,50102010,Wireless Telecommunication Services,0.750,yahoo+sic,
GSBC,Great Southern Bancorp Inc,6022,40,Financials,4010,Banks,401010,Banks,40101015,Regional Banks,0.900,model+crosswalk,
GSBD,"Goldman Sachs BDC, Inc.",,40,Financials,4020,Financial Services,402030,Capital Markets,40203010,Asset Management & Custody Banks,0.650,model+crosswalk,
GSHD,"Goosehead Insurance, Inc. Class A Common Stock",6411,40,Financials,4030,Insurance,403010,Insurance,40301010,Insurance Brokers,0.900,model+crosswalk,
GSHR,Gesher Acquisition Corp. II Class A Ordinary Shares,6770,,,,,,,,,,,shell_company
GSIT,GSI Technology,3674,45,Information Technology,4530,Semiconductors & Semiconductor Equipment,453010,Semiconductors & Semiconductor Equipment,45301020,Semiconductors,0.750,model+crosswalk,
GSIW,Garden Stage Limited Class A Ordinary Shares,,40,Financials,4020,Financial Services,402030,Capital Markets,40203010,Asset Management & Custody Banks,0.650,model+crosswalk,
GSL,"Global Ship Lease, Inc.",,20,Industrials,2030,Transportation,203030,Marine Transportation,20303010,Marine Transportation,0.650,model+crosswalk,
GSM,Ferroglobe PLC Ordinary Shares,,15,Materials,1510,Materials,151040,Metals & Mining,15104020,Diversified Metals & Mining,0.650,model+crosswalk,
GSRF,GSR IV Acquisition Corp. Class A ordinary share,6770,,,,,,,,,,,shell_company
GSRV,GSR V Acquisition Corp. Class A ordinary shares,6770,,,,,,,,,,,shell_company
GSUN,Golden Sun Technology Group Limited Class A Ordinary Shares,,25,Consumer Discretionary,2530,Consumer Services,253020,Diversified Consumer Services,25302010,Education Services,0.650,model+crosswalk,
GT,Goodyear Tire & Rubber,3011,25,Consumer Discretionary,2510,Automobiles & Components,251010,Automobile Components,25101020,Tires & Rubber,0.953,model+crosswalk,
GTBP,GT Biopharma Inc. Common Stock,2834,35,Health Care,3520,"Pharmaceuticals, Biotechnology & Life Sciences",352010,Biotechnology,35201010,Biotechnology,0.900,model+crosswalk,
GTCH,GBT TECHNOLOGIES INC,,45,Information Technology,4510,Software & Services,451020,IT Services,45102010,IT Consulting & Other Services,0.650,model+crosswalk,
GTE,Gran Tierra Energy Inc.,1311,10,Energy,1010,Energy,101020,"Oil, Gas & Consumable Fuels",10102020,Oil & Gas Exploration & Production,0.900,model+crosswalk,
GTEC,Greenland Technologies Holding Corporation Class A Ordinary Shares,3560,25,Consumer Discretionary,2510,Automobiles & Components,251010,Automobile Components,25101010,Automotive Parts & Equipment,0.600,yahoo,
GTEH,GENTECH HOLDINGS INC,,25,Consumer Discretionary,2530,Consumer Services,253010,"Hotels, Restaurants & Leisure",25301040,Restaurants,0.848,model+crosswalk,
GTEN,"Gores Holdings X, Inc. Class A ordinary shares",6770,,,,,,,,,,,shell_company
GTERA,Globa Terra Acquisition Corporation Class A Ordinary Shares,6770,,,,,,,,,,,shell_company
GTES,Gates Industrial Corporation Ltd.,3560,20,Industrials,2010,Capital Goods,201060,Machinery,20106020,Industrial Machinery & Supplies & Components,0.900,model+crosswalk,
GTGEF,G2 ENERGY CORP,,10,Energy,1010,Energy,101020,"Oil, Gas & Consumable Fuels",10102020,Oil & Gas Exploration & Production,0.680,model+crosswalk,
GTIM,Good Times Restaurants Inc.,5812,25,Consumer Discretionary,2530,Consumer Services,253010,"Hotels, Restaurants & Leisure",25301040,Restaurants,0.900,model+crosswalk,
GTLB,GitLab Inc. Class A Common Stock,7372,45,Information Technology,4510,Software & Services,451030,Software,45103020,Systems Software,0.900,model+crosswalk,
GTM,ZoomInfo Technologies Inc Common Stock,7372,45,Information Technology,4510,Software & Services,451030,Software,45103010,Application Software,0.750,model+crosswalk,
GTN,"Gray Media, Inc.",4833,50,Communication Services,5020,Media & Entertainment,502010,Media,50201020,Broadcasting,0.900,model+crosswalk,
GTN.A,"Gray Media, Inc. Class A",4833,50,Communication Services,5020,Media & Entertainment,502010,Media,50201020,Broadcasting,0.902,model+crosswalk,
GTX,Garrett Motion Inc. Common Stock,3714,25,Consumer Discretionary,2510,Automobiles & Components,251010,Automobile Components,25101010,Automotive Parts & Equipment,0.900,model+crosswalk,
GTY,Getty Realty Corp.,6500,60,Real Estate,6010,Equity Real Estate Investment Trusts (REITs),601070,Retail REITs,60107010,Retail REITs,0.750,model+crosswalk,
GUAC,Berto Acquisition Corp. II Ordinary Shares,6770,,,,,,,,,,,shell_company
GUER,GUERRILLA RF INC,,45,Information Technology,4530,Semiconductors & Semiconductor Equipment,453010,Semiconductors & Semiconductor Equipment,45301020,Semiconductors,0.694,model+crosswalk,
GURE,"Gulf Resources, Inc. (NV) Common Stock",2800,15,Materials,1510,Materials,151010,Chemicals,15101010,Commodity Chemicals,0.900,model+crosswalk,
GUTS,"Fractyl Health, Inc. Common Stock",3841,35,Health Care,3520,"Pharmaceuticals, Biotechnology & Life Sciences",352010,Biotechnology,35201010,Biotechnology,0.700,model+crosswalk,
GVA,Granite Construction Inc.,1600,20,Industrials,2010,Capital Goods,201030,Construction & Engineering,20103010,Construction & Engineering,0.900,model+crosswalk,
GVFF,GREENVILLE FEDERAL FINCL,,40,Financials,4010,Banks,401010,Banks,40101015,Regional Banks,0.650,model+crosswalk,
GVH,Globavend Holdings Limited Ordinary Shares,,20,Industrials,2030,Transportation,203010,Air Freight & Logistics,20301010,Air Freight & Logistics,0.650,model+crosswalk,
GVYB,GOLDEN VY BANCSHARES INC,,40,Financials,4010,Banks,401010,Banks,40101015,Regional Banks,0.650,model+crosswalk,
GWAV,"Greenwave Technology Solutions, Inc. Common Stock",5051,20,Industrials,2020,Commercial & Professional Services,202010,Commercial Services & Supplies,20201050,Environmental & Facilities Services,0.700,yahoo+sic,
GWH,"ESS Tech, Inc.",3690,20,Industrials,2010,Capital Goods,201040,Electrical Equipment,20104010,Electrical Components & Equipment,0.900,model+crosswalk,
GWOX,GOODHEART-WILLCOX CO INC,,50,Communication Services,5020,Media & Entertainment,502010,Media,50201040,Publishing,0.650,model+crosswalk,
GWRE,"GUIDEWIRE SOFTWARE, INC.",7372,40,Financials,4020,Financial Services,402010,Financial Services,40201060,Transaction & Payment Processing Services,0.900,model+crosswalk,
GWRS,"Global Water Resources, Inc.",4941,55,Utilities,5510,Utilities,551040,Water Utilities,55104010,Water Utilities,0.900,model+crosswalk,
GWSN,GULF WEST SCURTY NTWK,,20,Industrials,2020,Commercial & Professional Services,202010,Commercial Services & Supplies,20201080,Security & Alarm Services,0.650,model+crosswalk,
GWW,"W.W. Grainger, Inc.",5000,20,Industrials,2010,Capital Goods,201070,Trading Companies & Distributors,20107010,Trading Companies & Distributors,0.900,model+crosswalk,
GXAI,Gaxos.ai Inc. Common Stock,7372,50,Communication Services,5020,Media & Entertainment,502020,Entertainment,50202020,Interactive Home Entertainment,0.600,yahoo,
GXO,"GXO Logistics, Inc.",4700,20,Industrials,2030,Transportation,203010,Air Freight & Logistics,20301010,Air Freight & Logistics,0.900,model+crosswalk,
GXXM,GEX MGMT INC,,20,Industrials,2020,Commercial & Professional Services,202020,Professional Services,20202010,Human Resource & Employment Services,0.713,model+crosswalk,
GYGY,"Game Your Game, Inc. Common Stock",7372,45,Information Technology,4510,Software & Services,451030,Software,45103020,Systems Software,0.750,yahoo+sic,
GYRE,"Gyre Therapeutics, Inc. Common Stock",2834,35,Health Care,3520,"Pharmaceuticals, Biotechnology & Life Sciences",352010,Biotechnology,35201010,Biotechnology,0.900,model+crosswalk,
GYRO,"Gyrodyne, LLC Common Stock",6512,60,Real Estate,6020,Real Estate Management & Development,602010,Real Estate Management & Development,60201040,Real Estate Services,0.750,model+crosswalk,
H,Hyatt Hotels Corporation,7011,25,Consumer Discretionary,2530,Consumer Services,253010,"Hotels, Restaurants & Leisure",25301020,"Hotels, Resorts & Cruise Lines",0.900,model+crosswalk,
HACQ,HCM IV Acquisition Corp. Class A Ordinary Share,6770,,,,,,,,,,,shell_company
HAE,Haemonetics Corporation,3841,35,Health Care,3510,Health Care Equipment & Services,351010,Health Care Equipment & Supplies,35101020,Health Care Supplies,0.900,model+crosswalk,
HAFC,Hanmi Financial Corp,6021,40,Financials,4010,Banks,401010,Banks,40101015,Regional Banks,0.900,model+crosswalk,
HAFN,Hafnia Limited,,20,Industrials,2030,Transportation,203030,Marine Transportation,20303010,Marine Transportation,0.650,model+crosswalk,
HAIN,Hain Celestial Group Inc,2000,30,Consumer Staples,3020,"Food, Beverage & Tobacco",302020,Food Products,30202030,Packaged Foods & Meats,0.900,model+crosswalk,
HAL,Halliburton Company,1389,10,Energy,1010,Energy,101010,Energy Equipment & Services,10101020,Oil & Gas Equipment & Services,0.900,model+crosswalk,
HALO,"Halozyme Therapeutics, Inc.",2836,35,Health Care,3520,"Pharmaceuticals, Biotechnology & Life Sciences",352010,Biotechnology,35201010,Biotechnology,0.900,model+crosswalk,
HAO,Haoxi Health Technology Limited Class A Ordinary Shares,,50,Communication Services,5020,Media & Entertainment,502010,Media,50201010,Advertising,0.650,model+crosswalk,
HAPN,"Happen, Inc. Common Stock",6141,40,Financials,4010,Banks,401010,Banks,40101015,Regional Banks,0.700,yahoo+sic,
HAS,"Hasbro, Inc.",3944,25,Consumer Discretionary,2520,Consumer Durables & Apparel,252020,Leisure Products,25202010,Leisure Products,0.900,model+crosswalk,
HASI,"HA Sustainable Infrastructure Capital, Inc.",6799,40,Financials,4020,Financial Services,402030,Capital Markets,40203010,Asset Management & Custody Banks,0.900,model+crosswalk,
HAVA,Harvard Ave Acquisition Corporation Class A Ordinary Share,6770,,,,,,,,,,,shell_company
HAVAR,Harvard Ave Acquisition Corporation Rights that convert on a 1/10th of 1 basis to Class A ordinary Shares,6770,,,,,,,,,,,shell_company
HAWK,"HawkEye 360, Inc.",7374,20,Industrials,2010,Capital Goods,201010,Aerospace & Defense,20101010,Aerospace & Defense,0.700,model+crosswalk,
HAYW,"Hayward Holdings, Inc.",3580,20,Industrials,2010,Capital Goods,201040,Electrical Equipment,20104010,Electrical Components & Equipment,0.750,yahoo+sic,
HBAN,Huntington Bancshares Inc,6021,40,Financials,4010,Banks,401010,Banks,40101015,Regional Banks,0.900,model+crosswalk,
HBANL,"Huntington Bancshares Incorporated Depositary Shares, Each Representing a 1/40th Interest in a Share of 6.875% Series J Non-Cumulative Perpetual Preferred Stock",6021,,,,,,,,,,,not_common_equity
HBANM,Huntington Bancshares Incorporated Depositary Shares each representing a 1/1000th interest in a share of Huntington Series I Preferred Stock,6021,,,,,,,,,,,not_common_equity
HBANZ,"Huntington Bancshares Incorporated Depositary Shares, Each Representing a 1/1000th Interest in a Share of 5.50% Series L Non-Cumulative Perpetual Preferred Stock",6021,,,,,,,,,,,not_common_equity
HBB,Hamilton Beach Brands Holding Company Class A Common Stock,3634,25,Consumer Discretionary,2520,Consumer Durables & Apparel,252010,Household Durables,25201040,Household Appliances,0.900,model+crosswalk,
HBCP,"Home Bancorp, Inc.",6036,40,Financials,4010,Banks,401010,Banks,40101015,Regional Banks,0.900,model+crosswalk,
HBIA,HILLS BANCORP OF IOWA,,40,Financials,4010,Banks,401010,Banks,40101015,Regional Banks,0.650,model+crosswalk,
HBIO,Harvard Bioscience Inc,3826,35,Health Care,3510,Health Care Equipment & Services,351010,Health Care Equipment & Supplies,35101020,Health Care Supplies,0.700,yahoo+sic,
HBIS,HOME BISTRO INC,,30,Consumer Staples,3020,"Food, Beverage & Tobacco",302020,Food Products,30202030,Packaged Foods & Meats,0.807,model+crosswalk,
HBM,Hudbay Minerals Inc.,,15,Materials,1510,Materials,151040,Metals & Mining,15104025,Copper,0.650,yahoo,
HBNB,Hotel101 Global Holdings Corp. Class A Ordinary Shares,,60,Real Estate,6020,Real Estate Management & Development,602010,Real Estate Management & Development,60201040,Real Estate Services,0.650,model+crosswalk,
HBNC,"Horizon Bancorp, Inc. Common Stock",6022,40,Financials,4010,Banks,401010,Banks,40101015,Regional Banks,0.900,model+crosswalk,
HBNNF,BETAPRO NAT GS INVERS,,,,,,,,,,,,no_evidence
HBSI,HIGHLANDS BANKSHARES INC,,40,Financials,4010,Banks,401010,Banks,40101015,Regional Banks,0.650,model+crosswalk,
HBT,"HBT Financial, Inc. Common Stock",6022,40,Financials,4010,Banks,401010,Banks,40101015,Regional Banks,0.900,model+crosswalk,
HBTPF,BETAPRO CRUDE OIL ETF NEW,,,,,,,,,,,,not_common_equity
HCA,"HCA Healthcare, Inc.",8062,35,Health Care,3510,Health Care Equipment & Services,351020,Health Care Providers & Services,35102020,Health Care Facilities,0.900,model+crosswalk,
HCAC,Hall Chadwick Acquisition Corp Class A Ordinary Shares,6770,,,,,,,,,,,shell_company
HCAI,"Huachen AI Parking Management Technology Holding Co., Ltd. Ordinary Shares",,20,Industrials,2010,Capital Goods,201060,Machinery,20106010,Construction Machinery & Heavy Transportation Equipment,0.650,model+crosswalk,
HCAT,"Health Catalyst, Inc Common Stock",7370,35,Health Care,3510,Health Care Equipment & Services,351030,Health Care Technology,35103010,Health Care Technology,0.600,yahoo,
HCC,"Warrior Met Coal, Inc.",1220,15,Materials,1510,Materials,151040,Metals & Mining,15104050,Steel,0.900,model+crosswalk,
HCGI,HUNTWICKE CAPITAL GROUP,,40,Financials,4020,Financial Services,402030,Capital Markets,40203010,Asset Management & Custody Banks,0.650,model+crosswalk,
HCHL,Happy City Holdings Limited Class A Ordinary shares,,25,Consumer Discretionary,2530,Consumer Services,253010,"Hotels, Restaurants & Leisure",25301040,Restaurants,0.650,model+crosswalk,
HCI,"HCI Group, Inc.",6331,40,Financials,4030,Insurance,403010,Insurance,40301040,Property & Casualty Insurance,0.990,model+crosswalk,
HCIC,Hennessy Capital Investment Corp. VIII Class A Ordinary Shares,6770,,,,,,,,,,,shell_company
HCKG,HOCKING VALLEY BNCSHS INC,,40,Financials,4010,Banks,401010,Banks,40101015,Regional Banks,0.650,model+crosswalk,
HCKT,Hackett Group Inc (The).,8742,45,Information Technology,4510,Software & Services,451020,IT Services,45102010,IT Consulting & Other Services,0.600,yahoo,
HCMA,HCM III Acquisition Corp. Class A Ordinary Share,6770,,,,,,,,,,,shell_company
HCSG,Healthcare Services Group,8050,35,Health Care,3510,Health Care Equipment & Services,351020,Health Care Providers & Services,35102020,Health Care Facilities,0.900,model+crosswalk,
HCTI,"Healthcare Triangle, Inc. Common Stock",7373,35,Health Care,3510,Health Care Equipment & Services,351030,Health Care Technology,35103010,Health Care Technology,0.600,yahoo,
HCWB,HCW Biologics Inc. Common Stock,2834,35,Health Care,3520,"Pharmaceuticals, Biotechnology & Life Sciences",352010,Biotechnology,35201010,Biotechnology,0.900,model+crosswalk,
HCWC,Healthy Choice Wellness Corp.,5411,30,Consumer Staples,3010,Consumer Staples Distribution & Retail,301010,Consumer Staples Distribution & Retail,30101030,Food Retail,0.900,model+crosswalk,
HD,"Home Depot, Inc.",5211,25,Consumer Discretionary,2550,Consumer Discretionary Distribution & Retail,255040,Specialty Retail,25504030,Home Improvement Retail,0.907,model+crosswalk,
HDIH,H-D INTL HLDGS GRP,,45,Information Technology,4520,Technology Hardware & Equipment,452010,Communications Equipment,45201020,Communications Equipment,0.650,model+crosswalk,
HDRN,"Hadron Energy, Inc. Common Stock",4911,20,Industrials,2010,Capital Goods,201060,Machinery,20106020,Industrial Machinery & Supplies & Components,0.600,model+crosswalk,
HDSN,Hudson Technologies Inc,5080,15,Materials,1510,Materials,151010,Chemicals,15101050,Specialty Chemicals,0.600,yahoo,
HE,"Hawaiian Electric Industries, Inc.",4911,55,Utilities,5510,Utilities,551010,Electric Utilities,55101010,Electric Utilities,0.900,model+crosswalk,
HEI,HEICO Corporation,3724,20,Industrials,2010,Capital Goods,201010,Aerospace & Defense,20101010,Aerospace & Defense,0.900,model+crosswalk,
HEI.A,HEICO CORP CL A,3724,20,Industrials,2010,Capital Goods,201010,Aerospace & Defense,20101010,Aerospace & Defense,0.900,model+crosswalk,
HELE,Helen Of Troy Ltd,3634,30,Consumer Staples,3030,Household & Personal Products,303020,Personal Care Products,30302010,Personal Care Products,0.600,model+crosswalk,
HELP,Helus Pharma Inc. Common Stock,,35,Health Care,3520,"Pharmaceuticals, Biotechnology & Life Sciences",352010,Biotechnology,35201010,Biotechnology,0.650,model+crosswalk,
HEPA,HEPION PHARMS INC,,35,Health Care,3520,"Pharmaceuticals, Biotechnology & Life Sciences",352010,Biotechnology,35201010,Biotechnology,0.650,model+crosswalk,
HERB,YASHENG GROUP,,,,,,,,,,,,no_evidence
HERZ,"Herzfeld Credit Income Fund, Inc. Common Stock",,,,,,,,,,,,not_common_equity
HESM,Hess Midstream LP Class A Share representing a limited partner Interest,1311,10,Energy,1010,Energy,101020,"Oil, Gas & Consumable Fuels",10102040,Oil & Gas Storage & Transportation,0.900,model+crosswalk,
HFBK,HARFORD BK ABERDEEN MD,,,,,,,,,,,,no_evidence
HFBL,"Home Federal Bancorp, Inc. of Louisiana",6035,40,Financials,4010,Banks,401010,Banks,40101015,Regional Banks,0.900,model+crosswalk,
HFFG,HF Foods Group Inc. Common Stock,5140,30,Consumer Staples,3010,Consumer Staples Distribution & Retail,301010,Consumer Staples Distribution & Retail,30101020,Food Distributors,0.900,model+crosswalk,
HFUS,HARTFORD CREATIVE GROUP,,50,Communication Services,5020,Media & Entertainment,502010,Media,50201010,Advertising,0.650,model+crosswalk,
HFWA,Heritage Financial Corp,6036,40,Financials,4010,Banks,401010,Banks,40101015,Regional Banks,0.900,model+crosswalk,
HG,"Hamilton Insurance Group, Ltd. Class B Common Shares",6331,40,Financials,4030,Insurance,403010,Insurance,40301050,Reinsurance,0.750,yahoo+sic,
HGBL,HERITAGE GLOBAL INC,7389,40,Financials,4020,Financial Services,402030,Capital Markets,40203020,Investment Banking & Brokerage,0.600,model+crosswalk,
HGHLF,HEARTLAND GROUP HLDGS LTD,,,,,,,,,,,,no_evidence
HGTY,"Hagerty, Inc.",6411,40,Financials,4030,Insurance,403010,Insurance,40301040,Property & Casualty Insurance,0.750,yahoo+sic,
HGV,Hilton Grand Vacations Inc. Common Stock,7000,25,Consumer Discretionary,2530,Consumer Services,253010,"Hotels, Restaurants & Leisure",25301020,"Hotels, Resorts & Cruise Lines",0.900,model+crosswalk,
HHCOF,HUMAN HOLDINGS CO LTD,,,,,,,,,,,,no_evidence
HHH,Howard Hughes Holdings Inc.,6798,60,Real Estate,6020,Real Estate Management & Development,602010,Real Estate Management & Development,60201030,Real Estate Development,0.700,model+crosswalk,
HHS,"Harte-Hanks, Inc. Common Stock",7331,20,Industrials,2010,Capital Goods,201050,Industrial Conglomerates,20105010,Industrial Conglomerates,0.600,yahoo,
HIFS,Hingham Institution for Saving,,40,Financials,4010,Banks,401010,Banks,40101015,Regional Banks,0.650,model+crosswalk,
HIG,"The Hartford Insurance Group, Inc.",6331,40,Financials,4030,Insurance,403010,Insurance,40301030,Multi-line Insurance,0.750,yahoo+sic,
HIHO,Highway Holdings Ltd,,20,Industrials,2010,Capital Goods,201060,Machinery,20106020,Industrial Machinery & Supplies & Components,0.650,model+crosswalk,
HII,"Huntington Ingalls Industries, Inc.",3730,20,Industrials,2010,Capital Goods,201010,Aerospace & Defense,20101010,Aerospace & Defense,0.900,model+crosswalk,
HIMS,"Hims & Hers Health, Inc.",8011,35,Health Care,3520,"Pharmaceuticals, Biotechnology & Life Sciences",352020,Pharmaceuticals,35202010,Pharmaceuticals,0.700,model+crosswalk,
HIND,"Vyome Holdings, Inc. Common Stock",2834,35,Health Care,3520,"Pharmaceuticals, Biotechnology & Life Sciences",352010,Biotechnology,35201010,Biotechnology,0.900,model+crosswalk,
HIPO,Hippo Holdings Inc.,6331,40,Financials,4030,Insurance,403010,Insurance,40301040,Property & Casualty Insurance,0.900,model+crosswalk,
HIT,"Health In Tech, Inc. Class A Common Stock",6411,45,Information Technology,4510,Software & Services,451030,Software,45103010,Application Software,0.600,yahoo,
HITI,High Tide Inc. Common Shares,,30,Consumer Staples,3010,Consumer Staples Distribution & Retail,301010,Consumer Staples Distribution & Retail,30101010,Drug Retail,0.650,yahoo,
HIVE,HIVE Digital Technologies Ltd. Common Shares,6199,40,Financials,4020,Financial Services,402030,Capital Markets,40203020,Investment Banking & Brokerage,0.600,yahoo,
HIW,Highwoods Properties Inc.,6798,60,Real Estate,6010,Equity Real Estate Investment Trusts (REITs),601040,Office REITs,60104010,Office REITs,0.900,model+crosswalk,
HIWNF,HIWIN TECHNOLOGIES CORP,,,,,,,,,,,,no_evidence
HKHC,HORIZON KINETICS HOLDING,,40,Financials,4020,Financial Services,402030,Capital Markets,40203010,Asset Management & Custody Banks,0.650,model+crosswalk,
HKIT,Hitek Global Inc. Class A Ordinary Share,,45,Information Technology,4510,Software & Services,451020,IT Services,45102010,IT Consulting & Other Services,0.650,model+crosswalk,
HKPD,"Cellyan Biotechnology Co., Ltd Class A Ordinary Shares",,35,Health Care,3510,Health Care Equipment & Services,351020,Health Care Providers & Services,35102010,Health Care Distributors,0.650,yahoo,
HKPMF,HOKUETSU CORP,,15,Materials,1510,Materials,151050,Paper & Forest Products,15105020,Paper Products,0.650,model+crosswalk,
HKUTF,HOKUTO CORP,,,,,,,,,,,,no_evidence
HL,Hecla Mining Company,1400,15,Materials,1510,Materials,151040,Metals & Mining,15104030,Gold,0.750,model+crosswalk,
HLF,Herbalife Ltd.,5122,30,Consumer Staples,3020,"Food, Beverage & Tobacco",302020,Food Products,30202030,Packaged Foods & Meats,0.600,model+crosswalk,
HLFN,HOME LOAN FINCL CORP,,40,Financials,4010,Banks,401010,Banks,40101015,Regional Banks,0.650,model+crosswalk,
HLI,"Houlihan Lokey, Inc.",6282,40,Financials,4020,Financial Services,402030,Capital Markets,40203020,Investment Banking & Brokerage,0.750,yahoo+sic,
HLIO,"Helios Technologies, Inc.",3490,20,Industrials,2010,Capital Goods,201060,Machinery,20106020,Industrial Machinery & Supplies & Components,0.900,model+crosswalk,
HLIT,Harmonic Inc,3663,45,Information Technology,4520,Technology Hardware & Equipment,452010,Communications Equipment,45201020,Communications Equipment,0.900,model+crosswalk,
HLLY,Holley Inc.,3714,25,Consumer Discretionary,2510,Automobiles & Components,251010,Automobile Components,25101010,Automotive Parts & Equipment,0.900,model+crosswalk,
HLMN,Hillman Solutions Corp. Common Stock,3420,20,Industrials,2010,Capital Goods,201060,Machinery,20106020,Industrial Machinery & Supplies & Components,0.900,model+crosswalk,
HLNE,Hamilton Lane Incorporated Class A Common Stock,6282,40,Financials,4020,Financial Services,402030,Capital Markets,40203010,Asset Management & Custody Banks,0.900,model+crosswalk,
HLP,Hongli Group Inc. Class A Ordinary Shares,,15,Materials,1510,Materials,151040,Metals & Mining,15104050,Steel,0.650,model+crosswalk,
HLRD,HILLIARD CORP,,25,Consumer Discretionary,2510,Automobiles & Components,251010,Automobile Components,25101010,Automotive Parts & Equipment,0.708,model+crosswalk,
HLSQ,Tessera Defense and Homeland Security Inc.,2836,45,Information Technology,4510,Software & Services,451020,IT Services,45102010,IT Consulting & Other Services,0.600,yahoo,
HLT,Hilton Worldwide Holdings Inc.,7011,25,Consumer Discretionary,2530,Consumer Services,253010,"Hotels, Restaurants & Leisure",25301020,"Hotels, Resorts & Cruise Lines",0.900,model+crosswalk,
HLTC,NATIONAL HEALTHCRE PPTY,,,,,,,,,,,,no_evidence
HLX,"Helix Energy Solutions Group, Inc.",1389,10,Energy,1010,Energy,101010,Energy Equipment & Services,10101020,Oil & Gas Equipment & Services,0.900,model+crosswalk,
HLXC,Helix Acquisition Corp. III Class A Ordinary Shares,6770,,,,,,,,,,,shell_company
HLYK,HEALTHLYNKED CORP,,35,Health Care,3510,Health Care Equipment & Services,351020,Health Care Providers & Services,35102020,Health Care Facilities,0.935,model+crosswalk,
HMH,HMH Holding Inc. Class A Common Stock,3533,10,Energy,1010,Energy,101010,Energy Equipment & Services,10101020,Oil & Gas Equipment & Services,0.929,model+crosswalk,
HMLN,HAMLIN BK&TR SMETHPORT PA,,,,,,,,,,,,no_evidence
HMN,Horace Mann Educators Corporation,6331,40,Financials,4030,Insurance,403010,Insurance,40301040,Property & Casualty Insurance,0.900,model+crosswalk,
HMR,Heidmar Maritime Holdings Corp. Common Stock,,20,Industrials,2030,Transportation,203030,Marine Transportation,20303010,Marine Transportation,0.650,model+crosswalk,
HMRPF,HOME REIT PLC,,60,Real Estate,6010,Equity Real Estate Investment Trusts (REITs),601010,Diversified REITs,60101010,Diversified REITs,0.350,keywords,
HNFSA,HANOVER FOODS CORP A,,30,Consumer Staples,3020,"Food, Beverage & Tobacco",302020,Food Products,30202030,Packaged Foods & Meats,0.823,model+crosswalk,
HNFSB,HANOVER FOODS CORP B,,30,Consumer Staples,3020,"Food, Beverage & Tobacco",302020,Food Products,30202030,Packaged Foods & Meats,0.823,model+crosswalk,
HNGE,"Hinge Health, Inc.",7374,35,Health Care,3510,Health Care Equipment & Services,351030,Health Care Technology,35103010,Health Care Technology,0.600,yahoo,
HNHCF,HONEYS HLDGS CO LTD,,,,,,,,,,,,no_evidence
HNI,HNI Corporation,2522,20,Industrials,2020,Commercial & Professional Services,202010,Commercial Services & Supplies,20201060,Office Services & Supplies,0.900,model+crosswalk,
HNNA,"Hennessy Advisors, Inc.",6282,40,Financials,4020,Financial Services,402030,Capital Markets,40203010,Asset Management & Custody Banks,0.900,model+crosswalk,
HNRG,Hallador Energy Company,4911,55,Utilities,5510,Utilities,551050,Independent Power and Renewable Electricity Producers,55105010,Independent Power Producers & Energy Traders,0.915,model+crosswalk,
HNST,"The Honest Company, Inc. Common Stock",5961,30,Consumer Staples,3030,Household & Personal Products,303020,Personal Care Products,30302010,Personal Care Products,0.600,model+crosswalk,
HNVR,"Hanover Bancorp, Inc. Common Stock",6022,40,Financials,4010,Banks,401010,Banks,40101015,Regional Banks,0.900,model+crosswalk,
HODO,House of Doge Inc. Common Stock,6199,45,Information Technology,4510,Software & Services,451030,Software,45103010,Application Software,0.765,model+crosswalk,
HOFT,Hooker Furnishings Corporation Common Stock,2510,25,Consumer Discretionary,2520,Consumer Durables & Apparel,252010,Household Durables,25201020,Home Furnishings,0.900,model+crosswalk,
HOG,"Harley-Davidson, Inc.",3751,25,Consumer Discretionary,2520,Consumer Durables & Apparel,252020,Leisure Products,25202010,Leisure Products,0.900,model+crosswalk,
HOLO,MicroCloud Hologram Inc. Ordinary Shares,7370,45,Information Technology,4510,Software & Services,451030,Software,45103010,Application Software,0.900,model+crosswalk,
HOMB,"Home BancShares, Inc.",6022,40,Financials,4010,Banks,401010,Banks,40101015,Regional Banks,0.900,model+crosswalk,
HON,"Honeywell International, Inc.",3724,20,Industrials,2010,Capital Goods,201050,Industrial Conglomerates,20105010,Industrial Conglomerates,0.750,yahoo+sic,
HONA,Honeywell Aerospace Inc. Common Stock,3724,20,Industrials,2010,Capital Goods,201010,Aerospace & Defense,20101010,Aerospace & Defense,0.902,model+crosswalk,
HONT,HONAT BANCORP INC,,40,Financials,4010,Banks,401010,Banks,40101015,Regional Banks,0.650,model+crosswalk,
HOOD,"Robinhood Markets, Inc. Class A Common Stock",6211,40,Financials,4020,Financial Services,402030,Capital Markets,40203020,Investment Banking & Brokerage,0.900,model+crosswalk,
HOPE,"Hope Bancorp, Inc.",6021,40,Financials,4010,Banks,401010,Banks,40101015,Regional Banks,0.960,model+crosswalk,
HOS,"Hornbeck Offshore Services, Inc.",,20,Industrials,2030,Transportation,203030,Marine Transportation,20303010,Marine Transportation,0.650,model+crosswalk,
HOST,Host Digital Inc.,5411,45,Information Technology,4510,Software & Services,451020,IT Services,45102030,Internet Services & Infrastructure,0.600,yahoo,
HOUR,"Hour Loop, Inc. Common Stock",5961,25,Consumer Discretionary,2550,Consumer Discretionary Distribution & Retail,255040,Specialty Retail,25504010,Apparel Retail,0.900,model+crosswalk,
HOV,"Hovnanian Enterprises, Inc. Class A",1531,25,Consumer Discretionary,2520,Consumer Durables & Apparel,252010,Household Durables,25201030,Homebuilding,0.900,model+crosswalk,
HOVR,New Horizon Aircraft Ltd. Class A Ordinary Share,3721,20,Industrials,2010,Capital Goods,201010,Aerospace & Defense,20101010,Aerospace & Defense,0.900,model+crosswalk,
HOWL,"Werewolf Therapeutics, Inc. Common Stock",2834,35,Health Care,3520,"Pharmaceuticals, Biotechnology & Life Sciences",352010,Biotechnology,35201010,Biotechnology,0.900,model+crosswalk,
HP,"Helmerich & Payne, Inc.",1381,10,Energy,1010,Energy,101010,Energy Equipment & Services,10101010,Oil & Gas Drilling,0.900,model+crosswalk,
HPAI,Helport AI Limited Ordinary Shares,,45,Information Technology,4510,Software & Services,451030,Software,45103020,Systems Software,0.650,yahoo,
HPE,Hewlett Packard Enterprise Company,3570,45,Information Technology,4520,Technology Hardware & Equipment,452010,Communications Equipment,45201020,Communications Equipment,0.750,model+crosswalk,
HPK,"HighPeak Energy, Inc. Common Stock",1381,10,Energy,1010,Energy,101020,"Oil, Gas & Consumable Fuels",10102020,Oil & Gas Exploration & Production,0.816,model+crosswalk,
HPMCF,AFRICA ENERGY CORP,,10,Energy,1010,Energy,101020,"Oil, Gas & Consumable Fuels",10102020,Oil & Gas Exploration & Production,0.650,model+crosswalk,
HPP,"Hudson Pacific Properties, Inc.",6500,60,Real Estate,6010,Equity Real Estate Investment Trusts (REITs),601040,Office REITs,60104010,Office REITs,0.750,model+crosswalk,
HPQ,HP Inc.,3570,45,Information Technology,4520,Technology Hardware & Equipment,452020,"Technology Hardware, Storage & Peripherals",45202030,"Technology Hardware, Storage & Peripherals",0.900,model+crosswalk,
HQ,Horizon Quantum Holdings Ltd. Class A Ordinary Shares,7371,45,Information Technology,4510,Software & Services,451030,Software,45103020,Systems Software,0.750,model+crosswalk,
HQI,"HireQuest, Inc. Common Stock (DE)",7363,20,Industrials,2020,Commercial & Professional Services,202020,Professional Services,20202010,Human Resource & Employment Services,0.900,model+crosswalk,
HQY,"HealthEquity, Inc",7389,35,Health Care,3510,Health Care Equipment & Services,351030,Health Care Technology,35103010,Health Care Technology,0.600,yahoo,
HR,Healthcare Realty Trust Incorporated,6798,60,Real Estate,6010,Equity Real Estate Investment Trusts (REITs),601050,Health Care REITs,60105010,Health Care REITs,0.900,model+crosswalk,
HRB,"H&R Block, Inc.",7200,25,Consumer Discretionary,2530,Consumer Services,253020,Diversified Consumer Services,25302020,Specialized Consumer Services,0.900,model+crosswalk,
HRBK,HARBOR BANKSHARES CORP,,40,Financials,4010,Banks,401010,Banks,40101015,Regional Banks,0.650,model+crosswalk,
HRCR,HERSHEY CREAMERY CO,,30,Consumer Staples,3020,"Food, Beverage & Tobacco",302020,Food Products,30202030,Packaged Foods & Meats,0.887,model+crosswalk,
HRI,Herc Holdings Inc.,7350,20,Industrials,2030,Transportation,203040,Ground Transportation,20304040,Passenger Ground Transportation,0.700,yahoo+sic,
HRL,Hormel Foods Corporation,2011,30,Consumer Staples,3020,"Food, Beverage & Tobacco",302020,Food Products,30202030,Packaged Foods & Meats,0.900,model+crosswalk,
HRMY,"Harmony Biosciences Holdings, Inc. Common Stock",2834,35,Health Care,3520,"Pharmaceuticals, Biotechnology & Life Sciences",352010,Biotechnology,35201010,Biotechnology,0.900,model+crosswalk,
HROGF,HIROGIN HOLDINGS INC,,40,Financials,4010,Banks,401010,Banks,40101015,Regional Banks,0.650,model+crosswalk,
HROW,"Harrow, Inc. Common Stock",2834,35,Health Care,3520,"Pharmaceuticals, Biotechnology & Life Sciences",352020,Pharmaceuticals,35202010,Pharmaceuticals,0.900,model+crosswalk,
HRTG,HERITAGE INSURANCE HOLDINGS INC,6331,40,Financials,4030,Insurance,403010,Insurance,40301040,Property & Casualty Insurance,0.926,model+crosswalk,
HRTX,"Heron Therapeutics, Inc.",2834,35,Health Care,3520,"Pharmaceuticals, Biotechnology & Life Sciences",352010,Biotechnology,35201010,Biotechnology,0.900,model+crosswalk,
HRZN,Horizon Technology Finance Corporation,,40,Financials,4020,Financial Services,402030,Capital Markets,40203010,Asset Management & Custody Banks,0.650,model+crosswalk,
HSCS,HeartSciences Inc. Common Stock,3842,35,Health Care,3510,Health Care Equipment & Services,351010,Health Care Equipment & Supplies,35101010,Health Care Equipment,0.750,model+crosswalk,
HSCT,HOOPS SCOUTING USA,,50,Communication Services,5020,Media & Entertainment,502030,Interactive Media & Services,50203010,Interactive Media & Services,0.786,model+crosswalk,
HSDT,Solana Company Class A Common Stock (DE),6199,40,Financials,4020,Financial Services,402030,Capital Markets,40203010,Asset Management & Custody Banks,0.750,model+crosswalk,
HSHP,Himalaya Shipping Ltd.,,20,Industrials,2030,Transportation,203030,Marine Transportation,20303010,Marine Transportation,0.650,model+crosswalk,
HSIC,Henry Schein Inc,5047,35,Health Care,3510,Health Care Equipment & Services,351020,Health Care Providers & Services,35102010,Health Care Distributors,0.900,model+crosswalk,
HSKWF,HISAKA WORKS LTD,,,,,,,,,,,,no_evidence
HSLV,Highlander Silver Corp.,1040,15,Materials,1510,Materials,151040,Metals & Mining,15104045,Silver,0.900,model+crosswalk,
HST,"Host Hotels & Resorts, Inc.",6798,60,Real Estate,6010,Equity Real Estate Investment Trusts (REITs),601030,Hotel & Resort REITs,60103010,Hotel & Resort REITs,0.900,model+crosswalk,
HSTM,HealthStream Inc,7370,35,Health Care,3510,Health Care Equipment & Services,351030,Health Care Technology,35103010,Health Care Technology,0.600,yahoo,
HSY,The Hershey Company,2060,30,Consumer Staples,3020,"Food, Beverage & Tobacco",302020,Food Products,30202030,Packaged Foods & Meats,0.900,model+crosswalk,
HTB,"HomeTrust Bancshares, Inc.",6035,40,Financials,4010,Banks,401010,Banks,40101015,Regional Banks,0.900,model+crosswalk,
HTCO,High-Trend International Group Class A Ordinary Shares,,20,Industrials,2030,Transportation,203030,Marine Transportation,20303010,Marine Transportation,0.650,model+crosswalk,
HTCR,"Heartcore Enterprises, Inc. Common Stock",7374,45,Information Technology,4510,Software & Services,451030,Software,45103010,Application Software,0.600,model+crosswalk,
HTFL,"Heartflow, Inc. Common Stock",3841,35,Health Care,3510,Health Care Equipment & Services,351030,Health Care Technology,35103010,Health Care Technology,0.750,yahoo+sic,
HTGC,"Hercules Capital, Inc.",,40,Financials,4020,Financial Services,402030,Capital Markets,40203010,Asset Management & Custody Banks,0.650,model+crosswalk,
HTH,HILLTOP HOLDINGS INC.,6022,40,Financials,4020,Financial Services,402010,Financial Services,40201020,Diversified Financial Services,0.700,yahoo+sic,
HTLD,Heartland Express Inc,4213,20,Industrials,2030,Transportation,203040,Ground Transportation,20304030,Cargo Ground Transportation,0.900,model+crosswalk,
HTLM,HomesToLife Ltd Ordinary Shares,,25,Consumer Discretionary,2550,Consumer Discretionary Distribution & Retail,255040,Specialty Retail,25504060,Homefurnishing Retail,0.650,model+crosswalk,
HTMDF,HANGZHOU TIGERMED,,,,,,,,,,,,no_evidence
HTO,H2O America Common Stock,4941,55,Utilities,5510,Utilities,551040,Water Utilities,55104010,Water Utilities,0.927,model+crosswalk,
HTOCF,H2O RETAILING CORP. ORDIN,,30,Consumer Staples,3010,Consumer Staples Distribution & Retail,301010,Consumer Staples Distribution & Retail,30101030,Food Retail,0.650,model+crosswalk,
HTOO,Fusion Fuel Green PLC Class A Ordinary Shares,,55,Utilities,5510,Utilities,551050,Independent Power and Renewable Electricity Producers,55105020,Renewable Electricity,0.650,yahoo,
HTROF,HEXATRONIC GROUP AB,,45,Information Technology,4520,Technology Hardware & Equipment,452010,Communications Equipment,45201020,Communications Equipment,0.650,model+crosswalk,
HTZ,"Hertz Global Holdings, Inc Common Stock",7510,20,Industrials,2030,Transportation,203040,Ground Transportation,20304040,Passenger Ground Transportation,0.900,model+crosswalk,
HUBB,Hubbell Incorporated,3670,20,Industrials,2010,Capital Goods,201040,Electrical Equipment,20104010,Electrical Components & Equipment,0.600,model+crosswalk,
HUBC,Hub Cyber Security Ltd. Ordinary Shares,,45,Information Technology,4510,Software & Services,451030,Software,45103020,Systems Software,0.650,model+crosswalk,
HUBG,HUB Group Inc,4731,20,Industrials,2030,Transportation,203040,Ground Transportation,20304030,Cargo Ground Transportation,0.750,yahoo+sic,
HUBS,"HUBSPOT, INC.",7372,45,Information Technology,4510,Software & Services,451030,Software,45103010,Application Software,0.900,model+crosswalk,
HUCK,"Huckleberry.ai, Inc. Class B Common Stock",7372,45,Information Technology,4510,Software & Services,451030,Software,45103010,Application Software,0.900,model+crosswalk,
HUDI,"Huadi International Group Co., Ltd. Ordinary Shares",,15,Materials,1510,Materials,151040,Metals & Mining,15104050,Steel,0.650,model+crosswalk,
HUGPF,HUGO BOSS AG NA O N,,25,Consumer Discretionary,2520,Consumer Durables & Apparel,252030,"Textiles, Apparel & Luxury Goods",25203010,"Apparel, Accessories & Luxury Goods",0.650,model+crosswalk,
HUHU,HUHUTECH International Group Inc. Ordinary Shares,,20,Industrials,2010,Capital Goods,201060,Machinery,20106020,Industrial Machinery & Supplies & Components,0.650,model+crosswalk,
HUM,Humana Inc.,6324,35,Health Care,3510,Health Care Equipment & Services,351020,Health Care Providers & Services,35102030,Managed Health Care,0.900,model+crosswalk,
HUMA,"Humacyte, Inc. Common Stock",2836,35,Health Care,3520,"Pharmaceuticals, Biotechnology & Life Sciences",352010,Biotechnology,35201010,Biotechnology,0.900,model+crosswalk,
HUN,Huntsman Corporation,2800,15,Materials,1510,Materials,151010,Chemicals,15101010,Commodity Chemicals,0.750,yahoo+sic,
HURA,"TuHURA Biosciences, Inc. Common Stock",2834,35,Health Care,3520,"Pharmaceuticals, Biotechnology & Life Sciences",352010,Biotechnology,35201010,Biotechnology,0.900,model+crosswalk,
HURC,Hurco Cos Inc,3823,20,Industrials,2010,Capital Goods,201060,Machinery,20106020,Industrial Machinery & Supplies & Components,0.600,model+crosswalk,
HURN,Huron Consulting Group Inc.,8742,20,Industrials,2020,Commercial & Professional Services,202020,Professional Services,20202020,Research & Consulting Services,0.900,model+crosswalk,
HUT,Hut 8 Corp. Common Stock,6199,40,Financials,4020,Financial Services,402030,Capital Markets,40203020,Investment Banking & Brokerage,0.600,yahoo,
HVII,Hennessy Capital Investment Corp. VII Ordinary Shares,4911,,,,,,,,,,,shell_company
HVMC,Highview Merger Corp. Class A Ordinary Share,6770,,,,,,,,,,,shell_company
HVT,"Haverty Furniture Companies, Inc.",5712,25,Consumer Discretionary,2550,Consumer Discretionary Distribution & Retail,255040,Specialty Retail,25504030,Home Improvement Retail,0.750,yahoo+sic,
HVT.A,"Haverty Furniture Companies, Inc. Class A",5712,25,Consumer Discretionary,2550,Consumer Discretionary Distribution & Retail,255040,Specialty Retail,25504030,Home Improvement Retail,0.750,yahoo+sic,
HWBK,Hawthorn Bancshars Inc.,6021,40,Financials,4010,Banks,401010,Banks,40101015,Regional Banks,0.924,model+crosswalk,
HWC,Hancock Whitney Corporation Common Stock,6022,40,Financials,4010,Banks,401010,Banks,40101015,Regional Banks,0.900,model+crosswalk,
HWCPZ,Hancock Whitney Corporation 6.25% Subordinated Notes due 2060,6022,,,,,,,,,,,not_common_equity
HWGG,HWGG ENTERTAINMENT LTD,,25,Consumer Discretionary,2530,Consumer Services,253010,"Hotels, Restaurants & Leisure",25301020,"Hotels, Resorts & Cruise Lines",0.650,yahoo,
HWH,HWH International Inc. Common Stock,5122,25,Consumer Discretionary,2530,Consumer Services,253010,"Hotels, Restaurants & Leisure",25301040,Restaurants,0.600,model+crosswalk,
HWKE,HAWKEYE SYSTEMS INC,,40,Financials,4020,Financial Services,402030,Capital Markets,40203020,Investment Banking & Brokerage,0.650,model+crosswalk,
HWKN,Hawkins Inc,5160,15,Materials,1510,Materials,151010,Chemicals,15101050,Specialty Chemicals,0.603,model+crosswalk,
HWM,Howmet Aerospace Inc.,3350,20,Industrials,2010,Capital Goods,201010,Aerospace & Defense,20101010,Aerospace & Defense,0.600,model+crosswalk,
HWNI,HIGH WIRE NETWORKS INC,,45,Information Technology,4510,Software & Services,451020,IT Services,45102010,IT Consulting & Other Services,0.650,model+crosswalk,
HXHX,Haoxin Holdings Limited Class A Ordinary Shares,,20,Industrials,2030,Transportation,203040,Ground Transportation,20304030,Cargo Ground Transportation,0.650,yahoo,
HXL,Hexcel Corporation,2821,20,Industrials,2010,Capital Goods,201010,Aerospace & Defense,20101010,Aerospace & Defense,0.600,model+crosswalk,
HY,"Hyster-Yale, Inc.",3537,20,Industrials,2010,Capital Goods,201060,Machinery,20106015,Agricultural & Farm Machinery,0.750,yahoo+sic,
HYEX,HEALTHY EXTRACTS INC,,35,Health Care,3520,"Pharmaceuticals, Biotechnology & Life Sciences",352020,Pharmaceuticals,35202010,Pharmaceuticals,0.743,model+crosswalk,
HYFM,"Hydrofarm Holdings Group, Inc. Common Stock",5190,20,Industrials,2010,Capital Goods,201060,Machinery,20106015,Agricultural & Farm Machinery,0.600,yahoo,
HYFT,MindWalk Holdings Corp. Common Stock,,35,Health Care,3520,"Pharmaceuticals, Biotechnology & Life Sciences",352010,Biotechnology,35201010,Biotechnology,0.650,model+crosswalk,
HYLN,Hyliion Holdings Corp.,3713,25,Consumer Discretionary,2510,Automobiles & Components,251010,Automobile Components,25101010,Automotive Parts & Equipment,0.600,model+crosswalk,
HYMC,Hycroft Mining Holding Corporation Class A Common Stock,1040,15,Materials,1510,Materials,151040,Metals & Mining,15104030,Gold,0.895,model+crosswalk,
HYNE,"Hoyne Bancorp, Inc. Common Stock",6036,40,Financials,4010,Banks,401010,Banks,40101015,Regional Banks,0.900,model+crosswalk,
HYPD,"Hyperion DeFi, Inc. Common Stock",2834,35,Health Care,3520,"Pharmaceuticals, Biotechnology & Life Sciences",352010,Biotechnology,35201010,Biotechnology,0.750,model+crosswalk,
HYPR,"Hyperfine, Inc. Class A Common Stock",3845,35,Health Care,3510,Health Care Equipment & Services,351010,Health Care Equipment & Supplies,35101010,Health Care Equipment,0.900,model+crosswalk,
HZO,"MarineMax, Inc.",5531,25,Consumer Discretionary,2550,Consumer Discretionary Distribution & Retail,255040,Specialty Retail,25504040,Other Specialty Retail,0.750,model+crosswalk,
IA,Innovative Solutions & Support,7371,45,Information Technology,4510,Software & Services,451030,Software,45103010,Application Software,0.550,sic,
IACO,Idea Acquisition Corp. Class A Ordinary Shares,6770,,,,,,,,,,,shell_company
IACQ,Irenic Acquisition Corp. Class A Ordinary Shares,6770,,,,,,,,,,,shell_company
IAG,IAMGold Corporation,,15,Materials,1510,Materials,151040,Metals & Mining,15104030,Gold,0.650,model+crosswalk,
IART,Integra LifeSciences Holdings,3841,35,Health Care,3510,Health Care Equipment & Services,351010,Health Care Equipment & Supplies,35101010,Health Care Equipment,0.900,model+crosswalk,
IAUX,i-80 Gold Corp.,1040,15,Materials,1510,Materials,151040,Metals & Mining,15104030,Gold,0.891,model+crosswalk,
IBAC,IB Acquisition Corp. Common Stock,6770,,,,,,,,,,,shell_company
IBCP,Independent Bank Corp.,6022,40,Financials,4010,Banks,401010,Banks,40101015,Regional Banks,0.900,model+crosswalk,
IBEX,IBEX Limited Common Shares,7374,20,Industrials,2020,Commercial & Professional Services,202020,Professional Services,20202030,Data Processing & Outsourced Services,0.600,yahoo,
IBG,Innovation Beverage Group Limited Ordinary Shares,,30,Consumer Staples,3020,"Food, Beverage & Tobacco",302010,Beverages,30201020,Distillers & Vintners,0.650,model+crosswalk,
IBIO,"iBio, Inc. Common Stock",2834,35,Health Care,3520,"Pharmaceuticals, Biotechnology & Life Sciences",352010,Biotechnology,35201010,Biotechnology,0.900,model+crosswalk,
IBKR,"Interactive Brokers Group, Inc. Class A Common Stock",6211,40,Financials,4020,Financial Services,402030,Capital Markets,40203020,Investment Banking & Brokerage,0.900,model+crosswalk,
IBM,International Business Machines Corporation,3570,45,Information Technology,4510,Software & Services,451020,IT Services,45102010,IT Consulting & Other Services,0.700,model+crosswalk,
IBMw,International Business Machines Corporation,,,,,,,,,,,,no_evidence
IBO,"Impact BioMedical, Inc.",2834,35,Health Care,3520,"Pharmaceuticals, Biotechnology & Life Sciences",352010,Biotechnology,35201010,Biotechnology,0.750,model+crosswalk,
IBOC,International Bancshares Corp,6022,40,Financials,4010,Banks,401010,Banks,40101015,Regional Banks,0.900,model+crosswalk,
IBP,"INSTALLED BUILDING PRODUCTS, INC.",1520,25,Consumer Discretionary,2520,Consumer Durables & Apparel,252010,Household Durables,25201030,Homebuilding,0.900,model+crosswalk,
IBRX,"ImmunityBio, Inc. Common Stock",2836,35,Health Care,3520,"Pharmaceuticals, Biotechnology & Life Sciences",352010,Biotechnology,35201010,Biotechnology,0.900,model+crosswalk,
IBTA,"Ibotta, Inc.",7310,45,Information Technology,4510,Software & Services,451030,Software,45103010,Application Software,0.600,model+crosswalk,
IBTN,INSCORP INC,,40,Financials,4010,Banks,401010,Banks,40101015,Regional Banks,0.671,model+crosswalk,
IBWC,IBW FINANCIAL CORP,,40,Financials,4010,Banks,401010,Banks,40101015,Regional Banks,0.703,model+crosswalk,
IBYAF,ICHIBANYA CO LTD,,,,,,,,,,,,no_evidence
ICCC,Immucell Corp,2835,35,Health Care,3520,"Pharmaceuticals, Biotechnology & Life Sciences",352010,Biotechnology,35201010,Biotechnology,0.900,model+crosswalk,
ICCM,IceCure Medical Ltd. Ordinary Shares,,35,Health Care,3510,Health Care Equipment & Services,351010,Health Care Equipment & Supplies,35101010,Health Care Equipment,0.650,model+crosswalk,
ICE,Intercontinental Exchange  Inc.,6200,40,Financials,4020,Financial Services,402030,Capital Markets,40203040,Financial Exchanges & Data,0.900,model+crosswalk,
ICFI,"ICF International, Inc.",8742,20,Industrials,2020,Commercial & Professional Services,202020,Professional Services,20202020,Research & Consulting Services,0.900,model+crosswalk,
ICHR,Ichor Holdings,3674,45,Information Technology,4530,Semiconductors & Semiconductor Equipment,453010,Semiconductors & Semiconductor Equipment,45301010,Semiconductor Materials & Equipment,0.900,model+crosswalk,
ICL,ICL Group Ltd.,,15,Materials,1510,Materials,151010,Chemicals,15101030,Fertilizers & Agricultural Chemicals,0.650,model+crosswalk,
ICLR,Icon Plc,,35,Health Care,3510,Health Care Equipment & Services,351020,Health Care Providers & Services,35102015,Health Care Services,0.650,yahoo,
ICMB,"Investcorp Credit Management BDC, Inc. Common Stock",,40,Financials,4020,Financial Services,402030,Capital Markets,40203010,Asset Management & Custody Banks,0.650,model+crosswalk,
ICON,Icon Energy Corp. Common stock,,20,Industrials,2030,Transportation,203030,Marine Transportation,20303010,Marine Transportation,0.650,model+crosswalk,
ICRL,INPOINT COML RL EST INC A,,,,,,,,,,,,no_evidence
ICRP,INPOINT COML RL EST INC P,,,,,,,,,,,,no_evidence
ICU,SeaStar Medical Holding Corporation Common Stock,3841,35,Health Care,3520,"Pharmaceuticals, Biotechnology & Life Sciences",352010,Biotechnology,35201010,Biotechnology,0.700,yahoo+sic,
ICUI,ICU Medical Inc,3841,35,Health Care,3510,Health Care Equipment & Services,351010,Health Care Equipment & Supplies,35101020,Health Care Supplies,0.750,model+crosswalk,
IDA,"IDACORP, Inc.",4911,55,Utilities,5510,Utilities,551010,Electric Utilities,55101010,Electric Utilities,0.750,model+crosswalk,
IDAC,Iron Dome Acquisition I Corp. Class A Ordinary Shares,6770,,,,,,,,,,,shell_company
IDAI,T Stamp Inc. Class A Common Stock,7372,45,Information Technology,4510,Software & Services,451030,Software,45103010,Application Software,0.900,model+crosswalk,
IDCC,"InterDigital, Inc.",6794,45,Information Technology,4510,Software & Services,451030,Software,45103010,Application Software,0.700,model+crosswalk,
IDN,"Intellicheck, Inc. Common Stock",7372,45,Information Technology,4510,Software & Services,451030,Software,45103010,Application Software,0.900,model+crosswalk,
IDR,"Idaho Strategic Resources, Inc.",1040,15,Materials,1510,Materials,151040,Metals & Mining,15104030,Gold,0.750,model+crosswalk,
IDT,IDT Corporation Class B,4813,50,Communication Services,5010,Telecommunication Services,501010,Diversified Telecommunication Services,50101010,Alternative Carriers,0.914,model+crosswalk,
IDWM,IDW MEDIA HLDGS INC B,,50,Communication Services,5020,Media & Entertainment,502010,Media,50201040,Publishing,0.650,model+crosswalk,
IDXX,Idexx Laboratories Inc,2835,35,Health Care,3520,"Pharmaceuticals, Biotechnology & Life Sciences",352030,Life Sciences Tools & Services,35203010,Life Sciences Tools & Services,0.700,model+crosswalk,
IDYA,"IDEAYA Biosciences, Inc. Common Stock",2834,35,Health Care,3520,"Pharmaceuticals, Biotechnology & Life Sciences",352010,Biotechnology,35201010,Biotechnology,0.900,model+crosswalk,
IE,Ivanhoe Electric Inc.,1000,15,Materials,1510,Materials,151040,Metals & Mining,15104025,Copper,0.750,yahoo+sic,
IEAG,Infinite Eagle Acquisition Corp. Class A Ordinary Shares,6770,,,,,,,,,,,shell_company
IEP,Icahn Enterprises L.P,2911,10,Energy,1010,Energy,101020,"Oil, Gas & Consumable Fuels",10102030,Oil & Gas Refining & Marketing,0.900,model+crosswalk,
IESC,"IES Holdings, Inc. Common Stock",1731,20,Industrials,2010,Capital Goods,201030,Construction & Engineering,20103010,Construction & Engineering,0.900,model+crosswalk,
IEX,IDEX Corporation,3561,20,Industrials,2010,Capital Goods,201060,Machinery,20106020,Industrial Machinery & Supplies & Components,0.900,model+crosswalk,
IFBD,"Infobird Co., Ltd Ordinary Shares",,45,Information Technology,4510,Software & Services,451030,Software,45103010,Application Software,0.650,model+crosswalk,
IFF,International Flavors & Fragrances Inc.,2860,15,Materials,1510,Materials,151010,Chemicals,15101050,Specialty Chemicals,0.900,model+crosswalk,
IFRX,InflaRx N.V. Common Stock,,35,Health Care,3520,"Pharmaceuticals, Biotechnology & Life Sciences",352010,Biotechnology,35201010,Biotechnology,0.650,model+crosswalk,
IFS,Intercorp Financial Services Inc.,,40,Financials,4010,Banks,401010,Banks,40101015,Regional Banks,0.650,model+crosswalk,
IGAC,Invest Green Acquisition Corporation Class A Ordinary Shares,6770,,,,,,,,,,,shell_company
IGC,"IGC Pharma, Inc.",2834,35,Health Care,3520,"Pharmaceuticals, Biotechnology & Life Sciences",352010,Biotechnology,35201010,Biotechnology,0.750,model+crosswalk,
IGIC,International General Insurance Holdings Ltd. Ordinary Share,,40,Financials,4030,Insurance,403010,Insurance,40301030,Multi-line Insurance,0.650,yahoo,
IHRT,"iHeartMedia, Inc. Class A Common Stock",4832,50,Communication Services,5020,Media & Entertainment,502010,Media,50201020,Broadcasting,0.900,model+crosswalk,
IHS,IHS Holding Limited,,60,Real Estate,6020,Real Estate Management & Development,602010,Real Estate Management & Development,60201040,Real Estate Services,0.650,model+crosswalk,
IHT,InnSuites Hospitality Trust,6798,60,Real Estate,6010,Equity Real Estate Investment Trusts (REITs),601030,Hotel & Resort REITs,60103010,Hotel & Resort REITs,0.750,model+crosswalk,
III,"Information Services Group, Inc.",8742,45,Information Technology,4510,Software & Services,451020,IT Services,45102010,IT Consulting & Other Services,0.600,yahoo,
IIIN,"Insteel Industries, Inc.",3310,20,Industrials,2010,Capital Goods,201060,Machinery,20106020,Industrial Machinery & Supplies & Components,0.600,yahoo,
IIIV,"i3 Verticals, Inc. Class A Common Stock",7372,45,Information Technology,4510,Software & Services,451030,Software,45103020,Systems Software,0.750,yahoo+sic,
IIPR,"Innovative Industrial Properties, Inc. Common stock",6500,60,Real Estate,6010,Equity Real Estate Investment Trusts (REITs),601025,Industrial REITs,60102510,Industrial REITs,0.750,model+crosswalk,
IKMIF,IKEGAMI TSUSHINKI CO,,,,,,,,,,,,no_evidence
IKT,"Inhibikase Therapeutics, Inc. Common Stock",2836,35,Health Care,3520,"Pharmaceuticals, Biotechnology & Life Sciences",352010,Biotechnology,35201010,Biotechnology,0.900,model+crosswalk,
ILAG,Intelligent Living Application Group Inc. Ordinary Shares,,20,Industrials,2010,Capital Goods,201020,Building Products,20102010,Building Products,0.650,model+crosswalk,
ILAL,INTERNATIONAL LND ALC INC,,60,Real Estate,6020,Real Estate Management & Development,602010,Real Estate Management & Development,60201030,Real Estate Development,0.650,model+crosswalk,
ILLR,Triller Group Inc. Common Stock,6282,45,Information Technology,4510,Software & Services,451030,Software,45103010,Application Software,0.600,model+crosswalk,
ILLU,Illumination Acquisition Corp I Class A Ordinary Shares,6770,,,,,,,,,,,shell_company
ILMN,Illumina Inc,3826,35,Health Care,3520,"Pharmaceuticals, Biotechnology & Life Sciences",352030,Life Sciences Tools & Services,35203010,Life Sciences Tools & Services,0.900,model+crosswalk,
IMA,"ImageneBio, Inc. Common Stock",2836,35,Health Care,3520,"Pharmaceuticals, Biotechnology & Life Sciences",352010,Biotechnology,35201010,Biotechnology,0.900,model+crosswalk,
IMAX,Imax Corp,3861,50,Communication Services,5020,Media & Entertainment,502020,Entertainment,50202010,Movies & Entertainment,0.600,model+crosswalk,
IMC,IMC Rare Earths Ltd,,15,Materials,1510,Materials,151040,Metals & Mining,15104020,Diversified Metals & Mining,0.650,model+crosswalk,
IMCC,IM Cannabis Corp. Common Shares,,35,Health Care,3520,"Pharmaceuticals, Biotechnology & Life Sciences",352020,Pharmaceuticals,35202010,Pharmaceuticals,0.650,model+crosswalk,
IMCI,INFINITE GROUP INC,,45,Information Technology,4510,Software & Services,451020,IT Services,45102010,IT Consulting & Other Services,0.650,model+crosswalk,
IMCLF,I MOBILE CO LTD,,,,,,,,,,,,no_evidence
IMDX,Insight Molecular Diagnostics Inc. Common Stock,2835,35,Health Care,3510,Health Care Equipment & Services,351010,Health Care Equipment & Supplies,35101010,Health Care Equipment,0.750,yahoo+sic,
IMKTA,Ingles Markets Inc,5411,30,Consumer Staples,3010,Consumer Staples Distribution & Retail,301010,Consumer Staples Distribution & Retail,30101030,Food Retail,0.900,model+crosswalk,
IMMR,Immersion Corp,3577,45,Information Technology,4510,Software & Services,451030,Software,45103010,Application Software,0.700,model+crosswalk,
IMMX,"Immix Biopharma, Inc. Common Stock",2834,35,Health Care,3520,"Pharmaceuticals, Biotechnology & Life Sciences",352010,Biotechnology,35201010,Biotechnology,0.900,model+crosswalk,
IMNM,"Immunome, Inc.",2834,35,Health Care,3520,"Pharmaceuticals, Biotechnology & Life Sciences",352010,Biotechnology,35201010,Biotechnology,0.900,model+crosswalk,
IMNN,"Imunon, Inc. Common Stock",2834,35,Health Care,3520,"Pharmaceuticals, Biotechnology & Life Sciences",352010,Biotechnology,35201010,Biotechnology,0.900,model+crosswalk,
IMO,Imperial Oil Limited,2911,10,Energy,1010,Energy,101020,"Oil, Gas & Consumable Fuels",10102010,Integrated Oil & Gas,0.750,yahoo+sic,
IMPP,Imperial Petroleum Inc. Common Shares,,10,Energy,1010,Energy,101020,"Oil, Gas & Consumable Fuels",10102040,Oil & Gas Storage & Transportation,0.650,model+crosswalk,
IMPPP,Imperial Petroleum Inc. 8.75% Series A Cumulative Redeemable Perpetual Preferred Shares,,,,,,,,,,,,not_common_equity
IMRX,Immuneering Corporation Class A Common Stock,2834,35,Health Care,3520,"Pharmaceuticals, Biotechnology & Life Sciences",352010,Biotechnology,35201010,Biotechnology,0.900,model+crosswalk,
IMSR,Terrestrial Energy Inc. Common Stock,3443,55,Utilities,5510,Utilities,551010,Electric Utilities,55101010,Electric Utilities,0.600,model+crosswalk,
IMTE,Integrated Media Technology Limited Ordinary Shares,,45,Information Technology,4520,Technology Hardware & Equipment,452030,"Electronic Equipment, Instruments & Components",45203015,Electronic Components,0.650,model+crosswalk,
IMTX,Immatics N.V. Ordinary Shares,,35,Health Care,3520,"Pharmaceuticals, Biotechnology & Life Sciences",352010,Biotechnology,35201010,Biotechnology,0.650,model+crosswalk,
IMUX,"Immunic, Inc. Common Stock",2834,35,Health Care,3520,"Pharmaceuticals, Biotechnology & Life Sciences",352010,Biotechnology,35201010,Biotechnology,0.900,model+crosswalk,
IMVT,"Immunovant, Inc. Common Stock",2836,35,Health Care,3520,"Pharmaceuticals, Biotechnology & Life Sciences",352010,Biotechnology,35201010,Biotechnology,0.900,model+crosswalk,
IMXI,"International Money Express, Inc.",7389,45,Information Technology,4510,Software & Services,451030,Software,45103020,Systems Software,0.600,yahoo,
INAB,"IN8bio, Inc. Common Stock",2836,35,Health Care,3520,"Pharmaceuticals, Biotechnology & Life Sciences",352010,Biotechnology,35201010,Biotechnology,0.900,model+crosswalk,
INAC,Indigo Acquisition Corp. Ordinary Shares,6770,,,,,,,,,,,shell_company
INBAF,INABATA & CO LTD,,,,,,,,,,,,no_evidence
INBK,First Internet Bancorp,6022,40,Financials,4010,Banks,401010,Banks,40101015,Regional Banks,0.900,model+crosswalk,
INBKZ,First Internet Bancorp 6.0% Fixed-to-Floating Rate Subordinated Notes Due 2029,6022,,,,,,,,,,,not_common_equity
INBS,Intelligent Bio Solutions Inc. Common Stock,3841,35,Health Care,3510,Health Care Equipment & Services,351010,Health Care Equipment & Supplies,35101010,Health Care Equipment,0.900,model+crosswalk,
INBX,"Inhibrx Biosciences, Inc. Common Stock",2836,35,Health Care,3520,"Pharmaceuticals, Biotechnology & Life Sciences",352010,Biotechnology,35201010,Biotechnology,0.900,model+crosswalk,
INCR,Intercure Ltd. Ordinary Shares,,35,Health Care,3520,"Pharmaceuticals, Biotechnology & Life Sciences",352020,Pharmaceuticals,35202010,Pharmaceuticals,0.650,model+crosswalk,
INCY,Incyte Genomics Inc,8731,35,Health Care,3520,"Pharmaceuticals, Biotechnology & Life Sciences",352010,Biotechnology,35201010,Biotechnology,0.900,model+crosswalk,
INDB,Independent Bank Corp/MA,6022,40,Financials,4010,Banks,401010,Banks,40101015,Regional Banks,0.900,model+crosswalk,
INDI,"indie Semiconductor, Inc. Class A Common Stock",3674,45,Information Technology,4530,Semiconductors & Semiconductor Equipment,453010,Semiconductors & Semiconductor Equipment,45301020,Semiconductors,0.900,model+crosswalk,
INDO,Indonesia Energy Corporation Limited,,10,Energy,1010,Energy,101020,"Oil, Gas & Consumable Fuels",10102020,Oil & Gas Exploration & Production,0.754,model+crosswalk,
INDP,"Indaptus Therapeutics, Inc. Common Stock",2834,35,Health Care,3520,"Pharmaceuticals, Biotechnology & Life Sciences",352010,Biotechnology,35201010,Biotechnology,0.900,model+crosswalk,
INDV,"Indivior Pharmaceuticals, Inc. Common Stock",2834,35,Health Care,3520,"Pharmaceuticals, Biotechnology & Life Sciences",352020,Pharmaceuticals,35202010,Pharmaceuticals,0.900,model+crosswalk,
INEO,INNEOVA Holdings Limited Class A Ordinary Shares,,25,Consumer Discretionary,2510,Automobiles & Components,251010,Automobile Components,25101010,Automotive Parts & Equipment,0.650,model+crosswalk,
INFQ,"Infleqtion, Inc.",7374,45,Information Technology,4510,Software & Services,451030,Software,45103020,Systems Software,0.600,model+crosswalk,
INFU,"InfuSystem Holdings, Inc.",3841,35,Health Care,3510,Health Care Equipment & Services,351010,Health Care Equipment & Supplies,35101020,Health Care Supplies,0.900,model+crosswalk,
INGM,Ingram Micro Holding Corporation,5045,45,Information Technology,4510,Software & Services,451020,IT Services,45102010,IT Consulting & Other Services,0.700,yahoo+sic,
INGN,Inogen Inc,3842,35,Health Care,3510,Health Care Equipment & Services,351010,Health Care Equipment & Supplies,35101010,Health Care Equipment,0.750,yahoo+sic,
INGR,Ingredion Incorporated,2040,30,Consumer Staples,3020,"Food, Beverage & Tobacco",302020,Food Products,30202030,Packaged Foods & Meats,0.900,model+crosswalk,
INHD,Inno Holdings Inc. Common Stock,3317,15,Materials,1510,Materials,151040,Metals & Mining,15104050,Steel,0.900,model+crosswalk,
INIO,INNIO N.V. Ordinary Shares,3621,20,Industrials,2010,Capital Goods,201060,Machinery,20106020,Industrial Machinery & Supplies & Components,0.750,model+crosswalk,
INKT,"MiNK Therapeutics, Inc. Common Stock",2836,35,Health Care,3520,"Pharmaceuticals, Biotechnology & Life Sciences",352010,Biotechnology,35201010,Biotechnology,0.900,model+crosswalk,
INLF,INLIF LIMITED Class A Ordinary Shares,,20,Industrials,2010,Capital Goods,201060,Machinery,20106020,Industrial Machinery & Supplies & Components,0.650,model+crosswalk,
INLX,"Intellinetics, Inc.",7372,45,Information Technology,4510,Software & Services,451030,Software,45103010,Application Software,0.900,model+crosswalk,
INM,InMed Pharmaceuticals Inc. Common Shares,2834,35,Health Care,3520,"Pharmaceuticals, Biotechnology & Life Sciences",352020,Pharmaceuticals,35202010,Pharmaceuticals,0.750,model+crosswalk,
INMB,INmune Bio Inc. Common stock,2836,35,Health Care,3520,"Pharmaceuticals, Biotechnology & Life Sciences",352010,Biotechnology,35201010,Biotechnology,0.900,model+crosswalk,
INMD,InMode Ltd. Ordinary Shares,,35,Health Care,3510,Health Care Equipment & Services,351010,Health Care Equipment & Supplies,35101010,Health Care Equipment,0.650,model+crosswalk,
INN,"Summit Hotel Properties, Inc.",6798,60,Real Estate,6010,Equity Real Estate Investment Trusts (REITs),601030,Hotel & Resort REITs,60103010,Hotel & Resort REITs,0.900,model+crosswalk,
INND,INNERSCOPE HEARNG TECH,,35,Health Care,3510,Health Care Equipment & Services,351010,Health Care Equipment & Supplies,35101020,Health Care Supplies,0.650,model+crosswalk,
INNV,InnovAge Holding Corp. Common Stock,8000,35,Health Care,3510,Health Care Equipment & Services,351020,Health Care Providers & Services,35102020,Health Care Facilities,0.900,model+crosswalk,
INO,"Inovio Pharmaceuticals, Inc.",2834,35,Health Care,3520,"Pharmaceuticals, Biotechnology & Life Sciences",352010,Biotechnology,35201010,Biotechnology,0.900,model+crosswalk,
INOD,Innodata Inc.,7374,45,Information Technology,4510,Software & Services,451020,IT Services,45102010,IT Consulting & Other Services,0.600,yahoo,
INR,"Infinity Natural Resources, Inc.",1311,10,Energy,1010,Energy,101020,"Oil, Gas & Consumable Fuels",10102020,Oil & Gas Exploration & Production,0.900,model+crosswalk,
INRE,INLAND REAL EST INC TR,,,,,,,,,,,,no_evidence
INRHF,INFRONEER HLDGS INC,,20,Industrials,2010,Capital Goods,201030,Construction & Engineering,20103010,Construction & Engineering,0.732,model+crosswalk,
INSE,"Inspired Entertainment, Inc.",7372,25,Consumer Discretionary,2530,Consumer Services,253010,"Hotels, Restaurants & Leisure",25301010,Casinos & Gaming,0.600,model+crosswalk,
INSG,Inseego Corp. Common Stock,3669,45,Information Technology,4520,Technology Hardware & Equipment,452010,Communications Equipment,45201020,Communications Equipment,0.900,model+crosswalk,
INSM,"Insmed, Inc.",2834,35,Health Care,3520,"Pharmaceuticals, Biotechnology & Life Sciences",352010,Biotechnology,35201010,Biotechnology,0.900,model+crosswalk,
INSP,"Inspire Medical Systems, Inc.",3841,35,Health Care,3510,Health Care Equipment & Services,351010,Health Care Equipment & Supplies,35101010,Health Care Equipment,0.900,model+crosswalk,
INSW,"International Seaways, Inc. Common Stock",4400,10,Energy,1010,Energy,101020,"Oil, Gas & Consumable Fuels",10102040,Oil & Gas Storage & Transportation,0.600,model+crosswalk,
INTA,"Intapp, Inc. Common Stock",7372,45,Information Technology,4510,Software & Services,451030,Software,45103010,Application Software,0.900,model+crosswalk,
INTC,Intel Corp,3674,45,Information Technology,4530,Semiconductors & Semiconductor Equipment,453010,Semiconductors & Semiconductor Equipment,45301020,Semiconductors,0.900,model+crosswalk,
INTG,Intergroup Corporation (The),6513,25,Consumer Discretionary,2530,Consumer Services,253010,"Hotels, Restaurants & Leisure",25301020,"Hotels, Resorts & Cruise Lines",0.600,yahoo,
INTJ,Intelligent Group Limited Class A Ordinary Shares,,20,Industrials,2020,Commercial & Professional Services,202020,Professional Services,20202020,Research & Consulting Services,0.650,model+crosswalk,
INTR,Inter & Co. Inc. Class A Common Shares,,40,Financials,4010,Banks,401010,Banks,40101015,Regional Banks,0.650,model+crosswalk,
INTS,"Intensity Therapeutics, Inc. Common stock",2836,35,Health Care,3520,"Pharmaceuticals, Biotechnology & Life Sciences",352010,Biotechnology,35201010,Biotechnology,0.900,model+crosswalk,
INTT,inTEST Corporation,3825,45,Information Technology,4530,Semiconductors & Semiconductor Equipment,453010,Semiconductors & Semiconductor Equipment,45301010,Semiconductor Materials & Equipment,0.700,model+crosswalk,
INTU,Intuit Inc,7372,45,Information Technology,4510,Software & Services,451030,Software,45103010,Application Software,0.900,model+crosswalk,
INTZ,Intrusion Inc New,3576,45,Information Technology,4510,Software & Services,451030,Software,45103020,Systems Software,0.700,model+crosswalk,
INUV,"Inuvo, Inc.",7310,45,Information Technology,4510,Software & Services,451030,Software,45103010,Application Software,0.600,model+crosswalk,
INV,"Innventure, Inc. Common Stock",6770,40,Financials,4020,Financial Services,402030,Capital Markets,40203010,Asset Management & Custody Banks,0.600,model+crosswalk,
INVA,"Innoviva, Inc. Common Stock",2834,35,Health Care,3520,"Pharmaceuticals, Biotechnology & Life Sciences",352010,Biotechnology,35201010,Biotechnology,0.750,model+crosswalk,
INVE,"INVE Technologies, Inc. Common Stock",3577,20,Industrials,2010,Capital Goods,201020,Building Products,20102010,Building Products,0.600,yahoo,
INVH,Invitation Homes Inc. Common Stock,6510,60,Real Estate,6010,Equity Real Estate Investment Trusts (REITs),601060,Residential REITs,60106020,Single-Family Residential REITs,0.700,yahoo+sic,
INVX,"Innovex International, Inc.",3533,10,Energy,1010,Energy,101010,Energy Equipment & Services,10101020,Oil & Gas Equipment & Services,0.900,model+crosswalk,
INVZ,Innoviz Technologies Ltd. Ordinary shares,,25,Consumer Discretionary,2510,Automobiles & Components,251010,Automobile Components,25101010,Automotive Parts & Equipment,0.650,model+crosswalk,
IOND,Ionic Digital Inc. Class A Common Stock,,40,Financials,4020,Financial Services,402030,Capital Markets,40203020,Investment Banking & Brokerage,0.650,model+crosswalk,
IONQ,"IonQ, Inc.",7373,45,Information Technology,4520,Technology Hardware & Equipment,452020,"Technology Hardware, Storage & Peripherals",45202030,"Technology Hardware, Storage & Peripherals",0.700,model+crosswalk,
IONS,"Ionis Pharmaceuticals, Inc. Common Stock",2834,35,Health Care,3520,"Pharmaceuticals, Biotechnology & Life Sciences",352010,Biotechnology,35201010,Biotechnology,0.900,model+crosswalk,
IOR,"Income Opportunity Realty Investors, Inc.",6798,40,Financials,4020,Financial Services,402010,Financial Services,40201050,Commercial & Residential Mortgage Finance,0.750,yahoo+sic,
IOSP,Innospec Inc.,2800,15,Materials,1510,Materials,151010,Chemicals,15101050,Specialty Chemicals,0.900,model+crosswalk,
IOT,Samsara Inc.,7373,45,Information Technology,4510,Software & Services,451030,Software,45103020,Systems Software,0.750,yahoo+sic,
IOTR,iOThree Limited Ordinary Shares,,50,Communication Services,5010,Telecommunication Services,501010,Diversified Telecommunication Services,50101010,Alternative Carriers,0.650,yahoo,
IOVA,"Iovance Biotherapeutics, Inc. Common Stock",2836,35,Health Care,3520,"Pharmaceuticals, Biotechnology & Life Sciences",352010,Biotechnology,35201010,Biotechnology,0.900,model+crosswalk,
IP,International Paper Co.,2621,15,Materials,1510,Materials,151030,Containers & Packaging,15103020,Paper & Plastic Packaging Products & Materials,0.750,model+crosswalk,
IPAR,"Interparfums, Inc. Common Stock",2844,30,Consumer Staples,3030,Household & Personal Products,303020,Personal Care Products,30302010,Personal Care Products,0.900,model+crosswalk,
IPDN,"Professional Diversity Network, Inc.",7370,20,Industrials,2020,Commercial & Professional Services,202020,Professional Services,20202010,Human Resource & Employment Services,0.600,model+crosswalk,
IPEX,Inflection Point Acquisition Corp. V Class A Ordinary Shares,6770,,,,,,,,,,,shell_company
IPFX,Inflection Point Acquisition Corp. VI Class A Ordinary Shares,6770,,,,,,,,,,,shell_company
IPGP,IPG Photonics Corporation,3674,45,Information Technology,4530,Semiconductors & Semiconductor Equipment,453010,Semiconductors & Semiconductor Equipment,45301010,Semiconductor Materials & Equipment,0.900,model+crosswalk,
IPI,"Intrepid Potash, Inc",1400,15,Materials,1510,Materials,151010,Chemicals,15101030,Fertilizers & Agricultural Chemicals,0.900,model+crosswalk,
IPM,Intelligent Protection Management Corp. Common Stock,7370,45,Information Technology,4510,Software & Services,451030,Software,45103010,Application Software,0.750,model+crosswalk,
IPSC,"Century Therapeutics, Inc. Common Stock",2836,35,Health Care,3520,"Pharmaceuticals, Biotechnology & Life Sciences",352010,Biotechnology,35201010,Biotechnology,0.900,model+crosswalk,
IPSI,INNOVATIVE PYMNT SOLUTION,,45,Information Technology,4510,Software & Services,451030,Software,45103020,Systems Software,0.650,model+crosswalk,
IPST,"IP Strategy Holdings, Inc. Common Stock",2080,40,Financials,4020,Financial Services,402030,Capital Markets,40203020,Investment Banking & Brokerage,0.600,yahoo,
IPVV,"InterPrivate Investment Partners V, Inc. Class A Ordinary Shares",,,,,,,,,,,,shell_company
IPW,"iPower, Inc. Common Stock",5200,25,Consumer Discretionary,2550,Consumer Discretionary Distribution & Retail,255040,Specialty Retail,25504040,Other Specialty Retail,0.750,model+crosswalk,
IPWR,Ideal Power Inc.,3674,45,Information Technology,4530,Semiconductors & Semiconductor Equipment,453010,Semiconductors & Semiconductor Equipment,45301020,Semiconductors,0.900,model+crosswalk,
IPXG,Inflection Point Acquisition Corp. VII Class A Ordinary Shares,,,,,,,,,,,,shell_company
IQST,IQSTEL INC. Common Stock,4813,50,Communication Services,5010,Telecommunication Services,501020,Wireless Telecommunication Services,50102010,Wireless Telecommunication Services,0.750,yahoo+sic,
IQV,IQVIA Holdings Inc.,8731,35,Health Care,3520,"Pharmaceuticals, Biotechnology & Life Sciences",352030,Life Sciences Tools & Services,35203010,Life Sciences Tools & Services,0.750,model+crosswalk,
IR,Ingersoll Rand Inc. Common Stock,3560,20,Industrials,2010,Capital Goods,201060,Machinery,20106020,Industrial Machinery & Supplies & Components,0.900,model+crosswalk,
IRAB,Iris Acquisition Corp II,6770,,,,,,,,,,,shell_company
IRD,"Opus Genetics, Inc. Common Stock",2834,35,Health Care,3520,"Pharmaceuticals, Biotechnology & Life Sciences",352010,Biotechnology,35201010,Biotechnology,0.900,model+crosswalk,
IRDM,Iridium Communications Inc.,4899,50,Communication Services,5010,Telecommunication Services,501020,Wireless Telecommunication Services,50102010,Wireless Telecommunication Services,0.750,yahoo+sic,
IREN,IREN Limited Ordinary Shares,6199,40,Financials,4020,Financial Services,402030,Capital Markets,40203020,Investment Banking & Brokerage,0.600,model+crosswalk,
IRHO,Iron Horse Acquisitions II Corp. Common Stock,7389,,,,,,,,,,,shell_company
IRIX,Iridex Corp,3845,35,Health Care,3510,Health Care Equipment & Services,351010,Health Care Equipment & Supplies,35101020,Health Care Supplies,0.750,yahoo+sic,
IRM,Iron Mountain Inc.,6798,60,Real Estate,6010,Equity Real Estate Investment Trusts (REITs),601080,Specialized REITs,60108050,Data Center REITs,0.900,model+crosswalk,
IRMD,iRadimed Corporation,3841,35,Health Care,3510,Health Care Equipment & Services,351010,Health Care Equipment & Supplies,35101010,Health Care Equipment,0.900,model+crosswalk,
IRON,"Disc Medicine, Inc. Common Stock",2834,35,Health Care,3520,"Pharmaceuticals, Biotechnology & Life Sciences",352010,Biotechnology,35201010,Biotechnology,0.900,model+crosswalk,
IRT,Independence Realty Trust Inc.,6798,60,Real Estate,6010,Equity Real Estate Investment Trusts (REITs),601060,Residential REITs,60106010,Multi-Family Residential REITs,0.900,model+crosswalk,
IRTC,"iRhythm Holdings, Inc. Common Stock",3841,35,Health Care,3510,Health Care Equipment & Services,351010,Health Care Equipment & Supplies,35101010,Health Care Equipment,0.900,model+crosswalk,
IRWD,"Ironwood Pharmaceuticals, Inc. - Class A",2834,35,Health Care,3520,"Pharmaceuticals, Biotechnology & Life Sciences",352020,Pharmaceuticals,35202010,Pharmaceuticals,0.750,yahoo+sic,
ISBA,Isabella Bank Corporation Common stock,6022,40,Financials,4010,Banks,401010,Banks,40101015,Regional Banks,0.900,model+crosswalk,
ISBPF,ISB CORP ORD,,,,,,,,,,,,no_evidence
ISFTF,ISHARES FTSE SHS,,,,,,,,,,,,no_evidence
ISNR,Snow Rothschild Acquisition Corp. Class A Ordinary Shares,6770,,,,,,,,,,,shell_company
ISOU,IsoEnergy Ltd.,,10,Energy,1010,Energy,101020,"Oil, Gas & Consumable Fuels",10102050,Coal & Consumable Fuels,0.650,model+crosswalk,
ISPC,iSpecimen Inc. Common Stock,8731,35,Health Care,3520,"Pharmaceuticals, Biotechnology & Life Sciences",352030,Life Sciences Tools & Services,35203010,Life Sciences Tools & Services,0.900,model+crosswalk,
ISPR,Ispire Technology Inc. Common Stock,2111,30,Consumer Staples,3020,"Food, Beverage & Tobacco",302030,Tobacco,30203010,Tobacco,0.900,model+crosswalk,
ISRG,Intuitive Surgical Inc.,3842,35,Health Care,3510,Health Care Equipment & Services,351010,Health Care Equipment & Supplies,35101010,Health Care Equipment,0.750,yahoo+sic,
ISTR,Investar Holding Corporation,6022,40,Financials,4010,Banks,401010,Banks,40101015,Regional Banks,0.900,model+crosswalk,
IT,"Gartner, Inc.",8741,45,Information Technology,4510,Software & Services,451020,IT Services,45102010,IT Consulting & Other Services,0.600,yahoo,
ITEX,ITEX CORP,,40,Financials,4020,Financial Services,402030,Capital Markets,40203020,Investment Banking & Brokerage,0.662,model+crosswalk,
ITG,"ITG, Inc. Class A Common Stock",1623,20,Industrials,2010,Capital Goods,201030,Construction & Engineering,20103010,Construction & Engineering,0.900,model+crosswalk,
ITGR,Integer Holdings Corporation,3845,35,Health Care,3510,Health Care Equipment & Services,351010,Health Care Equipment & Supplies,35101010,Health Care Equipment,0.900,model+crosswalk,
ITHA,ITHAX Acquisition Corp III Class A Ordinary Shares,6770,,,,,,,,,,,shell_company
ITIC,Investors Title Co,6361,40,Financials,4030,Insurance,403010,Insurance,40301040,Property & Casualty Insurance,0.900,model+crosswalk,
ITOC,iTonic Holdings Ltd Class A Ordinary Shares,,35,Health Care,3510,Health Care Equipment & Services,351010,Health Care Equipment & Supplies,35101010,Health Care Equipment,0.650,model+crosswalk,
ITP,"IT Tech Packaging, Inc.",2670,15,Materials,1510,Materials,151030,Containers & Packaging,15103020,Paper & Plastic Packaging Products & Materials,0.901,model+crosswalk,
ITRG,Integra Resources Corp.,,15,Materials,1510,Materials,151040,Metals & Mining,15104040,Precious Metals & Minerals,0.650,yahoo,
ITRI,Itron Inc,3825,45,Information Technology,4520,Technology Hardware & Equipment,452030,"Electronic Equipment, Instruments & Components",45203010,Electronic Equipment & Instruments,0.900,model+crosswalk,
ITRN,Ituran Location and Control Ltd.,,45,Information Technology,4520,Technology Hardware & Equipment,452030,"Electronic Equipment, Instruments & Components",45203010,Electronic Equipment & Instruments,0.650,model+crosswalk,
ITT,ITT Inc.,3561,20,Industrials,2010,Capital Goods,201010,Aerospace & Defense,20101010,Aerospace & Defense,0.750,yahoo+sic,
ITW,Illinois Tool Works Inc.,3560,20,Industrials,2010,Capital Goods,201020,Building Products,20102010,Building Products,0.750,yahoo+sic,
ITXP,INDEPENDENCE PWR HLDGS A,,,,,,,,,,,,no_evidence
IVAI,Ives Ultra AI Opportunities Inc.,,,,,,,,,,,,no_evidence
IVCGF,IVECO GROUP NV,,20,Industrials,2010,Capital Goods,201060,Machinery,20106010,Construction Machinery & Heavy Transportation Equipment,0.650,model+crosswalk,
IVDA,"Iveda Solutions, Inc. Common Stock",7372,45,Information Technology,4520,Technology Hardware & Equipment,452030,"Electronic Equipment, Instruments & Components",45203010,Electronic Equipment & Instruments,0.700,yahoo+sic,
IVF,"INVO Fertility, Inc. Common Stock",3841,35,Health Care,3510,Health Care Equipment & Services,351010,Health Care Equipment & Supplies,35101010,Health Care Equipment,0.900,model+crosswalk,
IVR,Invesco Mortgage Capital Inc.,6798,40,Financials,4020,Financial Services,402040,Mortgage Real Estate Investment Trusts,40204010,Mortgage REITs,0.900,model+crosswalk,
IVT,InvenTrust Properties Corp.,6798,60,Real Estate,6010,Equity Real Estate Investment Trusts (REITs),601070,Retail REITs,60107010,Retail REITs,0.900,model+crosswalk,
IVVD,"Invivyd, Inc. Common Stock",2836,35,Health Care,3520,"Pharmaceuticals, Biotechnology & Life Sciences",352010,Biotechnology,35201010,Biotechnology,0.900,model+crosswalk,
IVZ,Invesco LTD,6282,40,Financials,4020,Financial Services,402030,Capital Markets,40203010,Asset Management & Custody Banks,0.900,model+crosswalk,
IXHL,Incannex Healthcare Limited Common Stock,2834,35,Health Care,3520,"Pharmaceuticals, Biotechnology & Life Sciences",352020,Pharmaceuticals,35202010,Pharmaceuticals,0.750,model+crosswalk,
IZEA,"IZEA Worldwide, Inc. Common Stock",7310,50,Communication Services,5020,Media & Entertainment,502010,Media,50201010,Advertising,0.900,model+crosswalk,
IZM,ICZOOM Group Inc. Class A Ordinary Shares,,45,Information Technology,4520,Technology Hardware & Equipment,452030,"Electronic Equipment, Instruments & Components",45203030,Technology Distributors,0.650,model+crosswalk,
J,Jacobs Solutions Inc.,1600,20,Industrials,2010,Capital Goods,201030,Construction & Engineering,20103010,Construction & Engineering,0.900,model+crosswalk,
JAB,JAB Acquisition Corp I Class A Ordinary Shares,6770,,,,,,,,,,,shell_company
JACK,Jack in the Box Inc.,5812,25,Consumer Discretionary,2530,Consumer Services,253010,"Hotels, Restaurants & Leisure",25301040,Restaurants,0.900,model+crosswalk,
JACS,Jackson Acquisition Company II,6770,,,,,,,,,,,shell_company
JAGU,Jaguar Uranium Corp.,1000,10,Energy,1010,Energy,101020,"Oil, Gas & Consumable Fuels",10102050,Coal & Consumable Fuels,0.900,model+crosswalk,
JAGX,"Jaguar Health, Inc.",2834,35,Health Care,3520,"Pharmaceuticals, Biotechnology & Life Sciences",352010,Biotechnology,35201010,Biotechnology,0.750,model+crosswalk,
JAKK,Jakks Pacific Inc,3944,25,Consumer Discretionary,2520,Consumer Durables & Apparel,252020,Leisure Products,25202010,Leisure Products,0.900,model+crosswalk,
JAN,"Janus Living, Inc.",6798,60,Real Estate,6010,Equity Real Estate Investment Trusts (REITs),601060,Residential REITs,60106010,Multi-Family Residential REITs,0.750,model+crosswalk,
JANX,"Janux Therapeutics, Inc. Common Stock",2834,35,Health Care,3520,"Pharmaceuticals, Biotechnology & Life Sciences",352010,Biotechnology,35201010,Biotechnology,0.900,model+crosswalk,
JATT,JATT II Acquisition Corp Ordinary Shares,6770,,,,,,,,,,,shell_company
JAZZ,"Jazz Pharmaceuticals, Inc.",2834,35,Health Care,3520,"Pharmaceuticals, Biotechnology & Life Sciences",352010,Biotechnology,35201010,Biotechnology,0.900,model+crosswalk,
JBDI,JBDI Holdings Limited Ordinary Shares,,25,Consumer Discretionary,2550,Consumer Discretionary Distribution & Retail,255040,Specialty Retail,25504040,Other Specialty Retail,0.650,yahoo,
JBGS,JBG SMITH Properties Common Shares,6798,60,Real Estate,6010,Equity Real Estate Investment Trusts (REITs),601010,Diversified REITs,60101010,Diversified REITs,0.750,model+crosswalk,
JBHT,JB Hunt Transport Services Inc,4213,20,Industrials,2030,Transportation,203040,Ground Transportation,20304030,Cargo Ground Transportation,0.900,model+crosswalk,
JBI,"Janus International Group, Inc.",3442,20,Industrials,2010,Capital Goods,201020,Building Products,20102010,Building Products,0.900,model+crosswalk,
JBIO,"Jade Biosciences, Inc. Common Stock",2834,35,Health Care,3520,"Pharmaceuticals, Biotechnology & Life Sciences",352010,Biotechnology,35201010,Biotechnology,0.900,model+crosswalk,
JBL,Jabil Inc.,3672,45,Information Technology,4520,Technology Hardware & Equipment,452030,"Electronic Equipment, Instruments & Components",45203015,Electronic Components,0.750,yahoo+sic,
JBLU,JetBlue Airways Corp,4512,20,Industrials,2030,Transportation,203020,Passenger Airlines,20302010,Passenger Airlines,0.900,model+crosswalk,
JBS,JBS N.V.,,30,Consumer Staples,3020,"Food, Beverage & Tobacco",302020,Food Products,30202030,Packaged Foods & Meats,0.650,model+crosswalk,
JBSS,John B. Sanfilippo & SON,2060,30,Consumer Staples,3020,"Food, Beverage & Tobacco",302020,Food Products,30202030,Packaged Foods & Meats,0.900,model+crosswalk,
JBTC,JBT BANCORP INC,,40,Financials,4010,Banks,401010,Banks,40101015,Regional Banks,0.650,model+crosswalk,
JBTM,JBT Marel Corporation,3550,20,Industrials,2010,Capital Goods,201060,Machinery,20106020,Industrial Machinery & Supplies & Components,0.900,model+crosswalk,
JCAP,"Jefferson Capital, Inc. Common Stock",6153,40,Financials,4020,Financial Services,402020,Consumer Finance,40202010,Consumer Finance,0.750,model+crosswalk,
JCGIF,JPMORGAN CHINESE INV TR,,,,,,,,,,,,not_common_equity
JCI,Johnson Controls International plc,3585,20,Industrials,2010,Capital Goods,201020,Building Products,20102010,Building Products,0.900,model+crosswalk,
JCSE,JE Cleantech Holdings Limited Class A Ordinary Shares,,20,Industrials,2010,Capital Goods,201060,Machinery,20106020,Industrial Machinery & Supplies & Components,0.650,model+crosswalk,
JCTC,Jewett-Cameron Trading,5211,15,Materials,1510,Materials,151050,Paper & Forest Products,15105010,Forest Products,0.600,yahoo,
JDCMF,JD.COM INC,,25,Consumer Discretionary,2550,Consumer Discretionary Distribution & Retail,255030,Broadline Retail,25503030,Broadline Retail,0.650,model+crosswalk,
JDVB,JD BANCSHARES INC,,40,Financials,4010,Banks,401010,Banks,40101015,Regional Banks,0.650,model+crosswalk,
JDZG,JIADE LIMITED Class A Ordinary Shares,,25,Consumer Discretionary,2530,Consumer Services,253020,Diversified Consumer Services,25302010,Education Services,0.650,model+crosswalk,
JEF,Jefferies Financial Group Inc.,6211,40,Financials,4020,Financial Services,402030,Capital Markets,40203020,Investment Banking & Brokerage,0.900,model+crosswalk,
JELD,"JELD-WEN Holding, Inc.",2430,20,Industrials,2010,Capital Goods,201020,Building Products,20102010,Building Products,0.600,model+crosswalk,
JEM,707 Cayman Holdings Limited Ordinary Shares,,25,Consumer Discretionary,2550,Consumer Discretionary Distribution & Retail,255040,Specialty Retail,25504010,Apparel Retail,0.650,model+crosswalk,
JENA,Jena Acquisition Corporation II,6770,,,,,,,,,,,shell_company
JFB,JFB Construction Holdings Class A Common Stock,1540,60,Real Estate,6020,Real Estate Management & Development,602010,Real Estate Management & Development,60201030,Real Estate Development,0.600,model+crosswalk,
JFWV,JSB FINCL INC,,40,Financials,4010,Banks,401010,Banks,40101015,Regional Banks,0.650,model+crosswalk,
JGLCF,JS GLOBAL LIFESTYLE CO,,25,Consumer Discretionary,2520,Consumer Durables & Apparel,252010,Household Durables,25201020,Home Furnishings,0.650,model+crosswalk,
JHDKF,JOSHIN DENKI CO LTD,,,,,,,,,,,,no_evidence
JHX,James Hardie Industries plc,,20,Industrials,2010,Capital Goods,201020,Building Products,20102010,Building Products,0.650,yahoo,
JILL,"J.Jill, Inc. Common Stock",2330,25,Consumer Discretionary,2550,Consumer Discretionary Distribution & Retail,255040,Specialty Retail,25504010,Apparel Retail,0.700,model+crosswalk,
JJSF,J&J Snack Foods Corp,2052,30,Consumer Staples,3020,"Food, Beverage & Tobacco",302020,Food Products,30202030,Packaged Foods & Meats,0.900,model+crosswalk,
JKHY,Henry (Jack) & Associates,7373,40,Financials,4020,Financial Services,402010,Financial Services,40201060,Transaction & Payment Processing Services,0.900,model+crosswalk,
JL,J-Long Group Limited Class A Ordinary Shares,,25,Consumer Discretionary,2520,Consumer Durables & Apparel,252030,"Textiles, Apparel & Luxury Goods",25203010,"Apparel, Accessories & Luxury Goods",0.650,model+crosswalk,
JLHL,Julong Holding Limited Class A Ordinary Shares,,20,Industrials,2010,Capital Goods,201020,Building Products,20102010,Building Products,0.650,model+crosswalk,
JLL,"Jones Lang LaSalle, Inc.",6531,60,Real Estate,6020,Real Estate Management & Development,602010,Real Estate Management & Development,60201040,Real Estate Services,0.900,model+crosswalk,
JMDCF,JMDC INC,,,,,,,,,,,,no_evidence
JMKE,Jersey Mike's Subs Inc.,,25,Consumer Discretionary,2530,Consumer Services,253010,"Hotels, Restaurants & Leisure",25301040,Restaurants,0.650,model+crosswalk,
JMSB,"John Marshall Bancorp, Inc. Common Stock",6022,40,Financials,4010,Banks,401010,Banks,40101015,Regional Banks,0.900,model+crosswalk,
JNJ,Johnson & Johnson,2834,35,Health Care,3520,"Pharmaceuticals, Biotechnology & Life Sciences",352020,Pharmaceuticals,35202010,Pharmaceuticals,0.750,model+crosswalk,
JOB,GEE Group Inc.,7361,20,Industrials,2020,Commercial & Professional Services,202020,Professional Services,20202010,Human Resource & Employment Services,0.900,model+crosswalk,
JOBY,"Joby Aviation, Inc.",3721,20,Industrials,2030,Transportation,203020,Passenger Airlines,20302010,Passenger Airlines,0.700,model+crosswalk,
JOE,St. Joe Company,6552,60,Real Estate,6020,Real Estate Management & Development,602010,Real Estate Management & Development,60201010,Diversified Real Estate Activities,0.750,yahoo+sic,
JONE,Jones Ventures INTL Acquisition1 Corp Class A Ordinary Shares,6770,,,,,,,,,,,shell_company
JOUT,Johnson Outdoors Inc,3949,25,Consumer Discretionary,2520,Consumer Durables & Apparel,252020,Leisure Products,25202010,Leisure Products,0.900,model+crosswalk,
JPM,JPMorgan Chase & Co.,6021,40,Financials,4010,Banks,401010,Banks,40101010,Diversified Banks,0.750,yahoo+sic,
JPPIF,JAPAN POST INS CO LTD,,40,Financials,4030,Insurance,403010,Insurance,40301020,Life & Health Insurance,0.650,model+crosswalk,
JRSH,"Jerash Holdings (US), Inc. Common Stock",2300,25,Consumer Discretionary,2520,Consumer Durables & Apparel,252030,"Textiles, Apparel & Luxury Goods",25203010,"Apparel, Accessories & Luxury Goods",0.900,model+crosswalk,
JRSS,JRSIS HEALTH CARE CORP,,35,Health Care,3510,Health Care Equipment & Services,351020,Health Care Providers & Services,35102015,Health Care Services,0.957,model,
JRVR,"James River Group Holdings, Inc. Common Stock",6331,40,Financials,4030,Insurance,403010,Insurance,40301040,Property & Casualty Insurance,0.926,model+crosswalk,
JSM,"Navient Corporation 6% Senior Notes due December 15, 2043",6211,,,,,,,,,,,not_common_equity
JSPR,"Jasper Therapeutics, Inc. Common Stock",2836,35,Health Care,3520,"Pharmaceuticals, Biotechnology & Life Sciences",352010,Biotechnology,35201010,Biotechnology,0.900,model+crosswalk,
JSTS,JUSTISS OIL CO INC,,10,Energy,1010,Energy,101010,Energy Equipment & Services,10101010,Oil & Gas Drilling,0.650,model+crosswalk,
JTAI,Jet.AI Inc. Common Stock,4522,45,Information Technology,4510,Software & Services,451030,Software,45103010,Application Software,0.600,yahoo,
JTNB,JTNB BANCORP INC,,40,Financials,4010,Banks,401010,Banks,40101015,Regional Banks,0.650,model+crosswalk,
JTTT,JATT III Acquisition Corp Ordinary Shares,,,,,,,,,,,,shell_company
JUNS,"Jupiter Neurosciences, Inc. Common Stock",2834,35,Health Care,3520,"Pharmaceuticals, Biotechnology & Life Sciences",352010,Biotechnology,35201010,Biotechnology,0.900,model+crosswalk,
JUVF,JUNIATA VLY FINCL CORP PA,,40,Financials,4010,Banks,401010,Banks,40101015,Regional Banks,0.650,yahoo,
JVA,"Coffee Holding Co., Inc.",2090,30,Consumer Staples,3020,"Food, Beverage & Tobacco",302020,Food Products,30202030,Packaged Foods & Meats,0.900,model+crosswalk,
JWEL,Jowell Global Ltd. Ordinary Shares,,25,Consumer Discretionary,2550,Consumer Discretionary Distribution & Retail,255030,Broadline Retail,25503030,Broadline Retail,0.650,yahoo,
JXG,JX Luxventure Limited Common Stock,,25,Consumer Discretionary,2520,Consumer Durables & Apparel,252030,"Textiles, Apparel & Luxury Goods",25203010,"Apparel, Accessories & Luxury Goods",0.650,model+crosswalk,
JXN,Jackson Financial Inc.,6311,40,Financials,4030,Insurance,403010,Insurance,40301020,Life & Health Insurance,0.900,model+crosswalk,
JYD,Jayud Global Logistics Limited Class A Ordinary Shares,,20,Industrials,2030,Transportation,203010,Air Freight & Logistics,20301010,Air Freight & Logistics,0.650,model+crosswalk,
JYNT,The Joint Corp.,6794,35,Health Care,3510,Health Care Equipment & Services,351020,Health Care Providers & Services,35102020,Health Care Facilities,0.600,model+crosswalk,
JZXN,"Jiuzi Holdings, Inc. Ordinary Shares",,25,Consumer Discretionary,2550,Consumer Discretionary Distribution & Retail,255040,Specialty Retail,25504050,Automotive Retail,0.650,yahoo,
KAI,Kadant Inc.,3550,20,Industrials,2010,Capital Goods,201060,Machinery,20106020,Industrial Machinery & Supplies & Components,0.900,model+crosswalk,
KALA,"KALA BIO, Inc. Common Stock",2834,35,Health Care,3520,"Pharmaceuticals, Biotechnology & Life Sciences",352010,Biotechnology,35201010,Biotechnology,0.900,model+crosswalk,
KALU,Kaiser Aluminum Corporation,3350,15,Materials,1510,Materials,151040,Metals & Mining,15104010,Aluminum,0.900,model+crosswalk,
KAPA,"Kairos Pharma, Ltd.",2834,35,Health Care,3520,"Pharmaceuticals, Biotechnology & Life Sciences",352010,Biotechnology,35201010,Biotechnology,0.900,model+crosswalk,
KARD,"Kardigan, Inc. Common Stock",2834,35,Health Care,3520,"Pharmaceuticals, Biotechnology & Life Sciences",352010,Biotechnology,35201010,Biotechnology,0.900,model+crosswalk,
KARO,Karooooo Ltd. Ordinary Shares,,45,Information Technology,4510,Software & Services,451030,Software,45103010,Application Software,0.650,model+crosswalk,
KAVL,KAIVAL BRANDS INNVTNS GRP,,30,Consumer Staples,3020,"Food, Beverage & Tobacco",302030,Tobacco,30203010,Tobacco,0.650,model+crosswalk,
KAZR,Skyline Builders Group Holding Limited Class A Ordinary Shares,1700,20,Industrials,2010,Capital Goods,201030,Construction & Engineering,20103010,Construction & Engineering,0.900,model+crosswalk,
KBDC,"Kayne Anderson BDC, Inc.",,40,Financials,4020,Financial Services,402030,Capital Markets,40203010,Asset Management & Custody Banks,0.650,model+crosswalk,
KBH,KB Home,1531,25,Consumer Discretionary,2520,Consumer Durables & Apparel,252010,Household Durables,25201030,Homebuilding,0.900,model+crosswalk,
KBNC,KINGSTON BANCSHARES INC,,40,Financials,4010,Banks,401010,Banks,40101015,Regional Banks,0.350,keywords,
KBON,Karbon Capital Partners Corp. Class A Ordinary Shares,6770,,,,,,,,,,,shell_company
KBR,"KBR, Inc.",1600,20,Industrials,2010,Capital Goods,201030,Construction & Engineering,20103010,Construction & Engineering,0.900,model+crosswalk,
KBSR,KBS REAL EST INVT TR III,,,,,,,,,,,,no_evidence
KBSX,FST Corp. Ordinary Shares,,25,Consumer Discretionary,2520,Consumer Durables & Apparel,252020,Leisure Products,25202010,Leisure Products,0.650,model+crosswalk,
KCHIF,KUMIAI CHEMICAL INDS,,15,Materials,1510,Materials,151010,Chemicals,15101050,Specialty Chemicals,0.350,keywords,
KCHV,Kochav Defense Acquisition Corp. Class A Ordinary Shares,6770,,,,,,,,,,,shell_company
KD,"Kyndryl Holdings, Inc.",7373,45,Information Technology,4510,Software & Services,451020,IT Services,45102030,Internet Services & Infrastructure,0.750,yahoo+sic,
KDK,"Kodiak AI, Inc. Common Stock",7373,45,Information Technology,4510,Software & Services,451030,Software,45103020,Systems Software,0.750,yahoo+sic,
KDP,Keurig Dr Pepper Inc.,2080,30,Consumer Staples,3020,"Food, Beverage & Tobacco",302010,Beverages,30201030,Soft Drinks & Non-alcoholic Beverages,0.750,model+crosswalk,
KE,"Kimball Electronics, Inc.",3672,20,Industrials,2010,Capital Goods,201040,Electrical Equipment,20104010,Electrical Components & Equipment,0.600,model+crosswalk,
KEEL,Keel Infrastructure Corp. Common Stock,6199,45,Information Technology,4510,Software & Services,451020,IT Services,45102030,Internet Services & Infrastructure,0.600,model+crosswalk,
KEFI,KEWEENAW FINCL CORP,,40,Financials,4010,Banks,401010,Banks,40101015,Regional Banks,0.650,model+crosswalk,
KEGS,1812 BREWING COMPANY INC,,40,Financials,4020,Financial Services,402030,Capital Markets,40203010,Asset Management & Custody Banks,0.650,model+crosswalk,
KEIWF,KEIWA INC,,,,,,,,,,,,no_evidence
KELYA,Kelly Services Inc,7363,20,Industrials,2020,Commercial & Professional Services,202020,Professional Services,20202010,Human Resource & Employment Services,0.900,model+crosswalk,
KELYB,Kelly Services Inc,7363,20,Industrials,2020,Commercial & Professional Services,202020,Professional Services,20202010,Human Resource & Employment Services,0.900,model+crosswalk,
KEN,KENON HOLDINGS LTD.,,55,Utilities,5510,Utilities,551050,Independent Power and Renewable Electricity Producers,55105010,Independent Power Producers & Energy Traders,0.650,model+crosswalk,
KEQU,Kewaunee Scientific Corp,3821,25,Consumer Discretionary,2520,Consumer Durables & Apparel,252010,Household Durables,25201020,Home Furnishings,0.600,model+crosswalk,
KEX,Kirby Corporation,4400,20,Industrials,2030,Transportation,203030,Marine Transportation,20303010,Marine Transportation,0.900,model+crosswalk,
KEY,KeyCorp,6021,40,Financials,4010,Banks,401010,Banks,40101015,Regional Banks,0.900,model+crosswalk,
KEYS,"Keysight Technologies, Inc.",3823,45,Information Technology,4520,Technology Hardware & Equipment,452030,"Electronic Equipment, Instruments & Components",45203010,Electronic Equipment & Instruments,0.900,model+crosswalk,
KEYY,Keystone Acquisition Corp. Class A Ordinary Shares,6770,,,,,,,,,,,shell_company
KFFB,Kentucky First Federal Bancorp,6035,40,Financials,4010,Banks,401010,Banks,40101015,Regional Banks,0.900,model+crosswalk,
KFII,K&F Growth Acquisition Corp. II Class A Ordinary shares,6770,,,,,,,,,,,shell_company
KFRC,Kforce Inc.,7363,20,Industrials,2020,Commercial & Professional Services,202020,Professional Services,20202010,Human Resource & Employment Services,0.900,model+crosswalk,
KFY,Korn Ferry,7361,20,Industrials,2020,Commercial & Professional Services,202020,Professional Services,20202010,Human Resource & Employment Services,0.900,model+crosswalk,
KG,"Kestrel Group, Ltd.",6331,40,Financials,4030,Insurance,403010,Insurance,40301050,Reinsurance,0.750,yahoo+sic,
KGC,Kinross Gold Corporation,,15,Materials,1510,Materials,151040,Metals & Mining,15104030,Gold,0.650,model+crosswalk,
KGEI,Kolibri Global Energy Inc. Common Stock,,10,Energy,1010,Energy,101020,"Oil, Gas & Consumable Fuels",10102020,Oil & Gas Exploration & Production,0.786,model+crosswalk,
KGS,"Kodiak Gas Services, Inc.",4922,10,Energy,1010,Energy,101010,Energy Equipment & Services,10101020,Oil & Gas Equipment & Services,0.750,model+crosswalk,
KHC,The Kraft Heinz Company,2030,30,Consumer Staples,3020,"Food, Beverage & Tobacco",302020,Food Products,30202030,Packaged Foods & Meats,0.900,model+crosswalk,
KIDS,OrthoPediatrics Corp. Common Stock,3841,35,Health Care,3510,Health Care Equipment & Services,351010,Health Care Equipment & Supplies,35101010,Health Care Equipment,0.900,model+crosswalk,
KIDZ,KIDZ AI Inc. Class B Common Stock,8200,25,Consumer Discretionary,2530,Consumer Services,253020,Diversified Consumer Services,25302010,Education Services,0.900,model+crosswalk,
KIM,Kimco Realty Corp.,6798,60,Real Estate,6010,Equity Real Estate Investment Trusts (REITs),601070,Retail REITs,60107010,Retail REITs,0.750,model+crosswalk,
KINS,"Kingstone Companies, Inc.",6331,40,Financials,4030,Insurance,403010,Insurance,40301040,Property & Casualty Insurance,0.935,model+crosswalk,
KISB,KISH BANCORP INC,,40,Financials,4010,Banks,401010,Banks,40101015,Regional Banks,0.650,model+crosswalk,
KITT,"Nauticus Robotics, Inc. Common stock",3569,20,Industrials,2010,Capital Goods,201010,Aerospace & Defense,20101010,Aerospace & Defense,0.750,model+crosswalk,
KKR,KKR & Co. Inc.,6282,40,Financials,4020,Financial Services,402030,Capital Markets,40203010,Asset Management & Custody Banks,0.900,model+crosswalk,
KLAC,KLA Corporation Common Stock,3827,45,Information Technology,4530,Semiconductors & Semiconductor Equipment,453010,Semiconductors & Semiconductor Equipment,45301010,Semiconductor Materials & Equipment,0.900,model+crosswalk,
KLAR,Klarna Group plc,,40,Financials,4020,Financial Services,402010,Financial Services,40201060,Transaction & Payment Processing Services,0.650,model+crosswalk,
KLC,"KinderCare Learning Companies, Inc.",8351,25,Consumer Discretionary,2530,Consumer Services,253020,Diversified Consumer Services,25302010,Education Services,0.750,model+crosswalk,
KLIB,KILLBUCK BANCSHARES INC,,40,Financials,4010,Banks,401010,Banks,40101015,Regional Banks,0.650,model+crosswalk,
KLIC,Kulicke & Soffa Industries Inc,3674,45,Information Technology,4530,Semiconductors & Semiconductor Equipment,453010,Semiconductors & Semiconductor Equipment,45301010,Semiconductor Materials & Equipment,0.900,model+crosswalk,
KLRA,"Kailera Therapeutics, Inc. Common Stock",2834,35,Health Care,3520,"Pharmaceuticals, Biotechnology & Life Sciences",352010,Biotechnology,35201010,Biotechnology,0.900,model+crosswalk,
KLRS,"Kalaris Therapeutics, Inc. Common Stock",2836,35,Health Care,3520,"Pharmaceuticals, Biotechnology & Life Sciences",352010,Biotechnology,35201010,Biotechnology,0.900,model+crosswalk,
KLTR,"Kaltura, Inc. Common Stock",7372,45,Information Technology,4510,Software & Services,451030,Software,45103010,Application Software,0.900,model+crosswalk,
KLXE,"KLX Energy Services Holdings, Inc. Common Stock",1389,10,Energy,1010,Energy,101010,Energy Equipment & Services,10101020,Oil & Gas Equipment & Services,0.900,model+crosswalk,
KMB,Kimberly-Clark Corp.,2670,30,Consumer Staples,3030,Household & Personal Products,303020,Personal Care Products,30302010,Personal Care Products,0.600,model+crosswalk,
KMDA,Kamada Ltd,,35,Health Care,3520,"Pharmaceuticals, Biotechnology & Life Sciences",352020,Pharmaceuticals,35202010,Pharmaceuticals,0.650,model+crosswalk,
KMDHF,KOMEDA HLDGS CO LTD,,25,Consumer Discretionary,2530,Consumer Services,253010,"Hotels, Restaurants & Leisure",25301040,Restaurants,0.650,model+crosswalk,
KMFG,KEEMO FASHION GROUP LTD,,25,Consumer Discretionary,2550,Consumer Discretionary Distribution & Retail,255040,Specialty Retail,25504010,Apparel Retail,0.858,model+crosswalk,
KMI,"Kinder Morgan, Inc.",4922,10,Energy,1010,Energy,101020,"Oil, Gas & Consumable Fuels",10102040,Oil & Gas Storage & Transportation,0.924,model+crosswalk,
KMPR,Kemper Corporation,6331,40,Financials,4030,Insurance,403010,Insurance,40301040,Property & Casualty Insurance,0.900,model+crosswalk,
KMRK,K-Tech Solutions Company Limited Class A Ordinary Shares,,25,Consumer Discretionary,2520,Consumer Durables & Apparel,252020,Leisure Products,25202010,Leisure Products,0.650,model+crosswalk,
KMT,Kennametal Inc.,3541,20,Industrials,2010,Capital Goods,201060,Machinery,20106020,Industrial Machinery & Supplies & Components,0.900,model+crosswalk,
KMTS,"Kestra Medical Technologies, Ltd. Common Stock",3841,35,Health Care,3510,Health Care Equipment & Services,351010,Health Care Equipment & Supplies,35101010,Health Care Equipment,0.900,model+crosswalk,
KMX,CarMax Inc.,5500,25,Consumer Discretionary,2550,Consumer Discretionary Distribution & Retail,255040,Specialty Retail,25504050,Automotive Retail,0.900,model+crosswalk,
KN,KNOWLES CORPORATION,3651,45,Information Technology,4520,Technology Hardware & Equipment,452030,"Electronic Equipment, Instruments & Components",45203015,Electronic Components,0.600,yahoo,
KNDI,"Kandi Technologies Group, Inc. Ordinary Shares",,25,Consumer Discretionary,2520,Consumer Durables & Apparel,252020,Leisure Products,25202010,Leisure Products,0.650,model+crosswalk,
KNF,Knife River Corporation,1400,15,Materials,1510,Materials,151020,Construction Materials,15102010,Construction Materials,0.600,model+crosswalk,
KNNCF,KH NEOCHEM CO LTD,,15,Materials,1510,Materials,151010,Chemicals,15101010,Commodity Chemicals,0.650,model+crosswalk,
KNOIF,KONOIKE TRANSPORTATION CO,,20,Industrials,2030,Transportation,203010,Air Freight & Logistics,20301010,Air Freight & Logistics,0.945,model+crosswalk,
KNOP,KNOT OFFSHORE PARTNERS LP,,10,Energy,1010,Energy,101020,"Oil, Gas & Consumable Fuels",10102040,Oil & Gas Storage & Transportation,0.650,model+crosswalk,
KNOS,KRONOS ADVANCED TECHS INC,,20,Industrials,2010,Capital Goods,201060,Machinery,20106020,Industrial Machinery & Supplies & Components,0.650,yahoo,
KNRX,KNOREX LTD.,,45,Information Technology,4510,Software & Services,451030,Software,45103010,Application Software,0.650,model+crosswalk,
KNSA,"Kiniksa Pharmaceuticals International, plc Class A Ordinary Shares",2834,35,Health Care,3520,"Pharmaceuticals, Biotechnology & Life Sciences",352020,Pharmaceuticals,35202010,Pharmaceuticals,0.750,model+crosswalk,
KNSL,"Kinsale Capital Group, Inc.",6331,40,Financials,4030,Insurance,403010,Insurance,40301040,Property & Casualty Insurance,0.900,model+crosswalk,
KNTK,Kinetik Holdings Inc.,4922,10,Energy,1010,Energy,101020,"Oil, Gas & Consumable Fuels",10102040,Oil & Gas Storage & Transportation,0.900,model+crosswalk,
KNX,Knight-Swift Transportation Holdings Inc. Class A Common Stock,4213,20,Industrials,2030,Transportation,203040,Ground Transportation,20304030,Cargo Ground Transportation,0.900,model+crosswalk,
KO,Coca-Cola Company,2080,30,Consumer Staples,3020,"Food, Beverage & Tobacco",302010,Beverages,30201030,Soft Drinks & Non-alcoholic Beverages,0.900,model+crosswalk,
KOD,Kodiak Sciences Inc Common Stock,2836,35,Health Care,3520,"Pharmaceuticals, Biotechnology & Life Sciences",352010,Biotechnology,35201010,Biotechnology,0.900,model+crosswalk,
KODK,EASTMAN KODAK COMPANY,3861,20,Industrials,2020,Commercial & Professional Services,202010,Commercial Services & Supplies,20201070,Diversified Support Services,0.600,yahoo,
KOP,"Koppers Holdings, Inc.",2400,15,Materials,1510,Materials,151010,Chemicals,15101050,Specialty Chemicals,0.750,model+crosswalk,
KOPN,Kopin Corp,3674,45,Information Technology,4520,Technology Hardware & Equipment,452030,"Electronic Equipment, Instruments & Components",45203015,Electronic Components,0.700,yahoo+sic,
KOS,Kosmos Energy Ltd.,1311,10,Energy,1010,Energy,101020,"Oil, Gas & Consumable Fuels",10102020,Oil & Gas Exploration & Production,0.900,model+crosswalk,
KOSS,Koss Corp,3651,25,Consumer Discretionary,2520,Consumer Durables & Apparel,252010,Household Durables,25201010,Consumer Electronics,0.914,model+crosswalk,
KOYN,CSLM Digital Asset Acquisition Corp III Class A Ordinary Shares,6770,,,,,,,,,,,shell_company
KPEA,KUN PENG INTL LTD,,25,Consumer Discretionary,2550,Consumer Discretionary Distribution & Retail,255030,Broadline Retail,25503030,Broadline Retail,0.650,model+crosswalk,
KPET,KPET Ultra Paceline Corporation,6770,,,,,,,,,,,shell_company
KPLT,"Katapult Holdings, Inc. Common Stock",7359,40,Financials,4020,Financial Services,402010,Financial Services,40201060,Transaction & Payment Processing Services,0.600,yahoo,
KPRX,"Kiora Pharmaceuticals, Inc. Common Stock",2834,35,Health Care,3520,"Pharmaceuticals, Biotechnology & Life Sciences",352010,Biotechnology,35201010,Biotechnology,0.900,model+crosswalk,
KPTI,Karyopharm Therapeutics Inc.,2834,35,Health Care,3520,"Pharmaceuticals, Biotechnology & Life Sciences",352010,Biotechnology,35201010,Biotechnology,0.810,model+crosswalk,
KR,The Kroger Co.,5411,30,Consumer Staples,3010,Consumer Staples Distribution & Retail,301010,Consumer Staples Distribution & Retail,30101030,Food Retail,0.900,model+crosswalk,
KRAQ,KRAKacquisition Corp Class A Ordinary Shares,6770,,,,,,,,,,,shell_company
KRC,Kilroy Realty Corp.,6798,60,Real Estate,6010,Equity Real Estate Investment Trusts (REITs),601040,Office REITs,60104010,Office REITs,0.906,model+crosswalk,
KREF,KKR Real Estate Finance Trust Inc.,6798,40,Financials,4020,Financial Services,402040,Mortgage Real Estate Investment Trusts,40204010,Mortgage REITs,0.900,model+crosswalk,
KRFG,"KING RESOURCES, INC",,20,Industrials,2010,Capital Goods,201040,Electrical Equipment,20104010,Electrical Components & Equipment,0.687,model+crosswalk,
KRG,Kite Realty Group Trust,6798,60,Real Estate,6010,Equity Real Estate Investment Trusts (REITs),601070,Retail REITs,60107010,Retail REITs,0.900,model+crosswalk,
KRMD,"KORU Medical Systems, Inc. Common Stock (DE)",3841,35,Health Care,3510,Health Care Equipment & Services,351010,Health Care Equipment & Supplies,35101020,Health Care Supplies,0.900,model+crosswalk,
KRMN,Karman Holdings Inc.,3728,20,Industrials,2010,Capital Goods,201010,Aerospace & Defense,20101010,Aerospace & Defense,0.900,model+crosswalk,
KRNT,Kornit Digital Ltd.,,20,Industrials,2010,Capital Goods,201060,Machinery,20106020,Industrial Machinery & Supplies & Components,0.650,model+crosswalk,
KRNY,Kearny Financial Corporation,6035,40,Financials,4010,Banks,401010,Banks,40101015,Regional Banks,0.900,model+crosswalk,
KRO,"Kronos Worldwide, Inc.",2810,15,Materials,1510,Materials,151010,Chemicals,15101050,Specialty Chemicals,0.750,model+crosswalk,
KROS,"Keros Therapeutics, Inc. Common Stock",2834,35,Health Care,3520,"Pharmaceuticals, Biotechnology & Life Sciences",352010,Biotechnology,35201010,Biotechnology,0.900,model+crosswalk,
KRP,"Kimbell Royalty Partners, LP Common Units representing Limited Partner Interests",1311,10,Energy,1010,Energy,101020,"Oil, Gas & Consumable Fuels",10102020,Oil & Gas Exploration & Production,0.900,model+crosswalk,
KRRO,"Korro Bio, Inc. Common Stock",2834,35,Health Care,3520,"Pharmaceuticals, Biotechnology & Life Sciences",352010,Biotechnology,35201010,Biotechnology,0.900,model+crosswalk,
KRSA,"Korsana Biosciences, Inc. Common Stock",2834,35,Health Care,3520,"Pharmaceuticals, Biotechnology & Life Sciences",352010,Biotechnology,35201010,Biotechnology,0.900,model+crosswalk,
KRSP,Rice Acquisition Corporation 3,6770,,,,,,,,,,,shell_company
KRT,Karat Packaging Inc. Common Stock,3089,15,Materials,1510,Materials,151030,Containers & Packaging,15103020,Paper & Plastic Packaging Products & Materials,0.900,model+crosswalk,
KRUS,"Kura Sushi USA, Inc. Class A Common Stock",5812,25,Consumer Discretionary,2530,Consumer Services,253010,"Hotels, Restaurants & Leisure",25301040,Restaurants,0.900,model+crosswalk,
KRYS,"Krystal Biotech, Inc. Common Stock",2836,35,Health Care,3520,"Pharmaceuticals, Biotechnology & Life Sciences",352010,Biotechnology,35201010,Biotechnology,0.900,model+crosswalk,
KSBI,KS BANCORP INC,,40,Financials,4010,Banks,401010,Banks,40101015,Regional Banks,0.650,model+crosswalk,
KSCP,"Knightscope, Inc. Class A Common Stock",3669,20,Industrials,2020,Commercial & Professional Services,202010,Commercial Services & Supplies,20201080,Security & Alarm Services,0.600,yahoo,
KSS,Kohls Corporation,5311,25,Consumer Discretionary,2550,Consumer Discretionary Distribution & Retail,255030,Broadline Retail,25503030,Broadline Retail,0.900,model+crosswalk,
KSVRF,KSB SE & CO KGAA PREF RTS,,20,Industrials,2010,Capital Goods,201060,Machinery,20106020,Industrial Machinery & Supplies & Components,0.833,model+crosswalk,
KTB,"Kontoor Brands, Inc. Common Stock",2320,25,Consumer Discretionary,2520,Consumer Durables & Apparel,252030,"Textiles, Apparel & Luxury Goods",25203010,"Apparel, Accessories & Luxury Goods",0.900,model+crosswalk,
KTCC,KEY Tronic Corp,3672,45,Information Technology,4520,Technology Hardware & Equipment,452020,"Technology Hardware, Storage & Peripherals",45202030,"Technology Hardware, Storage & Peripherals",0.750,yahoo+sic,
KTDKF,KANTO DENKA KOGYO LTD,,,,,,,,,,,,no_evidence
KTHN,KATAHDIN BANKSHARES CORP,,40,Financials,4010,Banks,401010,Banks,40101015,Regional Banks,0.650,model+crosswalk,
KTOS,"Kratos Defense & Security Solutions, Inc.",3760,20,Industrials,2010,Capital Goods,201010,Aerospace & Defense,20101010,Aerospace & Defense,0.900,model+crosswalk,
KTTA,Pasithea Therapeutics Corp. Common Stock,2834,35,Health Care,3520,"Pharmaceuticals, Biotechnology & Life Sciences",352010,Biotechnology,35201010,Biotechnology,0.900,model+crosswalk,
KTWO,K2 Capital Acquisition Corporation Class A Ordinary Share,6770,,,,,,,,,,,shell_company
KULR,"KULR Technology Group, Inc.",3670,45,Information Technology,4520,Technology Hardware & Equipment,452030,"Electronic Equipment, Instruments & Components",45203015,Electronic Components,0.900,model+crosswalk,
KURA,"Kura Oncology, Inc.",2834,35,Health Care,3520,"Pharmaceuticals, Biotechnology & Life Sciences",352010,Biotechnology,35201010,Biotechnology,0.900,model+crosswalk,
KUST,"Kustom Entertainment, Inc. Common Stock",3663,50,Communication Services,5020,Media & Entertainment,502020,Entertainment,50202010,Movies & Entertainment,0.600,model+crosswalk,
KVHI,KVH Industries Inc,4899,50,Communication Services,5010,Telecommunication Services,501020,Wireless Telecommunication Services,50102010,Wireless Telecommunication Services,0.700,yahoo+sic,
KVUE,Kenvue Inc.,2844,30,Consumer Staples,3030,Household & Personal Products,303020,Personal Care Products,30302010,Personal Care Products,0.900,model+crosswalk,
KVYO,"Klaviyo, Inc.",7372,45,Information Technology,4510,Software & Services,451030,Software,45103010,Application Software,0.900,model+crosswalk,
KWIK,KWIKCLICK INC,,45,Information Technology,4510,Software & Services,451030,Software,45103010,Application Software,0.987,model+crosswalk,
KWM,"K Wave Media, Ltd. Ordinary Shares",,50,Communication Services,5020,Media & Entertainment,502020,Entertainment,50202010,Movies & Entertainment,0.650,model+crosswalk,
KWR,Quaker Houghton,2990,10,Energy,1010,Energy,101020,"Oil, Gas & Consumable Fuels",10102030,Oil & Gas Refining & Marketing,0.550,sic,
KWY,Kingsway Corporation,6331,40,Financials,4020,Financial Services,402030,Capital Markets,40203010,Asset Management & Custody Banks,0.700,yahoo+sic,
KXIN,Kaixin Holdings Ordinary Shares,5500,25,Consumer Discretionary,2550,Consumer Discretionary Distribution & Retail,255040,Specialty Retail,25504050,Automotive Retail,0.900,model+crosswalk,
KYBIF,KYB CORP,,,,,,,,,,,,no_evidence
KYIV,Kyivstar Group Ltd. Common Shares,,50,Communication Services,5010,Telecommunication Services,501020,Wireless Telecommunication Services,50102010,Wireless Telecommunication Services,0.650,yahoo,
KYMR,"Kymera Therapeutics, Inc. Common Stock",2836,35,Health Care,3520,"Pharmaceuticals, Biotechnology & Life Sciences",352010,Biotechnology,35201010,Biotechnology,0.900,model+crosswalk,
KYNB,"Kyntra Bio, Inc. Common Stock",2834,35,Health Care,3520,"Pharmaceuticals, Biotechnology & Life Sciences",352010,Biotechnology,35201010,Biotechnology,0.900,model+crosswalk,
KYTX,"Kyverna Therapeutics, Inc. Common Stock",2836,35,Health Care,3520,"Pharmaceuticals, Biotechnology & Life Sciences",352010,Biotechnology,35201010,Biotechnology,0.900,model+crosswalk,
L,Loews Corporation,6331,40,Financials,4030,Insurance,403010,Insurance,40301040,Property & Casualty Insurance,0.900,model+crosswalk,
LAB,Standard BioTools Inc. Common Stock,3826,35,Health Care,3510,Health Care Equipment & Services,351010,Health Care Equipment & Supplies,35101020,Health Care Supplies,0.700,yahoo+sic,
LABT,Lakewood-Amedex Biotherapeutics Inc. Common Stock,2834,35,Health Care,3520,"Pharmaceuticals, Biotechnology & Life Sciences",352010,Biotechnology,35201010,Biotechnology,0.900,model+crosswalk,
LAC,Lithium Americas Corp.,1000,15,Materials,1510,Materials,151040,Metals & Mining,15104020,Diversified Metals & Mining,0.900,model+crosswalk,
LAD,"Lithia Motors, Inc.",5500,25,Consumer Discretionary,2550,Consumer Discretionary Distribution & Retail,255040,Specialty Retail,25504050,Automotive Retail,0.900,model+crosswalk,
LADR,LADDER CAPITAL CORP,6798,40,Financials,4020,Financial Services,402040,Mortgage Real Estate Investment Trusts,40204010,Mortgage REITs,0.900,model+crosswalk,
LADX,LADRX CORPORATION,,35,Health Care,3520,"Pharmaceuticals, Biotechnology & Life Sciences",352010,Biotechnology,35201010,Biotechnology,0.650,model+crosswalk,
LAES,SEALSQ Corp Ordinary Shares,,45,Information Technology,4530,Semiconductors & Semiconductor Equipment,453010,Semiconductors & Semiconductor Equipment,45301020,Semiconductors,0.650,model+crosswalk,
LAFA,LaFayette Acquisition Corp. Ordinary Share,6770,,,,,,,,,,,shell_company
LAKE,Lakeland Industries Inc,3842,25,Consumer Discretionary,2520,Consumer Durables & Apparel,252030,"Textiles, Apparel & Luxury Goods",25203010,"Apparel, Accessories & Luxury Goods",0.600,model+crosswalk,
LAMR,Lamar Advertising Co,6798,60,Real Estate,6010,Equity Real Estate Investment Trusts (REITs),601080,Specialized REITs,60108010,Other Specialized REITs,0.750,model+crosswalk,
LAND,Gladstone Land Corporation,6798,60,Real Estate,6010,Equity Real Estate Investment Trusts (REITs),601080,Specialized REITs,60108010,Other Specialized REITs,0.900,model+crosswalk,
LANDO,Gladstone Land Corporation 6.00% Series B Cumulative Redeemable Preferred Stock,6798,,,,,,,,,,,not_common_equity
LANV,Lanvin Group Holdings Limited,,25,Consumer Discretionary,2520,Consumer Durables & Apparel,252030,"Textiles, Apparel & Luxury Goods",25203010,"Apparel, Accessories & Luxury Goods",0.650,model+crosswalk,
LAR,Lithium Argentina AG,,15,Materials,1510,Materials,151040,Metals & Mining,15104020,Diversified Metals & Mining,0.650,model+crosswalk,
LARK,Landmark Bancorp Inc,6021,40,Financials,4010,Banks,401010,Banks,40101015,Regional Banks,0.900,model+crosswalk,
LASE,Laser Photonics Corporation Common Stock,3690,20,Industrials,2010,Capital Goods,201010,Aerospace & Defense,20101010,Aerospace & Defense,0.600,yahoo,
LASR,"nLIGHT, Inc. Common Stock",3674,45,Information Technology,4530,Semiconductors & Semiconductor Equipment,453010,Semiconductors & Semiconductor Equipment,45301020,Semiconductors,0.900,model+crosswalk,
LATA,Galata Acquisition Corp. II Class A Ordinary Shares,6770,,,,,,,,,,,shell_company
LAUR,"Laureate Education, Inc. Common Stock",8200,25,Consumer Discretionary,2530,Consumer Services,253020,Diversified Consumer Services,25302010,Education Services,0.900,model+crosswalk,
LAW,"CS Disco, Inc.",7372,45,Information Technology,4510,Software & Services,451030,Software,45103010,Application Software,0.900,model+crosswalk,
LAZ,"Lazard, Inc.",6282,40,Financials,4020,Financial Services,402030,Capital Markets,40203010,Asset Management & Custody Banks,0.900,model+crosswalk,
LB,LandBridge Company LLC,6792,10,Energy,1010,Energy,101020,"Oil, Gas & Consumable Fuels",10102020,Oil & Gas Exploration & Production,0.900,model+crosswalk,
LBGJ,Li Bang International Corporation Inc. Class A Ordinary Shares,,20,Industrials,2010,Capital Goods,201060,Machinery,20106020,Industrial Machinery & Supplies & Components,0.650,model+crosswalk,
LBRT,Liberty Energy Inc.,1389,10,Energy,1010,Energy,101010,Energy Equipment & Services,10101020,Oil & Gas Equipment & Services,0.900,model+crosswalk,
LBRX,LB Pharmaceuticals Inc Common Stock,2834,35,Health Care,3520,"Pharmaceuticals, Biotechnology & Life Sciences",352010,Biotechnology,35201010,Biotechnology,0.900,model+crosswalk,
LBSR,LIBERTY STAR URANM METLS,,15,Materials,1510,Materials,151040,Metals & Mining,15104020,Diversified Metals & Mining,0.692,model+crosswalk,
LBTYA,Liberty Global Ltd. Class A Common Shares,4841,50,Communication Services,5010,Telecommunication Services,501020,Wireless Telecommunication Services,50102010,Wireless Telecommunication Services,0.700,yahoo+sic,
LBTYB,Liberty Global Ltd. Class B Common Shares,4841,50,Communication Services,5010,Telecommunication Services,501020,Wireless Telecommunication Services,50102010,Wireless Telecommunication Services,0.700,yahoo+sic,
LBTYK,Liberty Global Ltd. Class C Common Shares,4841,50,Communication Services,5010,Telecommunication Services,501020,Wireless Telecommunication Services,50102010,Wireless Telecommunication Services,0.700,yahoo+sic,
LCCC,Lakeshore Acquisition III Corp. Ordinary Shares,6770,,,,,,,,,,,shell_company
LCFY,Locafy Limited Ordinary Share,,50,Communication Services,5020,Media & Entertainment,502030,Interactive Media & Services,50203010,Interactive Media & Services,0.650,model+crosswalk,
LCID,"Lucid Group, Inc. Common Stock",3711,25,Consumer Discretionary,2510,Automobiles & Components,251020,Automobiles,25102010,Automobile Manufacturers,0.900,model+crosswalk,
LCII,LCI Industries,3714,25,Consumer Discretionary,2520,Consumer Durables & Apparel,252020,Leisure Products,25202010,Leisure Products,0.700,yahoo+sic,
LCLN,"Lincoln International, Inc.",6282,40,Financials,4020,Financial Services,402030,Capital Markets,40203020,Investment Banking & Brokerage,0.750,yahoo+sic,
LCNB,LCNB Corporation,6021,40,Financials,4010,Banks,401010,Banks,40101015,Regional Banks,0.900,model+crosswalk,
LCTX,"Lineage Cell Therapeutics, Inc.",2836,35,Health Care,3520,"Pharmaceuticals, Biotechnology & Life Sciences",352010,Biotechnology,35201010,Biotechnology,0.900,model+crosswalk,
LCUT,"Lifetime Brands, Inc.",3420,25,Consumer Discretionary,2520,Consumer Durables & Apparel,252010,Household Durables,25201050,Housewares & Specialties,0.600,yahoo,
LDDD,LONGDUODUO CO LTD,,35,Health Care,3520,"Pharmaceuticals, Biotechnology & Life Sciences",352030,Life Sciences Tools & Services,35203010,Life Sciences Tools & Services,0.650,model+crosswalk,
LDI,"loanDepot, Inc.",6199,40,Financials,4020,Financial Services,402010,Financial Services,40201050,Commercial & Residential Mortgage Finance,0.900,model+crosswalk,
LDOS,"Leidos Holdings, Inc.",7373,45,Information Technology,4510,Software & Services,451020,IT Services,45102010,IT Consulting & Other Services,0.900,model+crosswalk,
LDSN,LUDUSON G INC,,50,Communication Services,5020,Media & Entertainment,502020,Entertainment,50202010,Movies & Entertainment,0.921,model+crosswalk,
LE,"Lands' End, Inc. Common Stock",5651,25,Consumer Discretionary,2550,Consumer Discretionary Distribution & Retail,255040,Specialty Retail,25504010,Apparel Retail,0.900,model+crosswalk,
LEA,Lear Corporation,3714,25,Consumer Discretionary,2510,Automobiles & Components,251010,Automobile Components,25101010,Automotive Parts & Equipment,0.900,model+crosswalk,
LECO,Lincoln Electric Holdings Inc,3540,20,Industrials,2010,Capital Goods,201060,Machinery,20106020,Industrial Machinery & Supplies & Components,0.900,model+crosswalk,
LEDS,SemiLEDS Corporation,3674,45,Information Technology,4530,Semiconductors & Semiconductor Equipment,453010,Semiconductors & Semiconductor Equipment,45301020,Semiconductors,0.900,model+crosswalk,
LEE,"Lee Enterprises, Inc.",2711,50,Communication Services,5020,Media & Entertainment,502010,Media,50201040,Publishing,0.906,model+crosswalk,
LEGH,Legacy Housing Corporation Common Stock,2451,25,Consumer Discretionary,2520,Consumer Durables & Apparel,252010,Household Durables,25201030,Homebuilding,0.900,model+crosswalk,
LEGO,Legato Merger Corp. IV,6770,,,,,,,,,,,shell_company
LEN,Lennar Corporation Class A,1520,25,Consumer Discretionary,2520,Consumer Durables & Apparel,252010,Household Durables,25201030,Homebuilding,0.900,model+crosswalk,
LEN.B,Lennar Corporation Class B,1520,25,Consumer Discretionary,2520,Consumer Durables & Apparel,252010,Household Durables,25201030,Homebuilding,0.900,model+crosswalk,
LENZ,"LENZ Therapeutics, Inc. Common Stock",2836,35,Health Care,3520,"Pharmaceuticals, Biotechnology & Life Sciences",352010,Biotechnology,35201010,Biotechnology,0.900,model+crosswalk,
LESL,"Leslie's, Inc. Common Stock",5990,25,Consumer Discretionary,2550,Consumer Discretionary Distribution & Retail,255040,Specialty Retail,25504040,Other Specialty Retail,0.900,model+crosswalk,
LEU,Centrus Energy Corp.,1400,10,Energy,1010,Energy,101020,"Oil, Gas & Consumable Fuels",10102050,Coal & Consumable Fuels,0.600,model+crosswalk,
LEVI,Levi Strauss & Co. Class A Common Stock,2300,25,Consumer Discretionary,2520,Consumer Durables & Apparel,252030,"Textiles, Apparel & Luxury Goods",25203010,"Apparel, Accessories & Luxury Goods",0.900,model+crosswalk,
LEXX,Lexaria Bioscience Corp. Common Stock,2834,35,Health Care,3520,"Pharmaceuticals, Biotechnology & Life Sciences",352010,Biotechnology,35201010,Biotechnology,0.900,model+crosswalk,
LFAC,Leapfrog Acquisition Corporation Class A Ordinary Shares,6770,,,,,,,,,,,shell_company
LFCR,"Lifecore Biomedical, Inc. Common Stock",2834,35,Health Care,3520,"Pharmaceuticals, Biotechnology & Life Sciences",352020,Pharmaceuticals,35202010,Pharmaceuticals,0.900,model+crosswalk,
LFEV,LIFE ELECTRIC VEHICLES,,25,Consumer Discretionary,2520,Consumer Durables & Apparel,252020,Leisure Products,25202010,Leisure Products,0.650,model+crosswalk,
LFGP,LEDYARD FINCL GROUP INC,,40,Financials,4010,Banks,401010,Banks,40101015,Regional Banks,0.650,model+crosswalk,
LFMD,"LifeMD, Inc. Common Stock",8011,35,Health Care,3510,Health Care Equipment & Services,351020,Health Care Providers & Services,35102015,Health Care Services,0.750,model+crosswalk,
LFST,"LifeStance Health Group, Inc. Common Stock",8000,35,Health Care,3510,Health Care Equipment & Services,351020,Health Care Providers & Services,35102020,Health Care Facilities,0.750,yahoo+sic,
LFT,"Lument Finance Trust, Inc.",6798,40,Financials,4020,Financial Services,402040,Mortgage Real Estate Investment Trusts,40204010,Mortgage REITs,0.954,model+crosswalk,
LFTO,"Liftoff Mobile, Inc. Common Stock",7374,50,Communication Services,5020,Media & Entertainment,502010,Media,50201010,Advertising,0.750,model+crosswalk,
LFUS,Littelfuse Inc,3613,45,Information Technology,4520,Technology Hardware & Equipment,452030,"Electronic Equipment, Instruments & Components",45203015,Electronic Components,0.600,model+crosswalk,
LFVN,Lifevantage Corporation Common Stock (Delaware),2834,30,Consumer Staples,3020,"Food, Beverage & Tobacco",302020,Food Products,30202030,Packaged Foods & Meats,0.600,model+crosswalk,
LFWD,Lifeward Ltd. Ordinary Shares,3842,35,Health Care,3510,Health Care Equipment & Services,351010,Health Care Equipment & Supplies,35101010,Health Care Equipment,0.750,yahoo+sic,
LGCL,Lucas GC Limited Ordinary Shares,,45,Information Technology,4510,Software & Services,451030,Software,45103010,Application Software,0.650,model+crosswalk,
LGCY,Legacy Education Inc.,8200,25,Consumer Discretionary,2530,Consumer Services,253020,Diversified Consumer Services,25302010,Education Services,0.941,model+crosswalk,
LGIH,"LGI Homes, Inc.",1531,25,Consumer Discretionary,2520,Consumer Durables & Apparel,252010,Household Durables,25201030,Homebuilding,0.900,model+crosswalk,
LGL,"The LGL Group, Inc.",3679,45,Information Technology,4520,Technology Hardware & Equipment,452030,"Electronic Equipment, Instruments & Components",45203010,Electronic Equipment & Instruments,0.750,model+crosswalk,
LGMK,LOGICMARK INC,,35,Health Care,3510,Health Care Equipment & Services,351030,Health Care Technology,35103010,Health Care Technology,0.650,yahoo,
LGN,Legence Corp. Class A Common stock,1700,20,Industrials,2010,Capital Goods,201030,Construction & Engineering,20103010,Construction & Engineering,0.900,model+crosswalk,
LGNC,LOGAN CLAY PRODUCTS,,20,Industrials,2010,Capital Goods,201020,Building Products,20102010,Building Products,0.650,model+crosswalk,
LGND,Ligand Pharmaceuticals Inc.,2834,35,Health Care,3520,"Pharmaceuticals, Biotechnology & Life Sciences",352010,Biotechnology,35201010,Biotechnology,0.900,model+crosswalk,
LGO,Largo Inc. Common Shares,,15,Materials,1510,Materials,151040,Metals & Mining,15104020,Diversified Metals & Mining,0.650,model+crosswalk,
LGPS,LogProstyle Inc.,,20,Industrials,2010,Capital Goods,201050,Industrial Conglomerates,20105010,Industrial Conglomerates,0.650,yahoo,
LGVN,Longeveron Inc. Common Stock,2834,35,Health Care,3520,"Pharmaceuticals, Biotechnology & Life Sciences",352010,Biotechnology,35201010,Biotechnology,0.900,model+crosswalk,
LH,Labcorp Holdings Inc.,8071,35,Health Care,3520,"Pharmaceuticals, Biotechnology & Life Sciences",352030,Life Sciences Tools & Services,35203010,Life Sciences Tools & Services,0.900,model+crosswalk,
LHAI,Linkhome Holdings Inc. Common stock,6531,60,Real Estate,6020,Real Estate Management & Development,602010,Real Estate Management & Development,60201040,Real Estate Services,0.906,model+crosswalk,
LHSW,Lianhe Sowell International Group Ltd Class A Ordinary Shares,,45,Information Technology,4510,Software & Services,451030,Software,45103020,Systems Software,0.650,yahoo,
LHX,"L3Harris Technologies, Inc.",3812,20,Industrials,2010,Capital Goods,201010,Aerospace & Defense,20101010,Aerospace & Defense,0.900,model+crosswalk,
LICN,Lichen China Limited Class A Ordinary Shares,,20,Industrials,2020,Commercial & Professional Services,202010,Commercial Services & Supplies,20201070,Diversified Support Services,0.650,yahoo,
LIDR,"AEye, Inc. Class A Common Stock",3714,45,Information Technology,4510,Software & Services,451030,Software,45103020,Systems Software,0.600,yahoo,
LIEN,"Chicago Atlantic BDC, Inc. Common Stock",,40,Financials,4020,Financial Services,402030,Capital Markets,40203010,Asset Management & Custody Banks,0.650,model+crosswalk,
LIF,"Life360, Inc. Common Stock",7374,45,Information Technology,4510,Software & Services,451030,Software,45103010,Application Software,0.600,model+crosswalk,
LIFE,Ethos Technologies Inc. Class A Common Stock,6411,40,Financials,4030,Insurance,403010,Insurance,40301010,Insurance Brokers,0.900,model+crosswalk,
LIGA,LIG ASSETS INC,,50,Communication Services,5020,Media & Entertainment,502010,Media,50201010,Advertising,0.927,model+crosswalk,
LII,Lennox International Inc.,3585,20,Industrials,2010,Capital Goods,201020,Building Products,20102010,Building Products,0.900,model+crosswalk,
LILA,Liberty Latin America Ltd. Class A Common Stock,4841,50,Communication Services,5010,Telecommunication Services,501020,Wireless Telecommunication Services,50102010,Wireless Telecommunication Services,0.700,yahoo+sic,
LILAB,LIBERTY LATIN AMERICA B,,50,Communication Services,5010,Telecommunication Services,501010,Diversified Telecommunication Services,50101020,Integrated Telecommunication Services,0.650,yahoo,
LILAK,Liberty Latin America Ltd. Class C Common Stock,4841,50,Communication Services,5010,Telecommunication Services,501020,Wireless Telecommunication Services,50102010,Wireless Telecommunication Services,0.700,yahoo+sic,
LIME,"Neutron Holdings, Inc. Common Stock",7372,20,Industrials,2010,Capital Goods,201070,Trading Companies & Distributors,20107010,Trading Companies & Distributors,0.600,yahoo,
LIMN,"Liminatus Pharma, Inc. Class A Common Stock",2836,35,Health Care,3520,"Pharmaceuticals, Biotechnology & Life Sciences",352010,Biotechnology,35201010,Biotechnology,0.900,model+crosswalk,
LIN,Linde plc Ordinary Share,2810,15,Materials,1510,Materials,151010,Chemicals,15101040,Industrial Gases,0.941,model+crosswalk,
LINC,Lincoln Educational Services,8200,25,Consumer Discretionary,2530,Consumer Services,253020,Diversified Consumer Services,25302010,Education Services,0.900,model+crosswalk,
LIND,Lindblad Expeditions Holdings Inc. Common Stock,4700,25,Consumer Discretionary,2530,Consumer Services,253010,"Hotels, Restaurants & Leisure",25301020,"Hotels, Resorts & Cruise Lines",0.600,yahoo,
LINE,"Lineage, Inc. Common Stock",6798,60,Real Estate,6010,Equity Real Estate Investment Trusts (REITs),601025,Industrial REITs,60102510,Industrial REITs,0.900,model+crosswalk,
LINK,"Interlink Electronics, Inc. Common Stock",3577,45,Information Technology,4520,Technology Hardware & Equipment,452030,"Electronic Equipment, Instruments & Components",45203015,Electronic Components,0.750,model+crosswalk,
LINS,LIFE INS CO ALA,,40,Financials,4030,Insurance,403010,Insurance,40301020,Life & Health Insurance,0.650,model+crosswalk,
LINSA,LIFE INS CO ALA A,,40,Financials,4030,Insurance,403010,Insurance,40301020,Life & Health Insurance,0.650,model+crosswalk,
LION,Lionsgate Studios Corp.,7812,50,Communication Services,5020,Media & Entertainment,502020,Entertainment,50202010,Movies & Entertainment,0.652,model+crosswalk,
LIQT,"LiqTech International, Inc.",3590,20,Industrials,2010,Capital Goods,201060,Machinery,20106020,Industrial Machinery & Supplies & Components,0.900,model+crosswalk,
LITE,Lumentum Holdings Inc. Common Stock,3669,45,Information Technology,4520,Technology Hardware & Equipment,452010,Communications Equipment,45201020,Communications Equipment,0.900,model+crosswalk,
LITS,"Lite Strategy, Inc. Common Stock",2834,35,Health Care,3520,"Pharmaceuticals, Biotechnology & Life Sciences",352010,Biotechnology,35201010,Biotechnology,0.900,model+crosswalk,
LIVE,Live Ventures Inc,5900,25,Consumer Discretionary,2550,Consumer Discretionary Distribution & Retail,255040,Specialty Retail,25504030,Home Improvement Retail,0.750,yahoo+sic,
LIVG,LIVENTO GROUP INC,,45,Information Technology,4510,Software & Services,451030,Software,45103010,Application Software,0.935,model+crosswalk,
LIVN,LivaNova PLC Ordinary Shares,3845,35,Health Care,3510,Health Care Equipment & Services,351010,Health Care Equipment & Supplies,35101010,Health Care Equipment,0.900,model+crosswalk,
LKFN,Lakeland Financial Corp,6022,40,Financials,4010,Banks,401010,Banks,40101015,Regional Banks,0.900,model+crosswalk,
LKQ,LKQ Corporation,5010,25,Consumer Discretionary,2510,Automobiles & Components,251010,Automobile Components,25101010,Automotive Parts & Equipment,0.700,model+crosswalk,
LKSP,Lake Superior Acquisition Corp. Class A Ordinary Shares,6770,,,,,,,,,,,shell_company
LKTEF,LK TECHNOLOGY HLDGS LTD,,20,Industrials,2010,Capital Goods,201060,Machinery,20106020,Industrial Machinery & Supplies & Components,0.715,model+crosswalk,
LLY,Eli Lilly & Co.,2834,35,Health Care,3520,"Pharmaceuticals, Biotechnology & Life Sciences",352020,Pharmaceuticals,35202010,Pharmaceuticals,0.900,model+crosswalk,
LLYVA,"Liberty Live Holdings, Inc. Series A Liberty Live Group Common Stock",,50,Communication Services,5020,Media & Entertainment,502020,Entertainment,50202010,Movies & Entertainment,0.650,model+crosswalk,
LLYVK,"Liberty Live Holdings, Inc. Series C Liberty Live Group Common Stock",,50,Communication Services,5020,Media & Entertainment,502020,Entertainment,50202010,Movies & Entertainment,0.650,model+crosswalk,
LMAT,"LeMaitre Vascular, Inc.",3841,35,Health Care,3510,Health Care Equipment & Services,351010,Health Care Equipment & Supplies,35101020,Health Care Supplies,0.750,yahoo+sic,
LMB,"Limbach Holdings, Inc Common Stock",1700,20,Industrials,2010,Capital Goods,201020,Building Products,20102010,Building Products,0.750,yahoo+sic,
LMED,LATAMED AI CORP,,45,Information Technology,4510,Software & Services,451030,Software,45103010,Application Software,0.744,model+crosswalk,
LMND,"Lemonade, Inc.",6331,40,Financials,4030,Insurance,403010,Insurance,40301040,Property & Casualty Insurance,0.900,model+crosswalk,
LMNR,Limoneira Co,0100,30,Consumer Staples,3020,"Food, Beverage & Tobacco",302020,Food Products,30202010,Agricultural Products & Services,0.900,model+crosswalk,
LMRI,"Lumexa Imaging Holdings, Inc. Common Stock",8071,35,Health Care,3510,Health Care Equipment & Services,351010,Health Care Equipment & Supplies,35101010,Health Care Equipment,0.750,model+crosswalk,
LMT,Lockheed Martin Corp.,3760,20,Industrials,2010,Capital Goods,201010,Aerospace & Defense,20101010,Aerospace & Defense,0.900,model+crosswalk,
LNAI,Lunai Bioworks Inc. Common Stock,2834,35,Health Care,3520,"Pharmaceuticals, Biotechnology & Life Sciences",352010,Biotechnology,35201010,Biotechnology,0.900,model+crosswalk,
LNC,Lincoln National Corp.,6311,40,Financials,4030,Insurance,403010,Insurance,40301020,Life & Health Insurance,0.906,model+crosswalk,
LNG,Cheniere Energy Inc,4924,10,Energy,1010,Energy,101020,"Oil, Gas & Consumable Fuels",10102040,Oil & Gas Storage & Transportation,0.600,model+crosswalk,
LNKS,Linkers Industries Limited Class A Ordinary Shares,,20,Industrials,2010,Capital Goods,201040,Electrical Equipment,20104010,Electrical Components & Equipment,0.650,model+crosswalk,
LNN,Lindsay Corporation,3523,20,Industrials,2010,Capital Goods,201060,Machinery,20106015,Agricultural & Farm Machinery,0.900,model+crosswalk,
LNSR,"LENSAR, Inc. Common Stock",3841,35,Health Care,3510,Health Care Equipment & Services,351010,Health Care Equipment & Supplies,35101020,Health Care Supplies,0.900,model+crosswalk,
LNT,Alliant Energy Corporation Common Stock,4931,55,Utilities,5510,Utilities,551010,Electric Utilities,55101010,Electric Utilities,0.750,model+crosswalk,
LNTH,"Lantheus Holdings, Inc",2835,35,Health Care,3520,"Pharmaceuticals, Biotechnology & Life Sciences",352020,Pharmaceuticals,35202010,Pharmaceuticals,0.750,model+crosswalk,
LNZA,"LanzaTech Global, Inc. Common Stock",2860,20,Industrials,2020,Commercial & Professional Services,202010,Commercial Services & Supplies,20201050,Environmental & Facilities Services,0.600,yahoo,
LOAN,"Manhattan Bridge Capital, Inc",6798,40,Financials,4020,Financial Services,402040,Mortgage Real Estate Investment Trusts,40204010,Mortgage REITs,0.900,model+crosswalk,
LOAR,Loar Holdings Inc.,3728,20,Industrials,2010,Capital Goods,201010,Aerospace & Defense,20101010,Aerospace & Defense,0.900,model+crosswalk,
LOB,"Live Oak Bancshares, Inc.",6022,40,Financials,4010,Banks,401010,Banks,40101015,Regional Banks,0.900,model+crosswalk,
LOBO,LOBO TECHNOLOGIES LTD. Class A Ordinary Shares,,25,Consumer Discretionary,2510,Automobiles & Components,251020,Automobiles,25102010,Automobile Manufacturers,0.650,yahoo,
LOCL,Local Bounti Corporation,0100,30,Consumer Staples,3020,"Food, Beverage & Tobacco",302020,Food Products,30202010,Agricultural Products & Services,0.900,model+crosswalk,
LOCO,"El Pollo Loco Holdings, Inc.",5812,25,Consumer Discretionary,2530,Consumer Services,253010,"Hotels, Restaurants & Leisure",25301040,Restaurants,0.900,model+crosswalk,
LODE,Comstock Inc.,2860,15,Materials,1510,Materials,151040,Metals & Mining,15104040,Precious Metals & Minerals,0.750,yahoo+sic,
LOGI,Logitech International SA,3577,45,Information Technology,4520,Technology Hardware & Equipment,452020,"Technology Hardware, Storage & Peripherals",45202030,"Technology Hardware, Storage & Peripherals",0.900,model+crosswalk,
LONA,"LeonaBio, Inc. Common Stock",2836,35,Health Care,3520,"Pharmaceuticals, Biotechnology & Life Sciences",352010,Biotechnology,35201010,Biotechnology,0.900,model+crosswalk,
LOOP,"Loop Industries, Inc. Common Stock",2800,15,Materials,1510,Materials,151010,Chemicals,15101050,Specialty Chemicals,0.750,model+crosswalk,
LOPE,"Grand Canyon Education, Inc",8200,25,Consumer Discretionary,2530,Consumer Services,253020,Diversified Consumer Services,25302010,Education Services,0.900,model+crosswalk,
LOVE,The Lovesac Company Common Stock,5712,25,Consumer Discretionary,2520,Consumer Durables & Apparel,252010,Household Durables,25201020,Home Furnishings,0.700,model+crosswalk,
LOW,Lowe's Companies Inc.,5211,25,Consumer Discretionary,2550,Consumer Discretionary Distribution & Retail,255040,Specialty Retail,25504030,Home Improvement Retail,0.900,model+crosswalk,
LPA,Logistic Properties of the Americas,,60,Real Estate,6020,Real Estate Management & Development,602010,Real Estate Management & Development,60201030,Real Estate Development,0.650,model+crosswalk,
LPAA,Launch One Acquisition Corp. Class A Ordinary shares,6770,,,,,,,,,,,shell_company
LPBB,Launch Two Acquisition Corp. Class A Ordinary Shares,6770,,,,,,,,,,,shell_company
LPCN,Lipocine Inc.,2834,35,Health Care,3520,"Pharmaceuticals, Biotechnology & Life Sciences",352010,Biotechnology,35201010,Biotechnology,0.900,model+crosswalk,
LPCV,Launchpad Cadenza Acquisition Corp I Class A Ordinary Share,6770,,,,,,,,,,,shell_company
LPG,DORIAN LPG LTD,4412,10,Energy,1010,Energy,101020,"Oil, Gas & Consumable Fuels",10102040,Oil & Gas Storage & Transportation,0.600,yahoo,
LPLA,LPL Financial Holdings Inc.,6200,40,Financials,4020,Financial Services,402030,Capital Markets,40203010,Asset Management & Custody Banks,0.750,model+crosswalk,
LPSN,LivePerson Inc,7372,45,Information Technology,4510,Software & Services,451030,Software,45103010,Application Software,0.900,model+crosswalk,
LPTH,Lightpath Technologies Inc,3674,45,Information Technology,4520,Technology Hardware & Equipment,452030,"Electronic Equipment, Instruments & Components",45203015,Electronic Components,0.700,yahoo+sic,
LPX,Louisiana-Pacific Corp.,2400,20,Industrials,2010,Capital Goods,201020,Building Products,20102010,Building Products,0.600,model+crosswalk,
LPZHF,LOPEZ HOLDINGS CORP,,,,,,,,,,,,no_evidence
LQDA,Liquidia Corporation Common Stock,2834,35,Health Care,3520,"Pharmaceuticals, Biotechnology & Life Sciences",352020,Pharmaceuticals,35202010,Pharmaceuticals,0.750,model+crosswalk,
LQDT,"Liquidity Services, Inc.",7389,25,Consumer Discretionary,2550,Consumer Discretionary Distribution & Retail,255030,Broadline Retail,25503030,Broadline Retail,0.600,yahoo,
LRBI,LAKE RIDGE BANCORP INC,,40,Financials,4010,Banks,401010,Banks,40101015,Regional Banks,0.650,model+crosswalk,
LRCX,Lam Research Corp,3559,45,Information Technology,4530,Semiconductors & Semiconductor Equipment,453010,Semiconductors & Semiconductor Equipment,45301010,Semiconductor Materials & Equipment,0.900,model+crosswalk,
LRHC,La Rosa Holding Corp. Common Stock,6531,60,Real Estate,6020,Real Estate Management & Development,602010,Real Estate Management & Development,60201040,Real Estate Services,0.900,model+crosswalk,
LRMR,"Larimar Therapeutics, Inc. Common Stock",2834,35,Health Care,3520,"Pharmaceuticals, Biotechnology & Life Sciences",352010,Biotechnology,35201010,Biotechnology,0.900,model+crosswalk,
LRN,"Stride, Inc.",8200,25,Consumer Discretionary,2530,Consumer Services,253020,Diversified Consumer Services,25302010,Education Services,0.900,model+crosswalk,
LSAK,"Lesaka Technologies, Inc. Common Stock",6099,40,Financials,4020,Financial Services,402010,Financial Services,40201060,Transaction & Payment Processing Services,0.900,model+crosswalk,
LSBK,"Lake Shore Bancorp, Inc.",6035,40,Financials,4010,Banks,401010,Banks,40101015,Regional Banks,0.900,model+crosswalk,
LSCC,Lattice Semiconductor Corp,3674,45,Information Technology,4530,Semiconductors & Semiconductor Equipment,453010,Semiconductors & Semiconductor Equipment,45301020,Semiconductors,0.900,model+crosswalk,
LSE,"Leishen Energy Holding Co., Ltd. Class A Ordinary Shares",,10,Energy,1010,Energy,101010,Energy Equipment & Services,10101020,Oil & Gas Equipment & Services,0.670,model+crosswalk,
LSF,"Laird Superfood, Inc.",2000,30,Consumer Staples,3020,"Food, Beverage & Tobacco",302020,Food Products,30202030,Packaged Foods & Meats,0.961,model+crosswalk,
LSFG,LIFESTORE FINCL GRP INC,,40,Financials,4010,Banks,401010,Banks,40101015,Regional Banks,0.650,yahoo,
LSPD,Lightspeed Commerce Inc.,,45,Information Technology,4510,Software & Services,451030,Software,45103010,Application Software,0.650,model+crosswalk,
LSTA,"Lisata Therapeutics, Inc. Common Stock",2834,35,Health Care,3520,"Pharmaceuticals, Biotechnology & Life Sciences",352010,Biotechnology,35201010,Biotechnology,0.900,model+crosswalk,
LSTR,Landstar System Inc,4213,20,Industrials,2030,Transportation,203040,Ground Transportation,20304030,Cargo Ground Transportation,0.900,model+crosswalk,
LTBR,Lightbridge Corp.,2810,20,Industrials,2010,Capital Goods,201040,Electrical Equipment,20104010,Electrical Components & Equipment,0.600,model+crosswalk,
LTC,"LTC Properties, Inc.",6798,60,Real Estate,6010,Equity Real Estate Investment Trusts (REITs),601050,Health Care REITs,60105010,Health Care REITs,0.600,model+crosswalk,
LTCH,LATCH INC,,45,Information Technology,4510,Software & Services,451030,Software,45103010,Application Software,0.987,model+crosswalk,
LTGO,"Latigo Biotherapeutics, Inc. Common Stock",,35,Health Care,3520,"Pharmaceuticals, Biotechnology & Life Sciences",352010,Biotechnology,35201010,Biotechnology,0.650,model+crosswalk,
LTGR,Long Table Growth Corp. Class A Ordinary Shares,,,,,,,,,,,,shell_company
LTH,"Life Time Group Holdings, Inc.",7997,25,Consumer Discretionary,2520,Consumer Durables & Apparel,252020,Leisure Products,25202010,Leisure Products,0.700,model+crosswalk,
LTRN,Lantern Pharma Inc. Common Stock,2834,35,Health Care,3520,"Pharmaceuticals, Biotechnology & Life Sciences",352010,Biotechnology,35201010,Biotechnology,0.900,model+crosswalk,
LTRX,Lantronix Inc,3576,45,Information Technology,4520,Technology Hardware & Equipment,452010,Communications Equipment,45201020,Communications Equipment,0.900,model+crosswalk,
LUCD,Lucid Diagnostics Inc. Common Stock,3841,35,Health Care,3510,Health Care Equipment & Services,351010,Health Care Equipment & Supplies,35101010,Health Care Equipment,0.900,model+crosswalk,
LUCK,Lucky Strike Entertainment Corporation,7900,25,Consumer Discretionary,2530,Consumer Services,253010,"Hotels, Restaurants & Leisure",25301030,Leisure Facilities,0.600,yahoo,
LUCY,"Innovative Eyewear, Inc. Common Stock",3851,35,Health Care,3510,Health Care Equipment & Services,351010,Health Care Equipment & Supplies,35101020,Health Care Supplies,0.550,sic,
LUD,Luda Technology Group Limited,,15,Materials,1510,Materials,151040,Metals & Mining,15104050,Steel,0.650,model+crosswalk,
LULU,lululemon athletica inc.,2300,25,Consumer Discretionary,2550,Consumer Discretionary Distribution & Retail,255040,Specialty Retail,25504010,Apparel Retail,0.700,yahoo+sic,
LUMB,LUMBEE GUARANTY BK,,40,Financials,4010,Banks,401010,Banks,40101015,Regional Banks,0.650,model+crosswalk,
LUMN,"Lumen Technologies, Inc.",4813,50,Communication Services,5010,Telecommunication Services,501010,Diversified Telecommunication Services,50101010,Alternative Carriers,0.915,model+crosswalk,
LUNA,LUNA INNOVATIONS INC,,,,,,,,,,,,no_evidence
LUNG,Pulmonx Corporation Common Stock,3841,35,Health Care,3510,Health Care Equipment & Services,351010,Health Care Equipment & Supplies,35101010,Health Care Equipment,0.900,model+crosswalk,
LUNR,"Intuitive Machines, Inc. Class A Common Stock",3812,20,Industrials,2010,Capital Goods,201010,Aerospace & Defense,20101010,Aerospace & Defense,0.900,model+crosswalk,
LUV,Southwest Airlines Co.,4512,20,Industrials,2030,Transportation,203020,Passenger Airlines,20302010,Passenger Airlines,0.900,model+crosswalk,
LVLU,"Lulu's Fashion Lounge Holdings, Inc. Common Stock",5961,25,Consumer Discretionary,2550,Consumer Discretionary Distribution & Retail,255040,Specialty Retail,25504010,Apparel Retail,0.900,model+crosswalk,
LVO,"LiveOne, Inc. Common Stock",5812,50,Communication Services,5020,Media & Entertainment,502030,Interactive Media & Services,50203010,Interactive Media & Services,0.600,yahoo,
LVS,Las Vegas Sands Corp.,7011,25,Consumer Discretionary,2530,Consumer Services,253010,"Hotels, Restaurants & Leisure",25301020,"Hotels, Resorts & Cruise Lines",0.750,model+crosswalk,
LVWR,"LiveWire Group, Inc.",3751,25,Consumer Discretionary,2520,Consumer Durables & Apparel,252020,Leisure Products,25202010,Leisure Products,0.900,model+crosswalk,
LW,"Lamb Weston Holdings, Inc.",2030,30,Consumer Staples,3020,"Food, Beverage & Tobacco",302020,Food Products,30202030,Packaged Foods & Meats,0.900,model+crosswalk,
LWAC,LightWave Acquisition Corp. Class A Ordinary Shares,6770,,,,,,,,,,,shell_company
LWAY,Lifeway Foods Inc,2020,30,Consumer Staples,3020,"Food, Beverage & Tobacco",302020,Food Products,30202030,Packaged Foods & Meats,0.900,model+crosswalk,
LWCL,LEWIS & CLARK BANCORP,,40,Financials,4010,Banks,401010,Banks,40101015,Regional Banks,0.650,model+crosswalk,
LWLG,"Lightwave Logic, Inc. Common Stock",3080,15,Materials,1510,Materials,151010,Chemicals,15101050,Specialty Chemicals,0.750,model+crosswalk,
LXEO,"Lexeo Therapeutics, Inc. Common Stock",2836,35,Health Care,3520,"Pharmaceuticals, Biotechnology & Life Sciences",352010,Biotechnology,35201010,Biotechnology,0.900,model+crosswalk,
LXFR,Luxfer Holdings PLC Ordinary Shares,2810,20,Industrials,2010,Capital Goods,201010,Aerospace & Defense,20101010,Aerospace & Defense,0.600,yahoo,
LXP,LXP Industrial Trust,6798,60,Real Estate,6010,Equity Real Estate Investment Trusts (REITs),601025,Industrial REITs,60102510,Industrial REITs,0.900,model+crosswalk,
LXRX,"Lexicon Pharmaceuticals, Inc.",2834,35,Health Care,3520,"Pharmaceuticals, Biotechnology & Life Sciences",352010,Biotechnology,35201010,Biotechnology,0.900,model+crosswalk,
LXU,LSB INDUSTRIES INC,2810,15,Materials,1510,Materials,151010,Chemicals,15101030,Fertilizers & Agricultural Chemicals,0.750,yahoo+sic,
LYB,LyondellBasell Industries N.V. Class A,2860,15,Materials,1510,Materials,151010,Chemicals,15101050,Specialty Chemicals,0.750,model+crosswalk,
LYBC,LYONS BANCORP INC,,40,Financials,4010,Banks,401010,Banks,40101015,Regional Banks,0.650,model+crosswalk,
LYEL,"Lyell Immunopharma, Inc. Common Stock",2834,35,Health Care,3520,"Pharmaceuticals, Biotechnology & Life Sciences",352010,Biotechnology,35201010,Biotechnology,0.900,model+crosswalk,
LYFT,"Lyft, Inc. Class A Common Stock",7389,45,Information Technology,4510,Software & Services,451030,Software,45103010,Application Software,0.600,model+crosswalk,
LYNX,Lyntris Inc.,,20,Industrials,2010,Capital Goods,201010,Aerospace & Defense,20101010,Aerospace & Defense,0.650,model+crosswalk,
LYTHF,LYTUS TECHS HLDGS PTV,,45,Information Technology,4510,Software & Services,451030,Software,45103010,Application Software,0.767,model+crosswalk,
LYTS,LSI Industries Inc,3640,45,Information Technology,4520,Technology Hardware & Equipment,452030,"Electronic Equipment, Instruments & Components",45203015,Electronic Components,0.600,model+crosswalk,
LYV,Live Nation Entertainment Inc.,7900,50,Communication Services,5020,Media & Entertainment,502020,Entertainment,50202010,Movies & Entertainment,0.900,model+crosswalk,
LZ,"LegalZoom.com, Inc. Common Stock",7374,20,Industrials,2020,Commercial & Professional Services,202010,Commercial Services & Supplies,20201070,Diversified Support Services,0.600,yahoo,
LZB,La-Z-Boy Incorporated,2510,25,Consumer Discretionary,2520,Consumer Durables & Apparel,252010,Household Durables,25201020,Home Furnishings,0.900,model+crosswalk,
LZM,Lifezone Metals Limited,,15,Materials,1510,Materials,151040,Metals & Mining,15104020,Diversified Metals & Mining,0.650,model+crosswalk,
LZMH,LZ Technology Holdings Limited Class B Ordinary Shares,,40,Financials,4020,Financial Services,402010,Financial Services,40201060,Transaction & Payment Processing Services,0.650,yahoo,
M,Macy's Inc.,5311,25,Consumer Discretionary,2550,Consumer Discretionary Distribution & Retail,255030,Broadline Retail,25503030,Broadline Retail,0.900,model+crosswalk,
MA,Mastercard Incorporated,7389,40,Financials,4020,Financial Services,402010,Financial Services,40201060,Transaction & Payment Processing Services,0.900,model+crosswalk,
MAA,"Mid-America Apartment Communities, Inc.",6798,60,Real Estate,6010,Equity Real Estate Investment Trusts (REITs),601060,Residential REITs,60106010,Multi-Family Residential REITs,0.900,model+crosswalk,
MAAL,MARKETING ALLIANCE INC,,40,Financials,4030,Insurance,403010,Insurance,40301010,Insurance Brokers,0.650,model+crosswalk,
MAARF,QUANTS RESH INST HLDGS,,,,,,,,,,,,no_evidence
MAAS,Maase Inc. Class A Ordinary Shares,,45,Information Technology,4510,Software & Services,451020,IT Services,45102010,IT Consulting & Other Services,0.650,yahoo,
MAC,The Macerich Company,6798,60,Real Estate,6010,Equity Real Estate Investment Trusts (REITs),601070,Retail REITs,60107010,Retail REITs,0.900,model+crosswalk,
MACI,Melar Acquisition Corp. I Class A Ordinary Shares,7389,,,,,,,,,,,shell_company
MAGH,Magnitude International Ltd Ordinary Shares,,20,Industrials,2010,Capital Goods,201030,Construction & Engineering,20103010,Construction & Engineering,0.650,model+crosswalk,
MAGN,Magnera Corporation,2621,30,Consumer Staples,3030,Household & Personal Products,303020,Personal Care Products,30302010,Personal Care Products,0.600,model+crosswalk,
MAIA,"MAIA Biotechnology, Inc.",2834,35,Health Care,3520,"Pharmaceuticals, Biotechnology & Life Sciences",352010,Biotechnology,35201010,Biotechnology,0.900,model+crosswalk,
MAIN,Main Street Capital Corporation,,40,Financials,4020,Financial Services,402030,Capital Markets,40203010,Asset Management & Custody Banks,0.650,model+crosswalk,
MAIR,Madison Air Solutions Corporation,3564,20,Industrials,2010,Capital Goods,201020,Building Products,20102010,Building Products,0.750,model+crosswalk,
MAKO,Mako Mining Corp Common Stock,1040,15,Materials,1510,Materials,151040,Metals & Mining,15104030,Gold,0.900,model+crosswalk,
MAMA,"Mama's Creations, Inc. Common Stock",2013,30,Consumer Staples,3020,"Food, Beverage & Tobacco",302020,Food Products,30202030,Packaged Foods & Meats,0.900,model+crosswalk,
MAMK,MaxsMaking Inc. Class A Ordinary Shares,,20,Industrials,2010,Capital Goods,201050,Industrial Conglomerates,20105010,Industrial Conglomerates,0.650,yahoo,
MAMO,Massimo Group Common Stock,3790,25,Consumer Discretionary,2510,Automobiles & Components,251020,Automobiles,25102020,Motorcycle Manufacturers,0.600,yahoo,
MAN,ManpowerGroup,7363,20,Industrials,2020,Commercial & Professional Services,202020,Professional Services,20202010,Human Resource & Employment Services,0.900,model+crosswalk,
MANE,"Veradermics, Incorporated",2834,35,Health Care,3520,"Pharmaceuticals, Biotechnology & Life Sciences",352010,Biotechnology,35201010,Biotechnology,0.900,model+crosswalk,
MANH,Manhattan Associates Inc,7372,45,Information Technology,4510,Software & Services,451030,Software,45103010,Application Software,0.900,model+crosswalk,
MANU,MANCHESTER UNITED PLC,,50,Communication Services,5020,Media & Entertainment,502020,Entertainment,50202010,Movies & Entertainment,0.650,model+crosswalk,
MAR,Marriott International Class A Common Stock,7011,25,Consumer Discretionary,2530,Consumer Services,253010,"Hotels, Restaurants & Leisure",25301020,"Hotels, Resorts & Cruise Lines",0.900,model+crosswalk,
MARA,"MARA Holdings, Inc. Common Stock",6199,40,Financials,4020,Financial Services,402030,Capital Markets,40203020,Investment Banking & Brokerage,0.600,model+crosswalk,
MARK,REMARK HOLDINGS INC,,45,Information Technology,4510,Software & Services,451030,Software,45103020,Systems Software,0.650,model+crosswalk,
MARPS,Marine Petroleum Trust,6792,10,Energy,1010,Energy,101020,"Oil, Gas & Consumable Fuels",10102040,Oil & Gas Storage & Transportation,0.750,yahoo+sic,
MAS,Masco Corporation,3430,20,Industrials,2010,Capital Goods,201020,Building Products,20102010,Building Products,0.900,model+crosswalk,
MASK,3 E Network Technology Group Ltd Class A Ordinary Shares,,45,Information Technology,4510,Software & Services,451030,Software,45103010,Application Software,0.650,model+crosswalk,
MASS,908 Devices Inc. Common Stock,3829,35,Health Care,3510,Health Care Equipment & Services,351010,Health Care Equipment & Supplies,35101010,Health Care Equipment,0.600,model+crosswalk,
MAT,"Mattel, Inc.",3942,25,Consumer Discretionary,2520,Consumer Durables & Apparel,252020,Leisure Products,25202010,Leisure Products,0.900,model+crosswalk,
MATH,Metalpha Technology Holding Limited Ordinary Shares,,40,Financials,4020,Financial Services,402030,Capital Markets,40203040,Financial Exchanges & Data,0.650,yahoo,
MATV,"Mativ Holdings, Inc.",2621,15,Materials,1510,Materials,151010,Chemicals,15101050,Specialty Chemicals,0.750,model+crosswalk,
MATW,Matthews International Corp,3360,20,Industrials,2010,Capital Goods,201050,Industrial Conglomerates,20105010,Industrial Conglomerates,0.750,yahoo+sic,
MATX,"Matsons, Inc.",4400,20,Industrials,2030,Transportation,203030,Marine Transportation,20303010,Marine Transportation,0.900,model+crosswalk,
MAWAF,MARUWA CO LTD,,45,Information Technology,4520,Technology Hardware & Equipment,452030,"Electronic Equipment, Instruments & Components",45203015,Electronic Components,0.650,model+crosswalk,
MAX,"MediaAlpha, Inc.",7389,50,Communication Services,5020,Media & Entertainment,502030,Interactive Media & Services,50203010,Interactive Media & Services,0.600,yahoo,
MAYS,Mays (J.W.) Inc,6512,60,Real Estate,6020,Real Estate Management & Development,602010,Real Estate Management & Development,60201040,Real Estate Services,0.750,model+crosswalk,
MAZE,"Maze Therapeutics, Inc. Common Stock",2836,35,Health Care,3520,"Pharmaceuticals, Biotechnology & Life Sciences",352010,Biotechnology,35201010,Biotechnology,0.900,model+crosswalk,
MB,MasterBeef Group Ordinary Shares,,25,Consumer Discretionary,2530,Consumer Services,253010,"Hotels, Restaurants & Leisure",25301040,Restaurants,0.650,model+crosswalk,
MBAI,MBody AI Ltd. Ordinary Share,,45,Information Technology,4510,Software & Services,451030,Software,45103020,Systems Software,0.650,yahoo,
MBBC,"Marathon Bancorp, Inc. Common Stock",6036,40,Financials,4010,Banks,401010,Banks,40101015,Regional Banks,0.900,model+crosswalk,
MBC,"MasterBrand, Inc.",2511,20,Industrials,2010,Capital Goods,201020,Building Products,20102010,Building Products,0.600,yahoo,
MBDC,MASSACHUSETTS BUS DEV CRP,,40,Financials,4020,Financial Services,402020,Consumer Finance,40202010,Consumer Finance,0.650,model+crosswalk,
MBGL,Mobility Global Inc.,7389,45,Information Technology,4510,Software & Services,451030,Software,45103010,Application Software,0.600,yahoo,
MBI,MBIA Inc.,6351,40,Financials,4030,Insurance,403010,Insurance,40301040,Property & Casualty Insurance,0.900,model+crosswalk,
MBIN,Merchants Bancorp Common Stock,6022,40,Financials,4010,Banks,401010,Banks,40101015,Regional Banks,0.900,model+crosswalk,
MBINL,"Merchants Bancorp Depositary Shares, Each Representing a 1/40thInterest in a Share of 7.25% Fixed Rate Series E Non-CumulativePerpetual Preferred Stock, without par value",6022,,,,,,,,,,,not_common_equity
MBINM,"Merchants Bancorp Depositary Shares, Each Representing a 1/40th Interest in a Share of 8.25% Fixed-Rate Reset Series D Non-Cumulative Perpetual Preferred Stock",6022,,,,,,,,,,,not_common_equity
MBINN,Merchants Bancorp Depositary Shares Preferred Series C,6022,,,,,,,,,,,not_common_equity
MBIO,"Mustang Bio, Inc.",2834,35,Health Care,3520,"Pharmaceuticals, Biotechnology & Life Sciences",352010,Biotechnology,35201010,Biotechnology,0.900,model+crosswalk,
MBKL,MBT BANCSHARES INC,,40,Financials,4010,Banks,401010,Banks,40101015,Regional Banks,0.650,model+crosswalk,
MBLY,Mobileye Global Inc. Class A Common Stock,7372,25,Consumer Discretionary,2510,Automobiles & Components,251010,Automobile Components,25101010,Automotive Parts & Equipment,0.600,yahoo,
MBOT,"Microbot Medical, Inc. Common Stock",3841,35,Health Care,3510,Health Care Equipment & Services,351010,Health Care Equipment & Supplies,35101020,Health Care Supplies,0.900,model+crosswalk,
MBRX,"Moleculin Biotech, Inc.",2834,35,Health Care,3520,"Pharmaceuticals, Biotechnology & Life Sciences",352010,Biotechnology,35201010,Biotechnology,0.900,model+crosswalk,
MBUU,"Malibu Boats, Inc. Class A",3730,25,Consumer Discretionary,2520,Consumer Durables & Apparel,252020,Leisure Products,25202010,Leisure Products,0.600,model+crosswalk,
MBVI,M3-Brigade Acquisition VI Corp. Class A Ordinary Shares,6770,,,,,,,,,,,shell_company
MBWM,Mercantile Bank Corp,6022,40,Financials,4010,Banks,401010,Banks,40101015,Regional Banks,0.900,model+crosswalk,
MBX,"MBX Biosciences, Inc. Common Stock",2834,35,Health Care,3520,"Pharmaceuticals, Biotechnology & Life Sciences",352010,Biotechnology,35201010,Biotechnology,0.900,model+crosswalk,
MC,MOELIS & COMPANY,6282,40,Financials,4020,Financial Services,402030,Capital Markets,40203020,Investment Banking & Brokerage,0.750,yahoo+sic,
MCAH,Mountain Crest Acquisition 6 Corp. Ordinary Shares,6770,,,,,,,,,,,shell_company
MCAP,MCAP INC,,45,Information Technology,4510,Software & Services,451030,Software,45103010,Application Software,0.987,model+crosswalk,
MCB,"Metropolitan Bank Holding Corp. Common Stock, $0.01 par value per share",6022,40,Financials,4010,Banks,401010,Banks,40101015,Regional Banks,0.900,model+crosswalk,
MCBS,METROCITY BANKSHARES INC,6022,40,Financials,4010,Banks,401010,Banks,40101015,Regional Banks,0.900,model+crosswalk,
MCD,McDonald's Corporation,5812,25,Consumer Discretionary,2530,Consumer Services,253010,"Hotels, Restaurants & Leisure",25301040,Restaurants,0.900,model+crosswalk,
MCDIF,MCDERMOTT INTL LTD,,20,Industrials,2010,Capital Goods,201030,Construction & Engineering,20103010,Construction & Engineering,0.650,model+crosswalk,
MCEM,MONARCH CEMENT CO,,15,Materials,1510,Materials,151020,Construction Materials,15102010,Construction Materials,0.650,model+crosswalk,
MCFT,"MasterCraft Boat Holdings, Inc. Common Stock",3730,25,Consumer Discretionary,2520,Consumer Durables & Apparel,252020,Leisure Products,25202010,Leisure Products,0.600,model+crosswalk,
MCGA,Yorkville Acquisition Corp. Class A Ordinary Share,6199,,,,,,,,,,,shell_company
MCHB,Mechanics Bancorp Class A Common Stock,6022,40,Financials,4010,Banks,401010,Banks,40101015,Regional Banks,0.900,model+crosswalk,
MCHP,Microchip Technology Inc,3674,45,Information Technology,4530,Semiconductors & Semiconductor Equipment,453010,Semiconductors & Semiconductor Equipment,45301020,Semiconductors,0.900,model+crosswalk,
MCHPP,Microchip Technology Incorporated Depositary Shares Each Representing a 1/20th Interest in a Share of 7.50% Series A Mandatory Convertible Preferred Stock,3674,,,,,,,,,,,not_common_equity
MCHT,MAUCH CHUNK TR FINCL CORP,,40,Financials,4010,Banks,401010,Banks,40101015,Regional Banks,0.650,model+crosswalk,
MCHX,"Marchex, Inc. Class B",7372,50,Communication Services,5020,Media & Entertainment,502010,Media,50201010,Advertising,0.600,yahoo,
MCK,McKesson Corporation,5122,35,Health Care,3510,Health Care Equipment & Services,351020,Health Care Providers & Services,35102010,Health Care Distributors,0.908,model+crosswalk,
MCO,Moody's Corporation,7320,40,Financials,4020,Financial Services,402030,Capital Markets,40203040,Financial Exchanges & Data,0.600,model+crosswalk,
MCPB,MT CARMEL PUBLIC UTIL CO,,55,Utilities,5510,Utilities,551010,Electric Utilities,55101010,Electric Utilities,0.650,model+crosswalk,
MCPMF,MOCHIDA PHARM CO LTD,,,,,,,,,,,,no_evidence
MCRAA,MCRAE INDUS INC A,,25,Consumer Discretionary,2520,Consumer Durables & Apparel,252030,"Textiles, Apparel & Luxury Goods",25203020,Footwear,0.650,yahoo,
MCRAB,MCRAE INDUS INC B,,25,Consumer Discretionary,2520,Consumer Durables & Apparel,252030,"Textiles, Apparel & Luxury Goods",25203020,Footwear,0.650,yahoo,
MCRB,"Seres Therapeutics, Inc.",2834,35,Health Care,3520,"Pharmaceuticals, Biotechnology & Life Sciences",352010,Biotechnology,35201010,Biotechnology,0.900,model+crosswalk,
MCRI,Monarch Casino & Resort Inc,7011,25,Consumer Discretionary,2530,Consumer Services,253010,"Hotels, Restaurants & Leisure",25301020,"Hotels, Resorts & Cruise Lines",0.750,yahoo+sic,
MCRP,Micropolis AI Robotics,,45,Information Technology,4520,Technology Hardware & Equipment,452020,"Technology Hardware, Storage & Peripherals",45202030,"Technology Hardware, Storage & Peripherals",0.650,model+crosswalk,
MCS,The Marcus Corporation,7830,50,Communication Services,5020,Media & Entertainment,502020,Entertainment,50202010,Movies & Entertainment,0.900,model+crosswalk,
MCTA,Charming Medical Limited Class A Ordinary Shares,,35,Health Care,3510,Health Care Equipment & Services,351020,Health Care Providers & Services,35102020,Health Care Facilities,0.650,model+crosswalk,
MCY,Mercury General Corp.,6331,40,Financials,4030,Insurance,403010,Insurance,40301040,Property & Casualty Insurance,0.906,model+crosswalk,
MD,"Pediatrix Medical Group, Inc.",8060,35,Health Care,3510,Health Care Equipment & Services,351020,Health Care Providers & Services,35102020,Health Care Facilities,0.900,model+crosswalk,
MDA,MDA Space Ltd.,3760,20,Industrials,2010,Capital Goods,201010,Aerospace & Defense,20101010,Aerospace & Defense,0.900,model+crosswalk,
MDAI,"Spectral AI, Inc. Class A Common Stock",3841,35,Health Care,3510,Health Care Equipment & Services,351010,Health Care Equipment & Supplies,35101010,Health Care Equipment,0.900,model+crosswalk,
MDB,"MongoDB, Inc. Class A",7372,45,Information Technology,4510,Software & Services,451030,Software,45103020,Systems Software,0.750,yahoo+sic,
MDBH,"MDB Capital Holdings, LLC Class A common",6199,40,Financials,4020,Financial Services,402030,Capital Markets,40203020,Investment Banking & Brokerage,0.750,model+crosswalk,
MDCX,Medicus Pharma Ltd. Common Stock,2834,35,Health Care,3520,"Pharmaceuticals, Biotechnology & Life Sciences",352020,Pharmaceuticals,35202010,Pharmaceuticals,0.750,yahoo+sic,
MDGL,"Madrigal Pharmaceuticals, Inc. Common Stock",2834,35,Health Care,3520,"Pharmaceuticals, Biotechnology & Life Sciences",352010,Biotechnology,35201010,Biotechnology,0.900,model+crosswalk,
MDIA,Mediaco Holding Inc. Class A Common Stock,4832,50,Communication Services,5020,Media & Entertainment,502010,Media,50201020,Broadcasting,0.908,model+crosswalk,
MDLN,Medline Inc. Class A common stock,3841,35,Health Care,3510,Health Care Equipment & Services,351010,Health Care Equipment & Supplies,35101020,Health Care Supplies,0.750,model+crosswalk,
MDLZ,"Mondelez International, Inc. Class A",2000,30,Consumer Staples,3020,"Food, Beverage & Tobacco",302020,Food Products,30202030,Packaged Foods & Meats,0.900,model+crosswalk,
MDOUF,MAISONS DU MONDE SA,,25,Consumer Discretionary,2550,Consumer Discretionary Distribution & Retail,255040,Specialty Retail,25504030,Home Improvement Retail,0.650,model+crosswalk,
MDRR,"Medalist Diversified, Inc. Common Stock",6798,60,Real Estate,6020,Real Estate Management & Development,602010,Real Estate Management & Development,60201040,Real Estate Services,0.700,yahoo+sic,
MDRX,VERADIGM INC,,35,Health Care,3510,Health Care Equipment & Services,351030,Health Care Technology,35103010,Health Care Technology,0.650,yahoo,
MDT,Medtronic plc,3845,35,Health Care,3510,Health Care Equipment & Services,351010,Health Care Equipment & Supplies,35101010,Health Care Equipment,0.900,model+crosswalk,
MDU,"MDU Resources Group, Inc.",1400,55,Utilities,5510,Utilities,551020,Gas Utilities,55102010,Gas Utilities,0.600,model+crosswalk,
MDVT,MIDDLEBURY NATL CORP,,40,Financials,4010,Banks,401010,Banks,40101015,Regional Banks,0.650,model+crosswalk,
MDWD,MediWound Ltd.,,35,Health Care,3520,"Pharmaceuticals, Biotechnology & Life Sciences",352010,Biotechnology,35201010,Biotechnology,0.650,model+crosswalk,
MDXG,"MiMedx Group, Inc",3841,35,Health Care,3520,"Pharmaceuticals, Biotechnology & Life Sciences",352010,Biotechnology,35201010,Biotechnology,0.700,yahoo+sic,
MDXH,MDxHealth SA Ordinary Shares,,35,Health Care,3520,"Pharmaceuticals, Biotechnology & Life Sciences",352030,Life Sciences Tools & Services,35203010,Life Sciences Tools & Services,0.650,model+crosswalk,
MEC,"Mayville Engineering Company, Inc.",3460,20,Industrials,2010,Capital Goods,201060,Machinery,20106020,Industrial Machinery & Supplies & Components,0.900,model+crosswalk,
MED,"Medifast, Inc.",2090,25,Consumer Discretionary,2530,Consumer Services,253020,Diversified Consumer Services,25302020,Specialized Consumer Services,0.600,yahoo,
MEDP,"Medpace Holdings, Inc. Common Stock",8731,35,Health Care,3510,Health Care Equipment & Services,351020,Health Care Providers & Services,35102015,Health Care Services,0.700,yahoo+sic,
MEDS,"DataMeds AI, Inc. Common Stock",5122,35,Health Care,3510,Health Care Equipment & Services,351020,Health Care Providers & Services,35102010,Health Care Distributors,0.900,model+crosswalk,
MEGH,MW INVESTMENT HOLDING GRP,,20,Industrials,2010,Capital Goods,201060,Machinery,20106020,Industrial Machinery & Supplies & Components,0.650,model+crosswalk,
MEGL,Magic Empire Global Limited Class A Ordinary Shares,,40,Financials,4020,Financial Services,402030,Capital Markets,40203020,Investment Banking & Brokerage,0.650,model+crosswalk,
MEI,Methode Electronics,3678,45,Information Technology,4520,Technology Hardware & Equipment,452030,"Electronic Equipment, Instruments & Components",45203015,Electronic Components,0.900,model+crosswalk,
MELHF,BUFFALO INC,,,,,,,,,,,,no_evidence
MELI,"Mercado Libre, Inc",7389,25,Consumer Discretionary,2550,Consumer Discretionary Distribution & Retail,255030,Broadline Retail,25503030,Broadline Retail,0.600,yahoo,
MENS,Jyong Biotech Ltd. Ordinary Shares,,35,Health Care,3520,"Pharmaceuticals, Biotechnology & Life Sciences",352010,Biotechnology,35201010,Biotechnology,0.650,model+crosswalk,
MEOH,Methanex Corp,,15,Materials,1510,Materials,151010,Chemicals,15101010,Commodity Chemicals,0.650,model+crosswalk,
MERC,Mercer International Inc,2611,15,Materials,1510,Materials,151050,Paper & Forest Products,15105020,Paper Products,0.929,model+crosswalk,
MERFF,MERAFE RESOURCES LTD,,,,,,,,,,,,no_evidence
MESH,Meshflow Acquisition Corp. Class A Ordinary Shares,6770,,,,,,,,,,,shell_company
MET,"MetLife, Inc.",6311,40,Financials,4030,Insurance,403010,Insurance,40301020,Life & Health Insurance,0.900,model+crosswalk,
META,"Meta Platforms, Inc. Class A Common Stock",7370,50,Communication Services,5020,Media & Entertainment,502030,Interactive Media & Services,50203010,Interactive Media & Services,0.900,model+crosswalk,
METC,"Ramaco Resources, Inc. Class A Common Stock",1220,15,Materials,1510,Materials,151040,Metals & Mining,15104050,Steel,0.900,model+crosswalk,
METCB,"Ramaco Resources, Inc. Class B Common Stock",1220,15,Materials,1510,Materials,151040,Metals & Mining,15104050,Steel,0.900,model+crosswalk,
METCI,"Ramaco Resources, Inc. 8.250% Senior Notes due 2030",1220,,,,,,,,,,,not_common_equity
METCZ,"Ramaco Resources, Inc. 8.375% Senior Notes due 2029",1220,,,,,,,,,,,not_common_equity
MEVO,M Evo Global Acquisition Corp II Class A Ordinary Shares,6770,,,,,,,,,,,shell_company
MF,MindForge Inc. Class A Ordinary Shares,,50,Communication Services,5020,Media & Entertainment,502010,Media,50201010,Advertising,0.650,model+crosswalk,
MFA,"MFA Financial, Inc",6798,40,Financials,4020,Financial Services,402040,Mortgage Real Estate Investment Trusts,40204010,Mortgage REITs,0.900,model+crosswalk,
MFBP,M&F BANCORP INC,,40,Financials,4010,Banks,401010,Banks,40101015,Regional Banks,0.650,model+crosswalk,
MFC,Manulife Financial Corp.,,40,Financials,4030,Insurance,403010,Insurance,40301020,Life & Health Insurance,0.650,model+crosswalk,
MFGI,MERCHANTS FINCL GRP INC,,40,Financials,4010,Banks,401010,Banks,40101015,Regional Banks,0.650,yahoo,
MFI,mF International Limited Class A Ordinary Shares,,45,Information Technology,4510,Software & Services,451030,Software,45103010,Application Software,0.650,model+crosswalk,
MFIC,MidCap Financial Investment Corporation Common Stock,,40,Financials,4020,Financial Services,402030,Capital Markets,40203010,Asset Management & Custody Banks,0.650,model+crosswalk,
MFICL,MidCap Financial Investment Corporation 8.00% Notes due 2028,,,,,,,,,,,,not_common_equity
MFIN,Medallion Financial Corp,6199,40,Financials,4020,Financial Services,402020,Consumer Finance,40202010,Consumer Finance,0.750,model+crosswalk,
MFP,"Midera Food Processing, Inc. Common Stock",3580,20,Industrials,2010,Capital Goods,201060,Machinery,20106020,Industrial Machinery & Supplies & Components,0.900,model+crosswalk,
MG,Mistras Group Inc.,8711,20,Industrials,2020,Commercial & Professional Services,202010,Commercial Services & Supplies,20201080,Security & Alarm Services,0.700,yahoo+sic,
MGA,Magna International,,25,Consumer Discretionary,2510,Automobiles & Components,251010,Automobile Components,25101010,Automotive Parts & Equipment,0.650,model+crosswalk,
MGAG,MORTGAGE OIL CORP,,60,Real Estate,6020,Real Estate Management & Development,602010,Real Estate Management & Development,60201040,Real Estate Services,0.650,model+crosswalk,
MGAM,MOBILE GLOBAL ESPORTS INC,,50,Communication Services,5020,Media & Entertainment,502020,Entertainment,50202020,Interactive Home Entertainment,0.650,model+crosswalk,
MGEE,MGE Energy Inc,4900,55,Utilities,5510,Utilities,551010,Electric Utilities,55101010,Electric Utilities,0.750,model+crosswalk,
MGIH,Millennium Group International Holdings Limited Ordinary Shares,,15,Materials,1510,Materials,151030,Containers & Packaging,15103020,Paper & Plastic Packaging Products & Materials,0.650,model+crosswalk,
MGLD,"The Marygold Companies, Inc.",6199,40,Financials,4020,Financial Services,402030,Capital Markets,40203010,Asset Management & Custody Banks,0.750,model+crosswalk,
MGM,MGM RESORTS INTERNATIONAL,7011,25,Consumer Discretionary,2530,Consumer Services,253010,"Hotels, Restaurants & Leisure",25301020,"Hotels, Resorts & Cruise Lines",0.900,model+crosswalk,
MGN,Megan Holdings Limited Class A Ordinary Shares,,20,Industrials,2010,Capital Goods,201030,Construction & Engineering,20103010,Construction & Engineering,0.650,model+crosswalk,
MGNI,"Magnite, Inc. Common Stock",7370,50,Communication Services,5020,Media & Entertainment,502010,Media,50201010,Advertising,0.600,model+crosswalk,
MGNX,"MacroGenics, Inc.",2834,35,Health Care,3520,"Pharmaceuticals, Biotechnology & Life Sciences",352010,Biotechnology,35201010,Biotechnology,0.900,model+crosswalk,
MGOYF,MITACHI CO LTD,,,,,,,,,,,,no_evidence
MGPI,MGP Ingredients Inc,5180,30,Consumer Staples,3020,"Food, Beverage & Tobacco",302010,Beverages,30201020,Distillers & Vintners,0.700,model+crosswalk,
MGRC,Mcgrath Rentcorp,7359,20,Industrials,2010,Capital Goods,201070,Trading Companies & Distributors,20107010,Trading Companies & Distributors,0.900,model+crosswalk,
MGRT,Mega Fortune Company Limited Ordinary Shares,,45,Information Technology,4510,Software & Services,451020,IT Services,45102010,IT Consulting & Other Services,0.650,model+crosswalk,
MGRX,"Mangoceuticals, Inc. Common Stock",8090,35,Health Care,3510,Health Care Equipment & Services,351020,Health Care Providers & Services,35102015,Health Care Services,0.900,model+crosswalk,
MGTX,MeiraGTx Holdings plc Ordinary Shares,2836,35,Health Care,3520,"Pharmaceuticals, Biotechnology & Life Sciences",352010,Biotechnology,35201010,Biotechnology,0.900,model+crosswalk,
MGX,"Metagenomi Therapeutics, Inc. Common Stock",2836,35,Health Care,3520,"Pharmaceuticals, Biotechnology & Life Sciences",352010,Biotechnology,35201010,Biotechnology,0.900,model+crosswalk,
MGY,Magnolia Oil & Gas Corporation Class A Common Stock,1311,10,Energy,1010,Energy,101020,"Oil, Gas & Consumable Fuels",10102020,Oil & Gas Exploration & Production,0.918,model+crosswalk,
MGYR,"Magyar Bancorp, Inc.",6035,40,Financials,4010,Banks,401010,Banks,40101015,Regional Banks,0.900,model+crosswalk,
MH,"McGraw Hill, Inc.",2741,25,Consumer Discretionary,2530,Consumer Services,253020,Diversified Consumer Services,25302010,Education Services,0.600,model+crosswalk,
MHGU,MERITAGE HOSPTLTY GRP INC,,25,Consumer Discretionary,2530,Consumer Services,253010,"Hotels, Restaurants & Leisure",25301040,Restaurants,0.650,model+crosswalk,
MHH,"Mastech Digital, Inc.",8742,20,Industrials,2020,Commercial & Professional Services,202020,Professional Services,20202010,Human Resource & Employment Services,0.750,model+crosswalk,
MHHC,MHHC ENTERPRISES INC,,20,Industrials,2020,Commercial & Professional Services,202010,Commercial Services & Supplies,20201070,Diversified Support Services,0.650,yahoo,
MHK,"Mohawk Industries, Inc.",2273,20,Industrials,2010,Capital Goods,201020,Building Products,20102010,Building Products,0.600,yahoo,
MHO,"M/I Homes, Inc.",1531,25,Consumer Discretionary,2520,Consumer Durables & Apparel,252010,Household Durables,25201030,Homebuilding,0.922,model+crosswalk,
MHTCF,MITSUI HIGHTEC INC,,45,Information Technology,4530,Semiconductors & Semiconductor Equipment,453010,Semiconductors & Semiconductor Equipment,45301020,Semiconductors,0.650,model+crosswalk,
MI,NFT Limited,,25,Consumer Discretionary,2550,Consumer Discretionary Distribution & Retail,255030,Broadline Retail,25503030,Broadline Retail,0.650,yahoo,
MIAC,Meridian3 Industrials Aquisition Corp Class A Ordinary Shares,6770,,,,,,,,,,,shell_company
MIAX,"Miami International Holdings, Inc.",6211,40,Financials,4020,Financial Services,402030,Capital Markets,40203040,Financial Exchanges & Data,0.900,model+crosswalk,
MICC,The Magnum Ice Cream Company N.V.,,30,Consumer Staples,3020,"Food, Beverage & Tobacco",302020,Food Products,30202030,Packaged Foods & Meats,0.650,model+crosswalk,
MIDD,Middleby Corp,3580,20,Industrials,2010,Capital Goods,201060,Machinery,20106020,Industrial Machinery & Supplies & Components,0.900,model+crosswalk,
MIFTF,MILLENNIUM FD TECH UT NEW,,,,,,,,,,,,no_evidence
MIMI,Mint Incorporation Limited Class A Ordinary Shares,,20,Industrials,2010,Capital Goods,201030,Construction & Engineering,20103010,Construction & Engineering,0.650,model+crosswalk,
MIND,"MIND Technology, Inc. Common Stock (DE)",3812,45,Information Technology,4520,Technology Hardware & Equipment,452030,"Electronic Equipment, Instruments & Components",45203010,Electronic Equipment & Instruments,0.600,yahoo,
MINE,Mayfair Gold Corp.,1000,15,Materials,1510,Materials,151040,Metals & Mining,15104030,Gold,0.900,model+crosswalk,
MIR,"Mirion Technologies, Inc.",3829,20,Industrials,2010,Capital Goods,201010,Aerospace & Defense,20101010,Aerospace & Defense,0.600,yahoo,
MIRA,"MIRA Pharmaceuticals, Inc. Common Stock",2834,35,Health Care,3520,"Pharmaceuticals, Biotechnology & Life Sciences",352020,Pharmaceuticals,35202010,Pharmaceuticals,0.750,yahoo+sic,
MIRM,"Mirum Pharmaceuticals, Inc. Common Stock",2834,35,Health Care,3520,"Pharmaceuticals, Biotechnology & Life Sciences",352010,Biotechnology,35201010,Biotechnology,0.900,model+crosswalk,
MIST,Milestone Pharmaceuticals Inc. Common Shares,2834,35,Health Care,3520,"Pharmaceuticals, Biotechnology & Life Sciences",352010,Biotechnology,35201010,Biotechnology,0.900,model+crosswalk,
MITK,"Mitek Systems, Inc.",3577,45,Information Technology,4510,Software & Services,451030,Software,45103010,Application Software,0.700,model+crosswalk,
MITQ,"Moving iMage Technologies, Inc.",3861,45,Information Technology,4520,Technology Hardware & Equipment,452010,Communications Equipment,45201020,Communications Equipment,0.750,model+crosswalk,
MITT,"TPG Mortgage Investment Trust, Inc.",6798,,,,,,,,,,,not_common_equity
MKC,"McCormick & Company, Incorporated Non-VTG CS",2090,30,Consumer Staples,3020,"Food, Beverage & Tobacco",302020,Food Products,30202030,Packaged Foods & Meats,0.900,model+crosswalk,
MKC.V,"McCormick & Company, Incorporated Voting CS",2090,30,Consumer Staples,3020,"Food, Beverage & Tobacco",302020,Food Products,30202030,Packaged Foods & Meats,0.900,model+crosswalk,
MKDW,MKDWELL Tech Inc. Ordinary Share,,25,Consumer Discretionary,2510,Automobiles & Components,251010,Automobile Components,25101010,Automotive Parts & Equipment,0.650,model+crosswalk,
MKL,Markel Group Inc.,6331,40,Financials,4030,Insurance,403010,Insurance,40301040,Property & Casualty Insurance,0.942,model+crosswalk,
MKLY,McKinley Acquisition Corporation Class A Ordinary Shares,6770,,,,,,,,,,,shell_company
MKSI,MKS Inc. Common Stock,3823,45,Information Technology,4520,Technology Hardware & Equipment,452030,"Electronic Equipment, Instruments & Components",45203010,Electronic Equipment & Instruments,0.900,model+crosswalk,
MKTW,"MarketWise, Inc. Class A Common Stock",7372,40,Financials,4020,Financial Services,402030,Capital Markets,40203040,Financial Exchanges & Data,0.600,yahoo,
MKTX,MarketAxess Holdings Inc.,6211,40,Financials,4020,Financial Services,402030,Capital Markets,40203020,Investment Banking & Brokerage,0.900,model+crosswalk,
MKZR,"MacKenzie Realty Capital, Inc. Common Stock",6798,60,Real Estate,6010,Equity Real Estate Investment Trusts (REITs),601010,Diversified REITs,60101010,Diversified REITs,0.900,model+crosswalk,
MLAA,Mountain Lake Acquisition Corp. II Class A Ordinary Shares,6770,,,,,,,,,,,shell_company
MLAB,Mesa Laboratories Inc,3823,35,Health Care,3520,"Pharmaceuticals, Biotechnology & Life Sciences",352030,Life Sciences Tools & Services,35203010,Life Sciences Tools & Services,0.600,yahoo,
MLCI,Mount Logan Capital Inc. Common Stock,6282,40,Financials,4020,Financial Services,402030,Capital Markets,40203010,Asset Management & Custody Banks,0.900,model+crosswalk,
MLCIL,Mount Logan Capital Inc. 8.00% Notes Due 2031,6282,,,,,,,,,,,not_common_equity
MLEC,Moolec Science SA Ordinary Shares,,35,Health Care,3520,"Pharmaceuticals, Biotechnology & Life Sciences",352010,Biotechnology,35201010,Biotechnology,0.650,model+crosswalk,
MLGF,MALAGA FINANCIAL CORP,,40,Financials,4010,Banks,401010,Banks,40101015,Regional Banks,0.703,model+crosswalk,
MLGO,"MicroAlgo, Inc. Ordinary Shares",7371,45,Information Technology,4510,Software & Services,451030,Software,45103020,Systems Software,0.750,yahoo+sic,
MLI,"Mueller Industries, Inc.",3350,20,Industrials,2010,Capital Goods,201060,Machinery,20106020,Industrial Machinery & Supplies & Components,0.600,model+crosswalk,
MLKN,"MillerKnoll, Inc. Common Stock",2520,20,Industrials,2020,Commercial & Professional Services,202010,Commercial Services & Supplies,20201060,Office Services & Supplies,0.900,model+crosswalk,
MLM,Martin Marietta Materials,1400,15,Materials,1510,Materials,151020,Construction Materials,15102010,Construction Materials,0.600,model+crosswalk,
MLP,Maui Land & Pineapple Co.,6500,60,Real Estate,6020,Real Estate Management & Development,602010,Real Estate Management & Development,60201040,Real Estate Services,0.750,model+crosswalk,
MLR,"Miller Industries, Inc.",3713,25,Consumer Discretionary,2510,Automobiles & Components,251010,Automobile Components,25101010,Automotive Parts & Equipment,0.600,yahoo,
MLSS,"Milestone Scientific, Inc. Common Stock",3842,35,Health Care,3510,Health Care Equipment & Services,351010,Health Care Equipment & Supplies,35101020,Health Care Supplies,0.900,model+crosswalk,
MLTX,MoonLake Immunotherapeutics Class A Ordinary Shares,2834,35,Health Care,3520,"Pharmaceuticals, Biotechnology & Life Sciences",352010,Biotechnology,35201010,Biotechnology,0.900,model+crosswalk,
MLYS,"Mineralys Therapeutics, Inc. Common Stock",2834,35,Health Care,3520,"Pharmaceuticals, Biotechnology & Life Sciences",352010,Biotechnology,35201010,Biotechnology,0.900,model+crosswalk,
MMA,Mixed Martial Arts Group Limited,,25,Consumer Discretionary,2520,Consumer Durables & Apparel,252020,Leisure Products,25202010,Leisure Products,0.650,model+crosswalk,
MMED,"MiniMed Group, Inc. Common Stock",3841,35,Health Care,3510,Health Care Equipment & Services,351010,Health Care Equipment & Supplies,35101010,Health Care Equipment,0.900,model+crosswalk,
MMEX,MMEX RESOURCES CORP,,20,Industrials,2010,Capital Goods,201030,Construction & Engineering,20103010,Construction & Engineering,0.747,model+crosswalk,
MMI,MARCUS & MILLICHAP,6531,60,Real Estate,6020,Real Estate Management & Development,602010,Real Estate Management & Development,60201040,Real Estate Services,0.900,model+crosswalk,
MMLP,Martin Midstream Partners LP,5171,10,Energy,1010,Energy,101020,"Oil, Gas & Consumable Fuels",10102040,Oil & Gas Storage & Transportation,0.900,model+crosswalk,
MMM,3M Company,3841,20,Industrials,2010,Capital Goods,201050,Industrial Conglomerates,20105010,Industrial Conglomerates,0.600,yahoo,
MMS,"MAXIMUS, Inc.",7389,20,Industrials,2020,Commercial & Professional Services,202010,Commercial Services & Supplies,20201070,Diversified Support Services,0.600,yahoo,
MMSI,Merit Medical Systems Inc,3841,35,Health Care,3510,Health Care Equipment & Services,351010,Health Care Equipment & Supplies,35101010,Health Care Equipment,0.900,model+crosswalk,
MMTRS,MILLS MUSIC TRUST CBI,,20,Industrials,2020,Commercial & Professional Services,202010,Commercial Services & Supplies,20201070,Diversified Support Services,0.650,yahoo,
MMTX,Miluna Acquisition Corp Class A Ordinary Share,6770,,,,,,,,,,,shell_company
MMYT,MakeMyTrip Limited,,25,Consumer Discretionary,2530,Consumer Services,253010,"Hotels, Restaurants & Leisure",25301020,"Hotels, Resorts & Cruise Lines",0.650,yahoo,
MNAT,MARQUETTE NATL CORP,,40,Financials,4010,Banks,401010,Banks,40101015,Regional Banks,0.650,model+crosswalk,
MNDO,Mind CTI Ltd,,40,Financials,4020,Financial Services,402010,Financial Services,40201060,Transaction & Payment Processing Services,0.650,yahoo,
MNDR,Mobile-health Network Solutions Class A Ordinary Shares,,35,Health Care,3510,Health Care Equipment & Services,351020,Health Care Providers & Services,35102015,Health Care Services,0.650,model+crosswalk,
MNDY,monday.com Ltd. Ordinary Shares,,45,Information Technology,4510,Software & Services,451030,Software,45103010,Application Software,0.650,model+crosswalk,
MNKD,Mannkind Corporation,2834,35,Health Care,3520,"Pharmaceuticals, Biotechnology & Life Sciences",352010,Biotechnology,35201010,Biotechnology,0.900,model+crosswalk,
MNMB,MERCHANTS & MARINE BNCORP,,40,Financials,4010,Banks,401010,Banks,40101015,Regional Banks,0.650,model+crosswalk,
MNOV,"Medicinova, Inc.",2834,35,Health Care,3520,"Pharmaceuticals, Biotechnology & Life Sciences",352010,Biotechnology,35201010,Biotechnology,0.900,model+crosswalk,
MNPP,MERCHANTS NATL PROPERTIES,,60,Real Estate,6020,Real Estate Management & Development,602010,Real Estate Management & Development,60201010,Diversified Real Estate Activities,0.650,yahoo,
MNPR,Monopar Therapeutics Inc. Common Stock,2834,35,Health Care,3520,"Pharmaceuticals, Biotechnology & Life Sciences",352010,Biotechnology,35201010,Biotechnology,0.900,model+crosswalk,
MNRO,"Monro, Inc. Common Stock",7500,25,Consumer Discretionary,2510,Automobiles & Components,251010,Automobile Components,25101020,Tires & Rubber,0.700,yahoo+sic,
MNSB,"MainStreet Bancshares, Inc. Common Stock",6022,40,Financials,4010,Banks,401010,Banks,40101015,Regional Banks,0.900,model+crosswalk,
MNSBP,"MainStreet Bancshares, Inc. Depositary Shares",6022,,,,,,,,,,,not_common_equity
MNST,Monster Beverage Corporation,2086,30,Consumer Staples,3020,"Food, Beverage & Tobacco",302010,Beverages,30201030,Soft Drinks & Non-alcoholic Beverages,0.900,model+crosswalk,
MNTK,"Montauk Renewables, Inc. Common Stock",4932,15,Materials,1510,Materials,151010,Chemicals,15101050,Specialty Chemicals,0.600,yahoo,
MNTN,"MNTN, Inc.",7310,45,Information Technology,4510,Software & Services,451030,Software,45103010,Application Software,0.600,model+crosswalk,
MNTS,Momentus Inc. Class A Common Stock,3760,20,Industrials,2010,Capital Goods,201010,Aerospace & Defense,20101010,Aerospace & Defense,0.900,model+crosswalk,
MNY,MoneyHero Limited Class A Ordinary Shares,,50,Communication Services,5020,Media & Entertainment,502030,Interactive Media & Services,50203010,Interactive Media & Services,0.650,model+crosswalk,
MO,"Altria Group, Inc.",2111,30,Consumer Staples,3020,"Food, Beverage & Tobacco",302030,Tobacco,30203010,Tobacco,0.900,model+crosswalk,
MOB,Mobilicom Limited Ordinary Shares,,20,Industrials,2010,Capital Goods,201010,Aerospace & Defense,20101010,Aerospace & Defense,0.650,model+crosswalk,
MOBI,"Mobia Medical, Inc. Common Stock",3841,35,Health Care,3510,Health Care Equipment & Services,351010,Health Care Equipment & Supplies,35101010,Health Care Equipment,0.900,model+crosswalk,
MOBQ,MOBIQUITY TECH INC,,50,Communication Services,5020,Media & Entertainment,502010,Media,50201010,Advertising,0.682,model+crosswalk,
MOBX,"Mobix Labs, Inc. Class A Common Stock",3674,45,Information Technology,4530,Semiconductors & Semiconductor Equipment,453010,Semiconductors & Semiconductor Equipment,45301020,Semiconductors,0.750,model+crosswalk,
MOD,Modine Manufacturing Co,3714,25,Consumer Discretionary,2510,Automobiles & Components,251010,Automobile Components,25101010,Automotive Parts & Equipment,0.900,model+crosswalk,
MODD,"Modular Medical, Inc. Common Stock",3841,35,Health Care,3510,Health Care Equipment & Services,351010,Health Care Equipment & Supplies,35101010,Health Care Equipment,0.900,model+crosswalk,
MOG.A,Moog Inc.,3590,20,Industrials,2010,Capital Goods,201010,Aerospace & Defense,20101010,Aerospace & Defense,0.750,model+crosswalk,
MOG.B,MOOG INC CL B,3590,20,Industrials,2010,Capital Goods,201010,Aerospace & Defense,20101010,Aerospace & Defense,0.750,model+crosswalk,
MOH,"Molina Healthcare, Inc.",6324,35,Health Care,3510,Health Care Equipment & Services,351020,Health Care Providers & Services,35102030,Managed Health Care,0.900,model+crosswalk,
MOJO,EQUATOR BEVERAGE CO,,30,Consumer Staples,3020,"Food, Beverage & Tobacco",302010,Beverages,30201030,Soft Drinks & Non-alcoholic Beverages,0.968,model+crosswalk,
MORN,"Morningstar, Inc.",6282,40,Financials,4020,Financial Services,402030,Capital Markets,40203040,Financial Exchanges & Data,0.750,yahoo+sic,
MOS,The Mosaic Company,2870,15,Materials,1510,Materials,151010,Chemicals,15101030,Fertilizers & Agricultural Chemicals,0.913,model+crosswalk,
MOV,"Movado Group, Inc.",3873,25,Consumer Discretionary,2520,Consumer Durables & Apparel,252030,"Textiles, Apparel & Luxury Goods",25203010,"Apparel, Accessories & Luxury Goods",0.900,model+crosswalk,
MOVAA,MOVADO GROUP INC A,,25,Consumer Discretionary,2520,Consumer Durables & Apparel,252030,"Textiles, Apparel & Luxury Goods",25203010,"Apparel, Accessories & Luxury Goods",0.650,model+crosswalk,
MOVE,"Corvex, Inc. Common Stock",7374,45,Information Technology,4510,Software & Services,451030,Software,45103020,Systems Software,0.750,yahoo+sic,
MP,MP Materials Corp.,1000,15,Materials,1510,Materials,151040,Metals & Mining,15104040,Precious Metals & Minerals,0.750,yahoo+sic,
MPAA,"Motorcar Parts of America, Inc.",3714,25,Consumer Discretionary,2510,Automobiles & Components,251010,Automobile Components,25101010,Automotive Parts & Equipment,0.900,model+crosswalk,
MPB,"Mid Penn Bancorp, Inc.",6022,40,Financials,4010,Banks,401010,Banks,40101015,Regional Banks,0.900,model+crosswalk,
MPC,MARATHON PETROLEUM CORPORATION,2911,10,Energy,1010,Energy,101020,"Oil, Gas & Consumable Fuels",10102030,Oil & Gas Refining & Marketing,0.900,model+crosswalk,
MPCMF,MAPLETREE PANASIA REIT,,60,Real Estate,6010,Equity Real Estate Investment Trusts (REITs),601040,Office REITs,60104010,Office REITs,0.650,model+crosswalk,
MPLT,"MapLight Therapeutics, Inc. Common Stock",2834,35,Health Care,3520,"Pharmaceuticals, Biotechnology & Life Sciences",352010,Biotechnology,35201010,Biotechnology,0.900,model+crosswalk,
MPLX,MPLX LP,4610,10,Energy,1010,Energy,101020,"Oil, Gas & Consumable Fuels",10102040,Oil & Gas Storage & Transportation,0.900,model+crosswalk,
MPT,"Medical Properties Trust, Inc.",6798,60,Real Estate,6010,Equity Real Estate Investment Trusts (REITs),601050,Health Care REITs,60105010,Health Care REITs,0.900,model+crosswalk,
MPTI,"M-tron Industries, Inc.",3679,45,Information Technology,4520,Technology Hardware & Equipment,452030,"Electronic Equipment, Instruments & Components",45203015,Electronic Components,0.900,model+crosswalk,
MPU,Mega Matrix Inc.,,50,Communication Services,5020,Media & Entertainment,502020,Entertainment,50202010,Movies & Entertainment,0.650,model+crosswalk,
MPWR,"Monolithic Power Systems, Inc.",3674,45,Information Technology,4530,Semiconductors & Semiconductor Equipment,453010,Semiconductors & Semiconductor Equipment,45301020,Semiconductors,0.900,model+crosswalk,
MPZZF,MPC CONTAINER SHIPS AS,,20,Industrials,2030,Transportation,203030,Marine Transportation,20303010,Marine Transportation,0.650,model+crosswalk,
MQ,"Marqeta, Inc. Class A Common Stock",7372,40,Financials,4020,Financial Services,402010,Financial Services,40201060,Transaction & Payment Processing Services,0.900,model+crosswalk,
MRAI,MARPAI INC A,,35,Health Care,3510,Health Care Equipment & Services,351020,Health Care Providers & Services,35102030,Managed Health Care,0.650,model+crosswalk,
MRAM,"Everspin Technologies, Inc",3674,45,Information Technology,4530,Semiconductors & Semiconductor Equipment,453010,Semiconductors & Semiconductor Equipment,45301020,Semiconductors,0.900,model+crosswalk,
MRBK,Meridian Corporation,6021,40,Financials,4010,Banks,401010,Banks,40101015,Regional Banks,0.900,model+crosswalk,
MRCO,Mercator Acquisition Corp. Class A Ordinary Shares,6770,,,,,,,,,,,shell_company
MRCY,Mercury Systems Inc.,3670,20,Industrials,2010,Capital Goods,201010,Aerospace & Defense,20101010,Aerospace & Defense,0.600,model+crosswalk,
MRDN,Meridian Holdings Inc. Common Stock,7372,25,Consumer Discretionary,2530,Consumer Services,253010,"Hotels, Restaurants & Leisure",25301010,Casinos & Gaming,0.600,model+crosswalk,
MRFCF,MARUKA FURUSATO CORP,,,,,,,,,,,,no_evidence
MRK,"Merck & Co., Inc.",2834,35,Health Care,3520,"Pharmaceuticals, Biotechnology & Life Sciences",352020,Pharmaceuticals,35202010,Pharmaceuticals,0.750,model+crosswalk,
MRKR,"Marker Therapeutics, Inc. Common Stock",2834,35,Health Care,3520,"Pharmaceuticals, Biotechnology & Life Sciences",352010,Biotechnology,35201010,Biotechnology,0.900,model+crosswalk,
MRLN,"Merlin, Inc. Common Stock",7373,20,Industrials,2010,Capital Goods,201010,Aerospace & Defense,20101010,Aerospace & Defense,0.600,model+crosswalk,
MRNA,"Moderna, Inc. Common Stock",2836,35,Health Care,3520,"Pharmaceuticals, Biotechnology & Life Sciences",352010,Biotechnology,35201010,Biotechnology,0.900,model+crosswalk,
MRNO,Murano Global Investments PLC Ordinary Shares,,60,Real Estate,6020,Real Estate Management & Development,602010,Real Estate Management & Development,60201030,Real Estate Development,0.650,yahoo,
MROPF,MICROPORT CARDIOFLW NEW,,35,Health Care,3510,Health Care Equipment & Services,351010,Health Care Equipment & Supplies,35101010,Health Care Equipment,0.770,model+crosswalk,
MRP,"Millrose Properties, Inc.",6500,60,Real Estate,6010,Equity Real Estate Investment Trusts (REITs),601060,Residential REITs,60106010,Multi-Family Residential REITs,0.700,model+crosswalk,
MRSH,Marsh,6411,40,Financials,4030,Insurance,403010,Insurance,40301010,Insurance Brokers,0.900,model+crosswalk,
MRT,"Marti Technologies, Inc.",7510,45,Information Technology,4510,Software & Services,451030,Software,45103010,Application Software,0.600,model+crosswalk,
MRTN,Marten Transport Ltd,4213,20,Industrials,2030,Transportation,203040,Ground Transportation,20304030,Cargo Ground Transportation,0.900,model+crosswalk,
MRVI,"Maravai LifeSciences Holdings, Inc. Class A Common Stock",2834,35,Health Care,3520,"Pharmaceuticals, Biotechnology & Life Sciences",352010,Biotechnology,35201010,Biotechnology,0.900,model+crosswalk,
MRVL,"Marvell Technology, Inc. Common Stock",3674,45,Information Technology,4530,Semiconductors & Semiconductor Equipment,453010,Semiconductors & Semiconductor Equipment,45301020,Semiconductors,0.900,model+crosswalk,
MRX,Marex Group Limited Ordinary Shares,,40,Financials,4020,Financial Services,402030,Capital Markets,40203020,Investment Banking & Brokerage,0.650,model+crosswalk,
MS,Morgan Stanley,6211,40,Financials,4020,Financial Services,402030,Capital Markets,40203010,Asset Management & Custody Banks,0.900,model+crosswalk,
MSA,Mine Safety Incorporated,3842,20,Industrials,2020,Commercial & Professional Services,202010,Commercial Services & Supplies,20201080,Security & Alarm Services,0.600,yahoo,
MSAI,"MultiSensor AI Holdings, Inc. Common Stock",3827,45,Information Technology,4520,Technology Hardware & Equipment,452030,"Electronic Equipment, Instruments & Components",45203015,Electronic Components,0.750,yahoo+sic,
MSB,Mesabi Trust,6795,15,Materials,1510,Materials,151040,Metals & Mining,15104050,Steel,0.750,model+crosswalk,
MSBC,MISSION BANCORP,,40,Financials,4010,Banks,401010,Banks,40101015,Regional Banks,0.650,model+crosswalk,
MSBI,"Midland States Bancorp, Inc. Common Stock",6022,40,Financials,4010,Banks,401010,Banks,40101015,Regional Banks,0.900,model+crosswalk,
MSCI,"MSCI, Inc.",7389,40,Financials,4020,Financial Services,402030,Capital Markets,40203040,Financial Exchanges & Data,0.600,yahoo,
MSDL,Morgan Stanley Direct Lending Fund,,,,,,,,,,,,not_common_equity
MSEX,Middlesex Water Co,4941,55,Utilities,5510,Utilities,551040,Water Utilities,55104010,Water Utilities,0.914,model+crosswalk,
MSFT,Microsoft Corp,7372,45,Information Technology,4510,Software & Services,451030,Software,45103020,Systems Software,0.900,model+crosswalk,
MSGE,Madison Square Garden Entertainment Corp.,7990,50,Communication Services,5020,Media & Entertainment,502020,Entertainment,50202010,Movies & Entertainment,0.900,model+crosswalk,
MSGM,Motorsport Games Inc. Class A Common Stock,7372,50,Communication Services,5020,Media & Entertainment,502020,Entertainment,50202020,Interactive Home Entertainment,0.900,model+crosswalk,
MSGS,Madison Square Garden Sports Corp.,7990,50,Communication Services,5020,Media & Entertainment,502020,Entertainment,50202010,Movies & Entertainment,0.600,model+crosswalk,
MSGY,Masonglory Limited Ordinary Shares,,20,Industrials,2010,Capital Goods,201030,Construction & Engineering,20103010,Construction & Engineering,0.650,model+crosswalk,
MSI,"Motorola Solutions, Inc. New",3663,45,Information Technology,4520,Technology Hardware & Equipment,452010,Communications Equipment,45201020,Communications Equipment,0.900,model+crosswalk,
MSIF,"MSC Income Fund, Inc.",,,,,,,,,,,,not_common_equity
MSILF,MS INTL PLC,,,,,,,,,,,,no_evidence
MSLE,Satellos Bioscience Inc. Common Stock,2834,35,Health Care,3520,"Pharmaceuticals, Biotechnology & Life Sciences",352010,Biotechnology,35201010,Biotechnology,0.900,model+crosswalk,
MSM,"MSC Industrial Direct Co., Inc. Class A",5084,20,Industrials,2010,Capital Goods,201070,Trading Companies & Distributors,20107010,Trading Companies & Distributors,0.900,model+crosswalk,
MSN,Emerson Radio Corp.,3651,25,Consumer Discretionary,2520,Consumer Durables & Apparel,252010,Household Durables,25201010,Consumer Electronics,0.900,model+crosswalk,
MSPR,RECOVERY INC A,,35,Health Care,3510,Health Care Equipment & Services,351030,Health Care Technology,35103010,Health Care Technology,0.650,yahoo,
MSS,Maison Solutions Inc. Class A Common Stock,5411,30,Consumer Staples,3010,Consumer Staples Distribution & Retail,301010,Consumer Staples Distribution & Retail,30101030,Food Retail,0.900,model+crosswalk,
MSTR,Strategy Inc Common Stock Class A,6199,45,Information Technology,4510,Software & Services,451030,Software,45103010,Application Software,0.900,model+crosswalk,
MSWV,MAIN STREET FINCL SVCS,,40,Financials,4010,Banks,401010,Banks,40101015,Regional Banks,0.650,yahoo,
MT,ArcelorMittal,,15,Materials,1510,Materials,151040,Metals & Mining,15104050,Steel,0.650,model+crosswalk,
MTA,Metalla Royalty & Streaming Ltd.,,15,Materials,1510,Materials,151040,Metals & Mining,15104040,Precious Metals & Minerals,0.650,yahoo,
MTAK,Market Technology Acquisition Corp Class A Ordinary Shares,6770,,,,,,,,,,,shell_company
MTAL,Metals Acquisition Corp. II,6770,,,,,,,,,,,shell_company
MTB,M&T Bank Corp.,6022,40,Financials,4010,Banks,401010,Banks,40101015,Regional Banks,0.900,model+crosswalk,
MTC,"MMTec, Inc. Common Shares",,40,Financials,4020,Financial Services,402030,Capital Markets,40203040,Financial Exchanges & Data,0.650,yahoo,
MTCH,"Match Group, Inc",7370,50,Communication Services,5020,Media & Entertainment,502030,Interactive Media & Services,50203010,Interactive Media & Services,0.600,model+crosswalk,
MTD,Mettler-Toledo International,3826,35,Health Care,3520,"Pharmaceuticals, Biotechnology & Life Sciences",352030,Life Sciences Tools & Services,35203010,Life Sciences Tools & Services,0.900,model+crosswalk,
MTDR,MATADOR RESOURCES COMPANY,1311,10,Energy,1010,Energy,101020,"Oil, Gas & Consumable Fuels",10102020,Oil & Gas Exploration & Production,0.921,model+crosswalk,
MTEK,Maris-Tech Ltd. Ordinary Shares,,45,Information Technology,4520,Technology Hardware & Equipment,452030,"Electronic Equipment, Instruments & Components",45203015,Electronic Components,0.650,yahoo,
MTEN,Mingteng International Corporation Inc. Class A Ordinary Shares,,20,Industrials,2010,Capital Goods,201060,Machinery,20106020,Industrial Machinery & Supplies & Components,0.650,model+crosswalk,
MTEX,Mannatech Inc.,2833,30,Consumer Staples,3010,Consumer Staples Distribution & Retail,301010,Consumer Staples Distribution & Retail,30101020,Food Distributors,0.700,yahoo+sic,
MTFC,MINSTER FINCL CORP,,40,Financials,4010,Banks,401010,Banks,40101015,Regional Banks,0.650,model+crosswalk,
MTG,MGIC Investment Corp.,6351,40,Financials,4030,Insurance,403010,Insurance,40301040,Property & Casualty Insurance,0.900,model+crosswalk,
MTH,Meritage Homes Corporation,1531,25,Consumer Discretionary,2520,Consumer Durables & Apparel,252010,Household Durables,25201030,Homebuilding,0.900,model+crosswalk,
MTN,"Vail Resorts, Inc.",7990,25,Consumer Discretionary,2530,Consumer Services,253010,"Hotels, Restaurants & Leisure",25301020,"Hotels, Resorts & Cruise Lines",0.750,yahoo+sic,
MTNB,"Matinas BioPharma Holdings, Inc.",2834,35,Health Care,3520,"Pharmaceuticals, Biotechnology & Life Sciences",352010,Biotechnology,35201010,Biotechnology,0.900,model+crosswalk,
MTNE,CH4 Natural Solutions Corporation,6770,,,,,,,,,,,shell_company
MTR,Mesa Royalty Trust,6792,10,Energy,1010,Energy,101020,"Oil, Gas & Consumable Fuels",10102020,Oil & Gas Exploration & Production,0.900,model+crosswalk,
MTRN,Materion Corporation,3460,15,Materials,1510,Materials,151040,Metals & Mining,15104020,Diversified Metals & Mining,0.600,yahoo,
MTRX,Matrix Service Co,1700,20,Industrials,2010,Capital Goods,201030,Construction & Engineering,20103010,Construction & Engineering,0.900,model+crosswalk,
MTSI,"MACOM Technology Solutions Holdings, Inc",3674,45,Information Technology,4530,Semiconductors & Semiconductor Equipment,453010,Semiconductors & Semiconductor Equipment,45301020,Semiconductors,0.759,model+crosswalk,
MTSKF,MATSUOKA CORP,,,,,,,,,,,,no_evidence
MTSMF,MITSUI MATSUSHIMA CO ORD,,10,Energy,1010,Energy,101020,"Oil, Gas & Consumable Fuels",10102050,Coal & Consumable Fuels,0.650,yahoo,
MTUS,Metallus Inc.,3312,15,Materials,1510,Materials,151040,Metals & Mining,15104050,Steel,0.900,model+crosswalk,
MTVA,MetaVia Inc. Common Stock,2834,35,Health Care,3520,"Pharmaceuticals, Biotechnology & Life Sciences",352010,Biotechnology,35201010,Biotechnology,0.900,model+crosswalk,
MTW,"The Manitowoc Company, Inc.",3531,20,Industrials,2010,Capital Goods,201060,Machinery,20106010,Construction Machinery & Heavy Transportation Equipment,0.900,model+crosswalk,
MTX,Minerals Technologies Inc,2810,15,Materials,1510,Materials,151010,Chemicals,15101050,Specialty Chemicals,0.750,model+crosswalk,
MTZ,"MasTec, Inc.",1623,20,Industrials,2010,Capital Goods,201030,Construction & Engineering,20103010,Construction & Engineering,0.900,model+crosswalk,
MU,"Micron Technology, Inc.",3674,45,Information Technology,4530,Semiconductors & Semiconductor Equipment,453010,Semiconductors & Semiconductor Equipment,45301020,Semiconductors,0.900,model+crosswalk,
MUKCF,MARUWA UNYU KIKAN CO,,,,,,,,,,,,no_evidence
MUR,Murphy Oil Corp.,1311,10,Energy,1010,Energy,101020,"Oil, Gas & Consumable Fuels",10102020,Oil & Gas Exploration & Production,0.921,model+crosswalk,
MUSA,MURPHY USA INC.,5500,25,Consumer Discretionary,2550,Consumer Discretionary Distribution & Retail,255040,Specialty Retail,25504040,Other Specialty Retail,0.750,yahoo+sic,
MUX,McEwen Inc.,1040,15,Materials,1510,Materials,151040,Metals & Mining,15104030,Gold,0.750,model+crosswalk,
MUZE,Muzero Acquisition Corp Class A Ordinary Shares,6770,,,,,,,,,,,shell_company
MVBF,MVB Financial Corp. Common Stock,6022,40,Financials,4010,Banks,401010,Banks,40101015,Regional Banks,0.918,model+crosswalk,
MVIS,Microvision Inc,3679,45,Information Technology,4520,Technology Hardware & Equipment,452030,"Electronic Equipment, Instruments & Components",45203010,Electronic Equipment & Instruments,0.750,model+crosswalk,
MVLA,MOVELLA HOLDINGS INC,,45,Information Technology,4510,Software & Services,451030,Software,45103010,Application Software,0.929,model+crosswalk,
MVLY,MISSION VALLEY BANCORP,,40,Financials,4010,Banks,401010,Banks,40101015,Regional Banks,0.650,model+crosswalk,
MVNC,MARVION INC,,20,Industrials,2030,Transportation,203010,Air Freight & Logistics,20301010,Air Freight & Logistics,0.860,model+crosswalk,
MVPT,MVP HOLDINGS INC,,20,Industrials,2010,Capital Goods,201050,Industrial Conglomerates,20105010,Industrial Conglomerates,0.650,yahoo,
MVST,"Microvast Holdings, Inc. Common Stock",3690,25,Consumer Discretionary,2510,Automobiles & Components,251010,Automobile Components,25101010,Automotive Parts & Equipment,0.600,yahoo,
MWA,"Mueller Water Products, Inc.",3490,20,Industrials,2010,Capital Goods,201060,Machinery,20106020,Industrial Machinery & Supplies & Components,0.900,model+crosswalk,
MWG,Multi Ways Holdings Limited,,20,Industrials,2010,Capital Goods,201070,Trading Companies & Distributors,20107010,Trading Companies & Distributors,0.650,model+crosswalk,
MWH,"SOLV Energy, Inc. Class A Common Stock",1600,55,Utilities,5510,Utilities,551050,Independent Power and Renewable Electricity Producers,55105020,Renewable Electricity,0.600,yahoo,
MWYN,"Marwynn Holdings, Inc. Common stock",5141,20,Industrials,2010,Capital Goods,201020,Building Products,20102010,Building Products,0.600,yahoo,
MX,Magnachip Semiconductor Corp.,3674,45,Information Technology,4530,Semiconductors & Semiconductor Equipment,453010,Semiconductors & Semiconductor Equipment,45301020,Semiconductors,0.900,model+crosswalk,
MXC,Mexco Energy Corporation,1311,10,Energy,1010,Energy,101020,"Oil, Gas & Consumable Fuels",10102020,Oil & Gas Exploration & Production,0.904,model+crosswalk,
MXCT,"MaxCyte, Inc. Common Stock",8731,35,Health Care,3510,Health Care Equipment & Services,351010,Health Care Equipment & Supplies,35101010,Health Care Equipment,0.700,yahoo+sic,
MXL,"MaxLinear, Inc. Common Stock",3674,45,Information Technology,4530,Semiconductors & Semiconductor Equipment,453010,Semiconductors & Semiconductor Equipment,45301020,Semiconductors,0.900,model+crosswalk,
MYBUF,MEYER BURGER TECH AG,,45,Information Technology,4530,Semiconductors & Semiconductor Equipment,453010,Semiconductors & Semiconductor Equipment,45301020,Semiconductors,0.650,yahoo,
MYE,"Myers Industries, Inc.",3089,15,Materials,1510,Materials,151030,Containers & Packaging,15103010,"Metal, Glass & Plastic Containers",0.600,yahoo,
MYFW,"First Western Financial, Inc.",6022,40,Financials,4010,Banks,401010,Banks,40101015,Regional Banks,0.900,model+crosswalk,
MYGN,Myriad Genetics Inc,2835,35,Health Care,3520,"Pharmaceuticals, Biotechnology & Life Sciences",352030,Life Sciences Tools & Services,35203010,Life Sciences Tools & Services,0.700,model+crosswalk,
MYMX,MYMETICS CORP,,35,Health Care,3520,"Pharmaceuticals, Biotechnology & Life Sciences",352010,Biotechnology,35201010,Biotechnology,0.740,model+crosswalk,
MYO,Myomo Inc.,3842,35,Health Care,3510,Health Care Equipment & Services,351010,Health Care Equipment & Supplies,35101010,Health Care Equipment,0.750,yahoo+sic,
MYPS,"PLAYSTUDIOS, Inc. Class A Common Stock",7372,50,Communication Services,5020,Media & Entertainment,502020,Entertainment,50202020,Interactive Home Entertainment,0.600,model+crosswalk,
MYRG,"MYR Group, Inc.",1623,20,Industrials,2010,Capital Goods,201030,Construction & Engineering,20103010,Construction & Engineering,0.900,model+crosswalk,
MYSE,"Myseum.AI, Inc. Common Stock",4822,45,Information Technology,4510,Software & Services,451030,Software,45103010,Application Software,0.600,model+crosswalk,
MYSZ,"My Size, Inc",7372,25,Consumer Discretionary,2550,Consumer Discretionary Distribution & Retail,255040,Specialty Retail,25504010,Apparel Retail,0.600,model+crosswalk,
MYX,Maywood Acquisition Corp. 2 Class A Ordinary Share,6770,,,,,,,,,,,shell_company
MZKAF,MAEZAWA KYUSO INDUS,,,,,,,,,,,,no_evidence
MZTI,The Marzetti Company Common Stock,2030,30,Consumer Staples,3020,"Food, Beverage & Tobacco",302020,Food Products,30202030,Packaged Foods & Meats,0.900,model+crosswalk,
MZYX,MOZAYYX Acquisition Corp.,6770,,,,,,,,,,,shell_company
NA,Nano Labs Ltd Class A Ordinary Shares,,45,Information Technology,4530,Semiconductors & Semiconductor Equipment,453010,Semiconductors & Semiconductor Equipment,45301020,Semiconductors,0.650,model+crosswalk,
NABL,"N-able, Inc.",7372,45,Information Technology,4510,Software & Services,451020,IT Services,45102010,IT Consulting & Other Services,0.750,yahoo+sic,
NACB,NATIONAL CAP BANCORP INC,,40,Financials,4010,Banks,401010,Banks,40101015,Regional Banks,0.650,model+crosswalk,
NAGE,"Niagen Bioscience, Inc. Common Stock",2833,30,Consumer Staples,3020,"Food, Beverage & Tobacco",302020,Food Products,30202030,Packaged Foods & Meats,0.700,model+crosswalk,
NAII,Natural Alternatives International Inc.,2833,30,Consumer Staples,3020,"Food, Beverage & Tobacco",302020,Food Products,30202030,Packaged Foods & Meats,0.700,model+crosswalk,
NAK,"Northern Dynasty Minerals, Ltd.",,15,Materials,1510,Materials,151040,Metals & Mining,15104020,Diversified Metals & Mining,0.650,yahoo,
NAKA,Nakamoto Inc. Common Stock,6199,40,Financials,4020,Financial Services,402030,Capital Markets,40203020,Investment Banking & Brokerage,0.600,model+crosswalk,
NAMM,Namib Minerals Ordinary Shares,,15,Materials,1510,Materials,151040,Metals & Mining,15104030,Gold,0.857,model+crosswalk,
NAMS,NewAmsterdam Pharma Company N.V. Ordinary Shares,2834,35,Health Care,3520,"Pharmaceuticals, Biotechnology & Life Sciences",352010,Biotechnology,35201010,Biotechnology,0.900,model+crosswalk,
NASO,NAPLES SOAP COMPANY INC,,30,Consumer Staples,3030,Household & Personal Products,303010,Household Products,30301010,Household Products,0.650,yahoo,
NAT,Nordic American Tanker,,10,Energy,1010,Energy,101020,"Oil, Gas & Consumable Fuels",10102040,Oil & Gas Storage & Transportation,0.650,model+crosswalk,
NATH,Nathan's Famous Inc,5812,25,Consumer Discretionary,2530,Consumer Services,253010,"Hotels, Restaurants & Leisure",25301040,Restaurants,0.900,model+crosswalk,
NATL,NCR Atleos Corporation,3578,45,Information Technology,4510,Software & Services,451030,Software,45103010,Application Software,0.700,model+crosswalk,
NATR,Nature's Sunshine Products Inc.,2834,30,Consumer Staples,3020,"Food, Beverage & Tobacco",302020,Food Products,30202030,Packaged Foods & Meats,0.600,yahoo,
NAUT,"Nautilus Biotechnolgy, Inc. Common Stock",3826,35,Health Care,3520,"Pharmaceuticals, Biotechnology & Life Sciences",352010,Biotechnology,35201010,Biotechnology,0.750,model+crosswalk,
NAVI,Navient Corporation,6211,40,Financials,4020,Financial Services,402020,Consumer Finance,40202010,Consumer Finance,0.750,model+crosswalk,
NAVN,"Navan, Inc. Class A Common Stock",7372,45,Information Technology,4510,Software & Services,451030,Software,45103010,Application Software,0.600,model+crosswalk,
NB,NioCorp Developments Ltd. Common Stock,1000,15,Materials,1510,Materials,151040,Metals & Mining,15104020,Diversified Metals & Mining,0.900,model+crosswalk,
NBBK,"NB Bancorp, Inc. Common Stock",6036,40,Financials,4010,Banks,401010,Banks,40101015,Regional Banks,0.900,model+crosswalk,
NBHC,NATIONAL BANK HOLDINGS CORP.,6021,40,Financials,4010,Banks,401010,Banks,40101015,Regional Banks,0.900,model+crosswalk,
NBIS,Nebius Group N.V. Class A Ordinary Shares,,50,Communication Services,5020,Media & Entertainment,502030,Interactive Media & Services,50203010,Interactive Media & Services,0.650,model+crosswalk,
NBIX,Neurocrine Biosciences Inc,2836,35,Health Care,3520,"Pharmaceuticals, Biotechnology & Life Sciences",352020,Pharmaceuticals,35202010,Pharmaceuticals,0.750,yahoo+sic,
NBN,Northeast Bank Common Stock,2400,40,Financials,4010,Banks,401010,Banks,40101015,Regional Banks,0.691,model+crosswalk,
NBR,Nabors Industries Ltd.,1381,10,Energy,1010,Energy,101010,Energy Equipment & Services,10101010,Oil & Gas Drilling,0.909,model+crosswalk,
NBRG,Newbridge Acquisition Limited Class A Ordinary Share,6770,,,,,,,,,,,shell_company
NBSGF,NIPPON BEET SUGAR MFG CO,,,,,,,,,,,,no_evidence
NBTB,NBT Bancorp Inc,6021,40,Financials,4010,Banks,401010,Banks,40101015,Regional Banks,0.900,model+crosswalk,
NC,"NACCO Industries, Inc.",1221,10,Energy,1010,Energy,101020,"Oil, Gas & Consumable Fuels",10102050,Coal & Consumable Fuels,0.900,model+crosswalk,
NCDL,Nuveen Churchill Direct Lending Corp,,40,Financials,4020,Financial Services,402030,Capital Markets,40203010,Asset Management & Custody Banks,0.650,model+crosswalk,
NCEL,NewcelX Ltd. Ordinary Shares,,35,Health Care,3520,"Pharmaceuticals, Biotechnology & Life Sciences",352010,Biotechnology,35201010,Biotechnology,0.650,model+crosswalk,
NCEW,New Century Logistics (BVI) Limited Ordinary Shares,,20,Industrials,2030,Transportation,203010,Air Freight & Logistics,20301010,Air Freight & Logistics,0.650,model+crosswalk,
NCHEF,NICHIREI CORP,,30,Consumer Staples,3020,"Food, Beverage & Tobacco",302020,Food Products,30202030,Packaged Foods & Meats,0.984,model+crosswalk,
NCI,Neo-Concept International Group Holdings Limited Class A Ordinary Shares,,25,Consumer Discretionary,2520,Consumer Durables & Apparel,252030,"Textiles, Apparel & Luxury Goods",25203010,"Apparel, Accessories & Luxury Goods",0.650,model+crosswalk,
NCLH,Norwegian Cruise Line Holdings Ltd. Ordinary Shares,4400,25,Consumer Discretionary,2530,Consumer Services,253010,"Hotels, Restaurants & Leisure",25301020,"Hotels, Resorts & Cruise Lines",0.600,yahoo,
NCMI,"National CineMedia, Inc.",7310,50,Communication Services,5020,Media & Entertainment,502010,Media,50201010,Advertising,0.900,model+crosswalk,
NCNO,"nCino, Inc. Common Stock",7372,45,Information Technology,4510,Software & Services,451030,Software,45103010,Application Software,0.900,model+crosswalk,
NCO,Southern Cross Acquisition I Corp. Ordinary Shares,6770,,,,,,,,,,,shell_company
NCPL,Netcapital Inc. Common Stock,6199,40,Financials,4020,Financial Services,402030,Capital Markets,40203020,Investment Banking & Brokerage,0.750,model+crosswalk,
NCRA,"Nocera, Inc. Common Stock",0200,30,Consumer Staples,3020,"Food, Beverage & Tobacco",302020,Food Products,30202030,Packaged Foods & Meats,0.750,model+crosswalk,
NCSM,"NCS Multistage Holdings, Inc.",1389,10,Energy,1010,Energy,101010,Energy Equipment & Services,10101020,Oil & Gas Equipment & Services,0.900,model+crosswalk,
NCT,Intercont (Cayman) Limited Class A Ordinary shares,,20,Industrials,2030,Transportation,203030,Marine Transportation,20303010,Marine Transportation,0.650,model+crosswalk,
NDAQ,"Nasdaq, Inc. Common Stock",6200,40,Financials,4020,Financial Services,402030,Capital Markets,40203040,Financial Exchanges & Data,0.900,model+crosswalk,
NDKCF,NIPPON DENSETSU KOGYO,,,,,,,,,,,,no_evidence
NDLS,Noodles & Company Class A,5812,25,Consumer Discretionary,2530,Consumer Services,253010,"Hotels, Restaurants & Leisure",25301040,Restaurants,0.900,model+crosswalk,
NDRA,ENDRA Life Sciences Inc. Common Stock,3845,35,Health Care,3520,"Pharmaceuticals, Biotechnology & Life Sciences",352030,Life Sciences Tools & Services,35203010,Life Sciences Tools & Services,0.700,yahoo+sic,
NDSN,Nordson Corp,3569,20,Industrials,2010,Capital Goods,201060,Machinery,20106020,Industrial Machinery & Supplies & Components,0.900,model+crosswalk,
NE,Noble Corporation plc,1381,10,Energy,1010,Energy,101010,Energy Equipment & Services,10101010,Oil & Gas Drilling,0.913,model+crosswalk,
NECB,"Northeast Community Bancorp, Inc.",6036,40,Financials,4010,Banks,401010,Banks,40101015,Regional Banks,0.900,model+crosswalk,
NEE,"NextEra Energy, Inc.",4911,55,Utilities,5510,Utilities,551010,Electric Utilities,55101010,Electric Utilities,0.750,model+crosswalk,
NEFB,NEFFS BANCORP INC,,40,Financials,4010,Banks,401010,Banks,40101015,Regional Banks,0.650,model+crosswalk,
NEGG,"Newegg Commerce, Inc. Common Shares",3841,25,Consumer Discretionary,2550,Consumer Discretionary Distribution & Retail,255030,Broadline Retail,25503030,Broadline Retail,0.600,yahoo,
NEM,Newmont Corporation,1040,15,Materials,1510,Materials,151040,Metals & Mining,15104030,Gold,0.750,model+crosswalk,
NEN,New England Realty Associates Limited Partnership,6513,60,Real Estate,6020,Real Estate Management & Development,602010,Real Estate Management & Development,60201020,Real Estate Operating Companies,0.946,model+crosswalk,
NEO,"NeoGenomics, Inc.",8734,35,Health Care,3510,Health Care Equipment & Services,351020,Health Care Providers & Services,35102015,Health Care Services,0.600,yahoo,
NEOG,Neogen Corp,2835,35,Health Care,3510,Health Care Equipment & Services,351010,Health Care Equipment & Supplies,35101010,Health Care Equipment,0.750,model+crosswalk,
NEOJF,NEOJAPAN INC,,45,Information Technology,4510,Software & Services,451030,Software,45103010,Application Software,0.987,model+crosswalk,
NEON,Neonode Inc. Common Stock,3679,45,Information Technology,4520,Technology Hardware & Equipment,452030,"Electronic Equipment, Instruments & Components",45203015,Electronic Components,0.900,model+crosswalk,
NEOV,NeoVolta Inc. Common Stock,3690,20,Industrials,2010,Capital Goods,201040,Electrical Equipment,20104010,Electrical Components & Equipment,0.932,model+crosswalk,
NEPH,Nephros Inc.,3841,35,Health Care,3510,Health Care Equipment & Services,351010,Health Care Equipment & Supplies,35101020,Health Care Supplies,0.750,yahoo+sic,
NERV,"Minerva Neurosciences, Inc",2834,35,Health Care,3520,"Pharmaceuticals, Biotechnology & Life Sciences",352010,Biotechnology,35201010,Biotechnology,0.900,model+crosswalk,
NESR,National Energy Services Reunited Corp. Ordinary Shares,1389,10,Energy,1010,Energy,101010,Energy Equipment & Services,10101020,Oil & Gas Equipment & Services,0.900,model+crosswalk,
NET,"Cloudflare, Inc. Class A common stock, par value $0.001 per share",7372,45,Information Technology,4510,Software & Services,451020,IT Services,45102030,Internet Services & Infrastructure,0.900,model+crosswalk,
NEU,NewMarket Corporation,2860,15,Materials,1510,Materials,151010,Chemicals,15101050,Specialty Chemicals,0.900,model+crosswalk,
NEUP,Neuphoria Therapeutics Inc. Common Stock,2834,35,Health Care,3520,"Pharmaceuticals, Biotechnology & Life Sciences",352010,Biotechnology,35201010,Biotechnology,0.900,model+crosswalk,
NEWP,New Pacific Metals Corp.,,15,Materials,1510,Materials,151040,Metals & Mining,15104045,Silver,0.650,model+crosswalk,
NEWT,"NewtekOne, Inc. Common Stock",6021,40,Financials,4010,Banks,401010,Banks,40101015,Regional Banks,0.900,model+crosswalk,
NEWTG,"NewtekOne, Inc. 8.50% Fixed Rate Senior Notes due 2029",6021,,,,,,,,,,,not_common_equity
NEWTH,"NewtekOne, Inc. 8.625% Fixed Rate Senior Notes due 2029",6021,,,,,,,,,,,not_common_equity
NEWTI,"NewtekOne, Inc. 8.00% Fixed Rate Senior Notes due 2028",6021,,,,,,,,,,,not_common_equity
NEWTO,"NewtekOne, Inc. 8.50% Fixed Rate Senior Notes due 2031",6021,,,,,,,,,,,not_common_equity
NEXA,Nexa Resources S.A. Common Shares,,15,Materials,1510,Materials,151040,Metals & Mining,15104020,Diversified Metals & Mining,0.650,model+crosswalk,
NEXM,NexMetals Mining Corp. Common Shares,1000,15,Materials,1510,Materials,151040,Metals & Mining,15104040,Precious Metals & Minerals,0.750,yahoo+sic,
NEXN,Nexxen International Ltd. Ordinary Shares,,50,Communication Services,5020,Media & Entertainment,502010,Media,50201010,Advertising,0.650,model+crosswalk,
NEXR,Nexera Technologies Ltd Ordinary Shares,5900,25,Consumer Discretionary,2550,Consumer Discretionary Distribution & Retail,255030,Broadline Retail,25503030,Broadline Retail,0.750,yahoo+sic,
NEXT,NextDecade Corporation Common Stock,4923,10,Energy,1010,Energy,101010,Energy Equipment & Services,10101020,Oil & Gas Equipment & Services,0.600,yahoo,
NFE,New Fortress Energy Inc. Class A Common Stock,4924,10,Energy,1010,Energy,101020,"Oil, Gas & Consumable Fuels",10102040,Oil & Gas Storage & Transportation,0.600,model+crosswalk,
NFG,National Fuel Gas Co.,4924,10,Energy,1010,Energy,101020,"Oil, Gas & Consumable Fuels",10102010,Integrated Oil & Gas,0.600,yahoo,
NFGC,New Found Gold Corp,,15,Materials,1510,Materials,151040,Metals & Mining,15104030,Gold,0.650,model+crosswalk,
NFLX,NetFlix Inc,7841,50,Communication Services,5020,Media & Entertainment,502020,Entertainment,50202010,Movies & Entertainment,0.900,model+crosswalk,
NFPC,NORTHFIELD PRECISION INST,,20,Industrials,2010,Capital Goods,201060,Machinery,20106020,Industrial Machinery & Supplies & Components,0.805,model+crosswalk,
NFTN,NFINITI INC,,30,Consumer Staples,3020,"Food, Beverage & Tobacco",302010,Beverages,30201010,Brewers,0.650,model+crosswalk,
NG,NovaGold Resources Inc.,1040,15,Materials,1510,Materials,151040,Metals & Mining,15104030,Gold,0.933,model+crosswalk,
NGCG,NEW GENERATION CONSUMER,,45,Information Technology,4510,Software & Services,451030,Software,45103010,Application Software,0.650,model+crosswalk,
NGEN,NervGen Pharma Corp. Common stock,,35,Health Care,3520,"Pharmaceuticals, Biotechnology & Life Sciences",352010,Biotechnology,35201010,Biotechnology,0.650,model+crosswalk,
NGL,NGL ENERGY PARTNERS LP,4922,10,Energy,1010,Energy,101020,"Oil, Gas & Consumable Fuels",10102040,Oil & Gas Storage & Transportation,0.900,model+crosswalk,
NGMC,NEXT GENERATION MGMT,,25,Consumer Discretionary,2550,Consumer Discretionary Distribution & Retail,255030,Broadline Retail,25503030,Broadline Retail,0.650,model+crosswalk,
NGNE,"Neurogene, Inc. Common Stock",2834,35,Health Care,3520,"Pharmaceuticals, Biotechnology & Life Sciences",352010,Biotechnology,35201010,Biotechnology,0.900,model+crosswalk,
NGS,"Natural Gas Services Group, Inc.",1389,10,Energy,1010,Energy,101010,Energy Equipment & Services,10101020,Oil & Gas Equipment & Services,0.900,model+crosswalk,
NGVC,"NATURAL GROCERS BY VITAMIN COTTAGE, INC",5411,30,Consumer Staples,3010,Consumer Staples Distribution & Retail,301010,Consumer Staples Distribution & Retail,30101030,Food Retail,0.900,model+crosswalk,
NGVT,Ingevity Corporation,2800,15,Materials,1510,Materials,151010,Chemicals,15101050,Specialty Chemicals,0.900,model+crosswalk,
NHC,National Healthcare Corp.,8051,35,Health Care,3510,Health Care Equipment & Services,351020,Health Care Providers & Services,35102015,Health Care Services,0.750,yahoo+sic,
NHDGF,NIHON DENGI CO LTD,,,,,,,,,,,,no_evidence
NHFOF,NH FOOD LTD,,30,Consumer Staples,3020,"Food, Beverage & Tobacco",302020,Food Products,30202030,Packaged Foods & Meats,0.997,model+crosswalk,
NHI,National Health Investors,6798,60,Real Estate,6010,Equity Real Estate Investment Trusts (REITs),601050,Health Care REITs,60105010,Health Care REITs,0.900,model+crosswalk,
NHIC,NewHold Investment Corp III Class A Ordinary shares,6770,,,,,,,,,,,shell_company
NHIV,NewHold Investment Corp IV Class A Ordinary Shares,6770,,,,,,,,,,,shell_company
NHMBF,NOHMI BOSAI LTD,,20,Industrials,2020,Commercial & Professional Services,202010,Commercial Services & Supplies,20201080,Security & Alarm Services,0.650,model+crosswalk,
NHMD,NATE'S FOOD CO,,40,Financials,4020,Financial Services,402030,Capital Markets,40203020,Investment Banking & Brokerage,0.650,model+crosswalk,
NHP,"National Healthcare Properties, Inc. Class A Common Stock",6798,60,Real Estate,6010,Equity Real Estate Investment Trusts (REITs),601050,Health Care REITs,60105010,Health Care REITs,0.900,model+crosswalk,
NHTC,Natural Health Trends Corp.,5190,25,Consumer Discretionary,2550,Consumer Discretionary Distribution & Retail,255030,Broadline Retail,25503030,Broadline Retail,0.600,yahoo,
NI,NiSource Inc.,4931,55,Utilities,5510,Utilities,551020,Gas Utilities,55102010,Gas Utilities,0.750,model+crosswalk,
NIC,"Nicolet Bankshares,Inc.",6021,40,Financials,4010,Banks,401010,Banks,40101015,Regional Banks,0.900,model+crosswalk,
NIKI,"Niki BioSolutions, Inc. Common Stock",,35,Health Care,3520,"Pharmaceuticals, Biotechnology & Life Sciences",352010,Biotechnology,35201010,Biotechnology,0.650,model+crosswalk,
NINE,"Nine Energy Service, Inc.",1389,10,Energy,1010,Energy,101010,Energy Equipment & Services,10101020,Oil & Gas Equipment & Services,0.900,model+crosswalk,
NIQ,NIQ Global Intelligence plc,7370,45,Information Technology,4510,Software & Services,451030,Software,45103010,Application Software,0.550,model+crosswalk,
NITKF,NORITAKE CO,,,,,,,,,,,,no_evidence
NIVF,NewGenIvf Group Limited Class A ordinary shares,,35,Health Care,3510,Health Care Equipment & Services,351020,Health Care Providers & Services,35102020,Health Care Facilities,0.650,model+crosswalk,
NIXX,"Nixxy, Inc. Common Stock",7371,50,Communication Services,5010,Telecommunication Services,501010,Diversified Telecommunication Services,50101020,Integrated Telecommunication Services,0.600,yahoo,
NJOGF,NJS CO LTD,,,,,,,,,,,,no_evidence
NJR,New Jersey Resources Corp,4924,55,Utilities,5510,Utilities,551020,Gas Utilities,55102010,Gas Utilities,0.900,model+crosswalk,
NKE,"Nike, Inc.",3021,25,Consumer Discretionary,2520,Consumer Durables & Apparel,252030,"Textiles, Apparel & Luxury Goods",25203020,Footwear,0.910,model+crosswalk,
NKKSF,NIKKISO CO LTD ORD,,,,,,,,,,,,no_evidence
NKLR,Terra Innovatum Global N.V. Ordinary shares,3443,55,Utilities,5510,Utilities,551010,Electric Utilities,55101010,Electric Utilities,0.600,yahoo,
NKSEF,NAKAKITA SEISAKUSHO CO,,,,,,,,,,,,no_evidence
NKSH,National Bankshares Inc/VA,6021,40,Financials,4010,Banks,401010,Banks,40101015,Regional Banks,0.900,model+crosswalk,
NKTR,Nektar Therapeutics,2834,35,Health Care,3520,"Pharmaceuticals, Biotechnology & Life Sciences",352010,Biotechnology,35201010,Biotechnology,0.900,model+crosswalk,
NKTX,"Nkarta, Inc. Common Stock",2834,35,Health Care,3520,"Pharmaceuticals, Biotechnology & Life Sciences",352010,Biotechnology,35201010,Biotechnology,0.900,model+crosswalk,
NL,"NLI Holdings, Inc.",2810,20,Industrials,2020,Commercial & Professional Services,202010,Commercial Services & Supplies,20201080,Security & Alarm Services,0.600,yahoo,
NLCP,NEWLAKE CAP PARTNERS INC,,60,Real Estate,6010,Equity Real Estate Investment Trusts (REITs),601080,Specialized REITs,60108010,Other Specialized REITs,0.650,yahoo,
NLOP,Net Lease Office Properties,6798,60,Real Estate,6010,Equity Real Estate Investment Trusts (REITs),601040,Office REITs,60104010,Office REITs,0.900,model+crosswalk,
NLY,Annaly Capital Management. Inc.,6798,40,Financials,4020,Financial Services,402040,Mortgage Real Estate Investment Trusts,40204010,Mortgage REITs,0.900,model+crosswalk,
NMAD,"Nomad Power Solutions, Inc. Common Stock",2834,20,Industrials,2010,Capital Goods,201040,Electrical Equipment,20104010,Electrical Components & Equipment,0.600,model+crosswalk,
NMAX,"Newsmax, Inc.",4833,50,Communication Services,5020,Media & Entertainment,502010,Media,50201030,Cable & Satellite,0.750,yahoo+sic,
NMBF,NMB FINL  CORP,,40,Financials,4010,Banks,401010,Banks,40101015,Regional Banks,0.650,model+crosswalk,
NMFC,NEW MOUNTAIN FINANCE CORPORATION,,40,Financials,4020,Financial Services,402030,Capital Markets,40203010,Asset Management & Custody Banks,0.650,model+crosswalk,
NMFCZ,New Mountain Finance Corporation 8.250% Notes due 2028,,,,,,,,,,,,not_common_equity
NMG,Nouveau Monde Graphite Inc.,,15,Materials,1510,Materials,151040,Metals & Mining,15104020,Diversified Metals & Mining,0.650,model+crosswalk,
NMIH,NMI Holdings Inc. Common Stock,6351,40,Financials,4030,Insurance,403010,Insurance,40301050,Reinsurance,0.750,yahoo+sic,
NMM,Navios Maritime Partners L.P.,,20,Industrials,2030,Transportation,203030,Marine Transportation,20303010,Marine Transportation,0.650,model+crosswalk,
NMP,NMP Acquisition Corp. Class A Ordinary Shares,6770,,,,,,,,,,,shell_company
NMRA,"Neumora Therapeutics, Inc. Common Stock",2836,35,Health Care,3520,"Pharmaceuticals, Biotechnology & Life Sciences",352010,Biotechnology,35201010,Biotechnology,0.900,model+crosswalk,
NMRK,"Newmark Group, Inc. Class A Common Stock",6531,60,Real Estate,6020,Real Estate Management & Development,602010,Real Estate Management & Development,60201040,Real Estate Services,0.900,model+crosswalk,
NMTC,NeuroOne Medical Technologies Corporation Common Stock,3841,35,Health Care,3510,Health Care Equipment & Services,351010,Health Care Equipment & Supplies,35101010,Health Care Equipment,0.900,model+crosswalk,
NN,NextNav Inc. Common Stock,3812,45,Information Technology,4510,Software & Services,451030,Software,45103020,Systems Software,0.600,yahoo,
NNBKF,NANTO BANK LTD,,40,Financials,4010,Banks,401010,Banks,40101015,Regional Banks,0.350,keywords,
NNBR,NN Inc,3540,20,Industrials,2010,Capital Goods,201050,Industrial Conglomerates,20105010,Industrial Conglomerates,0.750,yahoo+sic,
NNE,Nano Nuclear Energy Inc. Common Stock,4911,20,Industrials,2010,Capital Goods,201060,Machinery,20106020,Industrial Machinery & Supplies & Components,0.600,model+crosswalk,
NNI,"Nelnet, Inc. Class A",6141,40,Financials,4020,Financial Services,402010,Financial Services,40201060,Transaction & Payment Processing Services,0.750,yahoo+sic,
NNN,"NNN REIT, Inc.",6798,60,Real Estate,6010,Equity Real Estate Investment Trusts (REITs),601070,Retail REITs,60107010,Retail REITs,0.900,model+crosswalk,
NNNN,Anbio Biotechnology Class A Ordinary Shares,,35,Health Care,3510,Health Care Equipment & Services,351010,Health Care Equipment & Supplies,35101020,Health Care Supplies,0.650,model+crosswalk,
NNOX,NANO-X IMAGING LTD Ordinary Shares,,35,Health Care,3510,Health Care Equipment & Services,351010,Health Care Equipment & Supplies,35101010,Health Care Equipment,0.650,yahoo,
NNUP,NOCOPI TECHS INC,,15,Materials,1510,Materials,151010,Chemicals,15101050,Specialty Chemicals,0.650,model+crosswalk,
NNVC,NanoViricides Inc.,2834,35,Health Care,3520,"Pharmaceuticals, Biotechnology & Life Sciences",352010,Biotechnology,35201010,Biotechnology,0.900,model+crosswalk,
NOA,North American Construction Group Ltd.,,10,Energy,1010,Energy,101010,Energy Equipment & Services,10101020,Oil & Gas Equipment & Services,0.650,model+crosswalk,
NOC,Northrop Grumman Corp.,3812,20,Industrials,2010,Capital Goods,201010,Aerospace & Defense,20101010,Aerospace & Defense,0.900,model+crosswalk,
NODB,NORTH DALLAS BK&TR CO TEX,,40,Financials,4010,Banks,401010,Banks,40101015,Regional Banks,0.650,yahoo,
NODK,"NI Holdings, Inc.",6331,40,Financials,4030,Insurance,403010,Insurance,40301040,Property & Casualty Insurance,0.900,model+crosswalk,
NOEM,CO2 Energy Transition Corp. Common Stock,6770,,,,,,,,,,,shell_company
NOG,"Northern Oil and Gas, Inc.",1311,10,Energy,1010,Energy,101020,"Oil, Gas & Consumable Fuels",10102020,Oil & Gas Exploration & Production,0.964,model+crosswalk,
NOMA,NOMADAR Corp. Class A Common Stock,7900,25,Consumer Discretionary,2530,Consumer Services,253010,"Hotels, Restaurants & Leisure",25301030,Leisure Facilities,0.945,model+crosswalk,
NOMD,Nomad Foods Limited,,30,Consumer Staples,3020,"Food, Beverage & Tobacco",302020,Food Products,30202030,Packaged Foods & Meats,0.723,model+crosswalk,
NOV,NOV Inc.,3533,10,Energy,1010,Energy,101010,Energy Equipment & Services,10101020,Oil & Gas Equipment & Services,0.939,model+crosswalk,
NOVT,Novanta Inc. Common Stock,3690,35,Health Care,3520,"Pharmaceuticals, Biotechnology & Life Sciences",352030,Life Sciences Tools & Services,35203010,Life Sciences Tools & Services,0.600,yahoo,
NOW,"SERVICENOW, INC.",7372,45,Information Technology,4510,Software & Services,451030,Software,45103010,Application Software,0.900,model+crosswalk,
NOWG,NOWIGENCE INC,,45,Information Technology,4510,Software & Services,451030,Software,45103010,Application Software,0.987,model+crosswalk,
NP,Neptune Insurance Holdings Inc.,6411,40,Financials,4030,Insurance,403010,Insurance,40301010,Insurance Brokers,0.900,model+crosswalk,
NPAC,New Providence Acquisition Corp. III Class A Ordinary Shares,6770,,,,,,,,,,,shell_company
NPB,"Northpointe Bancshares, Inc.",6022,40,Financials,4010,Banks,401010,Banks,40101015,Regional Banks,0.900,model+crosswalk,
NPCE,"Neuropace, Inc. Common Stock",3841,35,Health Care,3510,Health Care Equipment & Services,351010,Health Care Equipment & Supplies,35101010,Health Care Equipment,0.900,model+crosswalk,
NPEHF,NIPPON EXPRESS HLDGS INC,,20,Industrials,2030,Transportation,203010,Air Freight & Logistics,20301010,Air Freight & Logistics,0.650,model+crosswalk,
NPK,"National Presto Industries, Inc.",3480,20,Industrials,2010,Capital Goods,201010,Aerospace & Defense,20101010,Aerospace & Defense,0.600,model+crosswalk,
NPKI,NPK International Inc.,7350,20,Industrials,2010,Capital Goods,201020,Building Products,20102010,Building Products,0.750,yahoo+sic,
NPO,Enpro Inc.,3050,45,Information Technology,4530,Semiconductors & Semiconductor Equipment,453010,Semiconductors & Semiconductor Equipment,45301010,Semiconductor Materials & Equipment,0.600,yahoo,
NPRKF,NPR RIKEN CORP,,25,Consumer Discretionary,2510,Automobiles & Components,251010,Automobile Components,25101010,Automotive Parts & Equipment,0.708,model+crosswalk,
NPT,Texxon Holding Limited Ordinary shares,,15,Materials,1510,Materials,151010,Chemicals,15101010,Commodity Chemicals,0.650,model+crosswalk,
NPWR,NET Power Inc.,3620,20,Industrials,2010,Capital Goods,201060,Machinery,20106020,Industrial Machinery & Supplies & Components,0.750,model+crosswalk,
NRC,NRC Health Common Stock,8731,35,Health Care,3510,Health Care Equipment & Services,351030,Health Care Technology,35103010,Health Care Technology,0.700,yahoo+sic,
NRDS,"NerdWallet, Inc. Class A Common Stock",7374,50,Communication Services,5020,Media & Entertainment,502030,Interactive Media & Services,50203010,Interactive Media & Services,0.900,model+crosswalk,
NRDY,Nerdy Inc.,8200,45,Information Technology,4510,Software & Services,451030,Software,45103010,Application Software,0.600,model+crosswalk,
NREF,"NexPoint Real Estate Finance, Inc.",6798,40,Financials,4020,Financial Services,402040,Mortgage Real Estate Investment Trusts,40204010,Mortgage REITs,0.900,model+crosswalk,
NRG,"NRG Energy, Inc.",4911,55,Utilities,5510,Utilities,551050,Independent Power and Renewable Electricity Producers,55105010,Independent Power Producers & Energy Traders,0.914,model+crosswalk,
NRGV,"Energy Vault Holdings, Inc.",3690,55,Utilities,5510,Utilities,551050,Independent Power and Renewable Electricity Producers,55105020,Renewable Electricity,0.600,yahoo,
NRIM,Northrim BanCorp Inc,6035,40,Financials,4010,Banks,401010,Banks,40101015,Regional Banks,0.900,model+crosswalk,
NRIX,"Nurix Therapeutics, Inc. Common stock",2834,35,Health Care,3520,"Pharmaceuticals, Biotechnology & Life Sciences",352010,Biotechnology,35201010,Biotechnology,0.900,model+crosswalk,
NRP,Natural Resource Partners L.P.,1221,10,Energy,1010,Energy,101020,"Oil, Gas & Consumable Fuels",10102050,Coal & Consumable Fuels,0.900,model+crosswalk,
NRSN,NeuroSense Therapeutics Ltd. Ordinary Shares,,35,Health Care,3520,"Pharmaceuticals, Biotechnology & Life Sciences",352010,Biotechnology,35201010,Biotechnology,0.650,model+crosswalk,
NRT,North European Oil Royalty Trust,6792,10,Energy,1010,Energy,101020,"Oil, Gas & Consumable Fuels",10102020,Oil & Gas Exploration & Production,0.900,model+crosswalk,
NRXP,"NRX Pharmaceuticals, Inc. Common Stock",2834,35,Health Care,3520,"Pharmaceuticals, Biotechnology & Life Sciences",352010,Biotechnology,35201010,Biotechnology,0.900,model+crosswalk,
NRXS,"Neuraxis, Inc.",3845,35,Health Care,3520,"Pharmaceuticals, Biotechnology & Life Sciences",352010,Biotechnology,35201010,Biotechnology,0.700,yahoo+sic,
NSAI,NorthStrive Acquisition Corp I. Class A Ordinary Shares,,,,,,,,,,,,shell_company
NSC,Norfolk Southern Corp.,4011,20,Industrials,2030,Transportation,203040,Ground Transportation,20304010,Rail Transportation,0.925,model+crosswalk,
NSHGF,NISSHIN GROUP HLDGS CO,,,,,,,,,,,,no_evidence
NSIGF,NIPPON SIGNAL CO LTD ORD,,,,,,,,,,,,no_evidence
NSIT,Insight Enterprises Inc,5961,45,Information Technology,4520,Technology Hardware & Equipment,452030,"Electronic Equipment, Instruments & Components",45203030,Technology Distributors,0.600,yahoo,
NSLR,Neostellar Capital Corp. Common Stock,,40,Financials,4020,Financial Services,402030,Capital Markets,40203010,Asset Management & Custody Banks,0.650,model+crosswalk,
NSLRL,Neostellar Capital Corp. 6.00% Notes due 2026,,,,,,,,,,,,not_common_equity
NSP,"Insperity, Inc",7363,20,Industrials,2020,Commercial & Professional Services,202020,Professional Services,20202010,Human Resource & Employment Services,0.900,model+crosswalk,
NSPR,"InspireMD, Inc.",3841,35,Health Care,3510,Health Care Equipment & Services,351010,Health Care Equipment & Supplies,35101010,Health Care Equipment,0.900,model+crosswalk,
NSRX,Nasus Pharma Ltd.,,35,Health Care,3520,"Pharmaceuticals, Biotechnology & Life Sciences",352020,Pharmaceuticals,35202010,Pharmaceuticals,0.650,yahoo,
NSSC,"Napco Security Technologies, Inc",3669,20,Industrials,2020,Commercial & Professional Services,202010,Commercial Services & Supplies,20201080,Security & Alarm Services,0.600,yahoo,
NSTR,"NorthStar Earth & Space Enterprises, Inc.",,,,,,,,,,,,
NSTS,"NSTS Bancorp, Inc. Common Stock",6035,40,Financials,4010,Banks,401010,Banks,40101015,Regional Banks,0.900,model+crosswalk,
NSYC,NATL STK YDS CO,,30,Consumer Staples,3020,"Food, Beverage & Tobacco",302020,Food Products,30202010,Agricultural Products & Services,0.650,model+crosswalk,
NSYS,Nortech Systems Inc,3679,35,Health Care,3510,Health Care Equipment & Services,351010,Health Care Equipment & Supplies,35101010,Health Care Equipment,0.600,yahoo,
NTAP,"NetApp, Inc",3572,45,Information Technology,4510,Software & Services,451020,IT Services,45102030,Internet Services & Infrastructure,0.700,yahoo+sic,
NTB,The Bank of N.T. Butterfield & Son Limited,,40,Financials,4010,Banks,401010,Banks,40101010,Diversified Banks,0.650,yahoo,
NTBP,NEW TRIPOLI BANCORP INC,,40,Financials,4010,Banks,401010,Banks,40101015,Regional Banks,0.650,model+crosswalk,
NTCL,NETCLASS TECHNOLOGY INC Class A Ordinary Shares,,45,Information Technology,4510,Software & Services,451030,Software,45103010,Application Software,0.650,model+crosswalk,
NTCT,Netscout Systems Inc,7373,45,Information Technology,4510,Software & Services,451030,Software,45103020,Systems Software,0.900,model+crosswalk,
NTGR,"NETGEAR, Inc.",3661,45,Information Technology,4520,Technology Hardware & Equipment,452010,Communications Equipment,45201020,Communications Equipment,0.900,model+crosswalk,
NTHI,"NeOnc Technologies Holdings, Inc. Common Stock",2834,35,Health Care,3520,"Pharmaceuticals, Biotechnology & Life Sciences",352010,Biotechnology,35201010,Biotechnology,0.900,model+crosswalk,
NTIC,Northern Technologies International Corp.,3470,15,Materials,1510,Materials,151010,Chemicals,15101050,Specialty Chemicals,0.600,model+crosswalk,
NTIP,"Network-1 Technologies, Inc.",6794,20,Industrials,2020,Commercial & Professional Services,202010,Commercial Services & Supplies,20201070,Diversified Support Services,0.600,yahoo,
NTLA,"Intellia Therapeutics, Inc",2835,35,Health Care,3520,"Pharmaceuticals, Biotechnology & Life Sciences",352010,Biotechnology,35201010,Biotechnology,0.900,model+crosswalk,
NTNX,"Nutanix, Inc. Class A Common Stock",7372,45,Information Technology,4510,Software & Services,451020,IT Services,45102030,Internet Services & Infrastructure,0.900,model+crosswalk,
NTR,Nutrien Ltd. Common Shares,,15,Materials,1510,Materials,151010,Chemicals,15101030,Fertilizers & Agricultural Chemicals,0.650,model+crosswalk,
NTRA,"Natera, Inc. Common Stock",8071,35,Health Care,3520,"Pharmaceuticals, Biotechnology & Life Sciences",352030,Life Sciences Tools & Services,35203010,Life Sciences Tools & Services,0.900,model+crosswalk,
NTRB,Nutriband Inc. Common Stock,3842,35,Health Care,3520,"Pharmaceuticals, Biotechnology & Life Sciences",352010,Biotechnology,35201010,Biotechnology,0.700,yahoo+sic,
NTRP,"NextTrip, Inc. Common Stock",4700,25,Consumer Discretionary,2530,Consumer Services,253010,"Hotels, Restaurants & Leisure",25301020,"Hotels, Resorts & Cruise Lines",0.600,yahoo,
NTRS,Northern Trust Corp,6022,40,Financials,4020,Financial Services,402030,Capital Markets,40203010,Asset Management & Custody Banks,0.700,model+crosswalk,
NTRX,ENTREX CARBON MARKET INC,,40,Financials,4020,Financial Services,402030,Capital Markets,40203040,Financial Exchanges & Data,0.650,model+crosswalk,
NTSK,"Netskope, Inc. Class A Common Stock",7372,45,Information Technology,4510,Software & Services,451030,Software,45103020,Systems Software,0.750,model+crosswalk,
NTST,NetSTREIT Corp.,6798,60,Real Estate,6010,Equity Real Estate Investment Trusts (REITs),601070,Retail REITs,60107010,Retail REITs,0.900,model+crosswalk,
NTTMF,NITTETSU MINING CO LTD,,15,Materials,1510,Materials,151040,Metals & Mining,15104025,Copper,0.650,yahoo,
NTWK,"NetSol Technologies, Inc.",7372,45,Information Technology,4510,Software & Services,451030,Software,45103010,Application Software,0.900,model+crosswalk,
NTWO,Newbury Street II Acquisition Corp Class A Ordinary Shares,6770,,,,,,,,,,,shell_company
NU,Nu Holdings Ltd.,,40,Financials,4010,Banks,401010,Banks,40101015,Regional Banks,0.650,model+crosswalk,
NUAI,"New Era Energy & Digital, Inc. Common Stock",1311,45,Information Technology,4510,Software & Services,451020,IT Services,45102030,Internet Services & Infrastructure,0.600,model+crosswalk,
NUCL,Eagle Nuclear Energy Corp. Common stock,1090,10,Energy,1010,Energy,101020,"Oil, Gas & Consumable Fuels",10102050,Coal & Consumable Fuels,0.900,model+crosswalk,
NUE,Nucor Corporation,3312,15,Materials,1510,Materials,151040,Metals & Mining,15104050,Steel,0.900,model+crosswalk,
NUR,Nuran Wireless Inc. Common Shares,,45,Information Technology,4520,Technology Hardware & Equipment,452010,Communications Equipment,45201020,Communications Equipment,0.650,model+crosswalk,
NUS,"NuSkin Enterprises, Inc.",5122,30,Consumer Staples,3030,Household & Personal Products,303020,Personal Care Products,30302010,Personal Care Products,0.900,model+crosswalk,
NUTX,Nutex Health Inc. Common Stock,7389,35,Health Care,3510,Health Care Equipment & Services,351020,Health Care Providers & Services,35102015,Health Care Services,0.900,model+crosswalk,
NUVB,Nuvation Bio Inc.,2834,35,Health Care,3520,"Pharmaceuticals, Biotechnology & Life Sciences",352010,Biotechnology,35201010,Biotechnology,0.900,model+crosswalk,
NUVI,EMO CAPITAL CORP,,,,,,,,,,,,shell_company
NUVR,NUVERA COMMUNICATIONS INC,,50,Communication Services,5010,Telecommunication Services,501010,Diversified Telecommunication Services,50101020,Integrated Telecommunication Services,0.650,yahoo,
NUWE,"Nuwellis, Inc. Common Stock",3845,35,Health Care,3510,Health Care Equipment & Services,351010,Health Care Equipment & Supplies,35101010,Health Care Equipment,0.900,model+crosswalk,
NVA,Nova Minerals Corp,,15,Materials,1510,Materials,151040,Metals & Mining,15104020,Diversified Metals & Mining,0.650,yahoo,
NVAX,Novavax Inc,2836,35,Health Care,3520,"Pharmaceuticals, Biotechnology & Life Sciences",352010,Biotechnology,35201010,Biotechnology,0.900,model+crosswalk,
NVCR,NovoCure Limited Ordinary Shares,3841,35,Health Care,3510,Health Care Equipment & Services,351010,Health Care Equipment & Supplies,35101010,Health Care Equipment,0.900,model+crosswalk,
NVCT,"Nuvectis Pharma, Inc. Common Stock",2834,35,Health Care,3520,"Pharmaceuticals, Biotechnology & Life Sciences",352010,Biotechnology,35201010,Biotechnology,0.900,model+crosswalk,
NVDA,Nvidia Corp,3674,45,Information Technology,4530,Semiconductors & Semiconductor Equipment,453010,Semiconductors & Semiconductor Equipment,45301020,Semiconductors,0.900,model+crosswalk,
NVEC,NVE Corp,3674,45,Information Technology,4530,Semiconductors & Semiconductor Equipment,453010,Semiconductors & Semiconductor Equipment,45301020,Semiconductors,0.900,model+crosswalk,
NVGS,NAVIGATOR HOLDINGS LTD.,,10,Energy,1010,Energy,101020,"Oil, Gas & Consumable Fuels",10102040,Oil & Gas Storage & Transportation,0.650,model+crosswalk,
NVMI,Nova Ltd. Ordinary Shares,,45,Information Technology,4530,Semiconductors & Semiconductor Equipment,453010,Semiconductors & Semiconductor Equipment,45301010,Semiconductor Materials & Equipment,0.650,model+crosswalk,
NVNI,Nvni Group Limited Ordinary Shares,,45,Information Technology,4510,Software & Services,451030,Software,45103010,Application Software,0.650,model+crosswalk,
NVNO,enVVeno Medical Corporation Common Stock,3841,35,Health Care,3510,Health Care Equipment & Services,351010,Health Care Equipment & Supplies,35101010,Health Care Equipment,0.900,model+crosswalk,
NVR,"NVR, Inc.",1531,25,Consumer Discretionary,2520,Consumer Durables & Apparel,252010,Household Durables,25201030,Homebuilding,0.900,model+crosswalk,
NVRI,Enviri Corporation,4953,20,Industrials,2020,Commercial & Professional Services,202010,Commercial Services & Supplies,20201050,Environmental & Facilities Services,0.900,model+crosswalk,
NVST,"Envista Holdings Corporation Common stock, $0.01 par value per share",3843,35,Health Care,3510,Health Care Equipment & Services,351010,Health Care Equipment & Supplies,35101010,Health Care Equipment,0.750,yahoo+sic,
NVT,nVent Electric plc Ordinary Shares,3550,20,Industrials,2010,Capital Goods,201040,Electrical Equipment,20104010,Electrical Components & Equipment,0.750,model+crosswalk,
NVTS,Navitas Semiconductor Corporation Common Stock,3674,45,Information Technology,4530,Semiconductors & Semiconductor Equipment,453010,Semiconductors & Semiconductor Equipment,45301020,Semiconductors,0.900,model+crosswalk,
NWAX,New America Acquisition I Corp.,6770,,,,,,,,,,,shell_company
NWBI,"Northwest Bancshares, Inc",6021,40,Financials,4010,Banks,401010,Banks,40101015,Regional Banks,0.900,model+crosswalk,
NWCL,newcleo plc Ordinary shares,,20,Industrials,2010,Capital Goods,201060,Machinery,20106020,Industrial Machinery & Supplies & Components,0.887,model+crosswalk,
NWE,"NorthWestern Energy Group, Inc. Common Stock",4931,55,Utilities,5510,Utilities,551010,Electric Utilities,55101010,Electric Utilities,0.750,model+crosswalk,
NWFL,Norwood Financial Corp,6022,40,Financials,4010,Banks,401010,Banks,40101015,Regional Banks,0.900,model+crosswalk,
NWL,Newell Brands Inc.,3089,30,Consumer Staples,3030,Household & Personal Products,303010,Household Products,30301010,Household Products,0.600,yahoo,
NWN,Northwest Natural Holding Company,4924,55,Utilities,5510,Utilities,551020,Gas Utilities,55102010,Gas Utilities,0.900,model+crosswalk,
NWPP,NEW PEOPLES BNKSHS INC,,40,Financials,4010,Banks,401010,Banks,40101015,Regional Banks,0.650,model+crosswalk,
NWPX,"NWPX Infrastructure, Inc. Common Stock",3317,15,Materials,1510,Materials,151040,Metals & Mining,15104050,Steel,0.600,model+crosswalk,
NWS,News Corporation Class B Common Stock,2711,50,Communication Services,5020,Media & Entertainment,502020,Entertainment,50202010,Movies & Entertainment,0.750,model+crosswalk,
NWSA,News Corporation Class A Common Stock,2711,50,Communication Services,5020,Media & Entertainment,502020,Entertainment,50202010,Movies & Entertainment,0.750,model+crosswalk,
NWTG,"Newton Golf Company, Inc. Common Stock",3949,25,Consumer Discretionary,2520,Consumer Durables & Apparel,252020,Leisure Products,25202010,Leisure Products,0.900,model+crosswalk,
NX,Quanex Building Products Corporation,3350,20,Industrials,2010,Capital Goods,201020,Building Products,20102010,Building Products,0.600,model+crosswalk,
NXAT,Nexus Advanced Technologies Inc. Ordinary Shares,,20,Industrials,2010,Capital Goods,201050,Industrial Conglomerates,20105010,Industrial Conglomerates,0.650,yahoo,
NXB,NextBoat Inc.,3730,25,Consumer Discretionary,2550,Consumer Discretionary Distribution & Retail,255040,Specialty Retail,25504050,Automotive Retail,0.600,model+crosswalk,
NXDR,"Nextdoor Holdings, Inc.",7370,50,Communication Services,5020,Media & Entertainment,502030,Interactive Media & Services,50203010,Interactive Media & Services,0.600,model+crosswalk,
NXE,NexGen Energy Ltd.,,10,Energy,1010,Energy,101020,"Oil, Gas & Consumable Fuels",10102050,Coal & Consumable Fuels,0.650,model+crosswalk,
NXGL,"NexGel, Inc Common Stock",3841,35,Health Care,3510,Health Care Equipment & Services,351010,Health Care Equipment & Supplies,35101020,Health Care Supplies,0.900,model+crosswalk,
NXH,"Neighborhood Intelligence, Inc. Common Stock",5961,25,Consumer Discretionary,2550,Consumer Discretionary Distribution & Retail,255040,Specialty Retail,25504060,Homefurnishing Retail,0.900,model+crosswalk,
NXL,"Nexalin Technology, Inc. Common Stock",3845,35,Health Care,3510,Health Care Equipment & Services,351010,Health Care Equipment & Supplies,35101010,Health Care Equipment,0.900,model+crosswalk,
NXPI,NXP Semiconductors N.V.,3674,45,Information Technology,4530,Semiconductors & Semiconductor Equipment,453010,Semiconductors & Semiconductor Equipment,45301020,Semiconductors,0.900,model+crosswalk,
NXPL,NextPlat Corp Common Stock,4813,45,Information Technology,4510,Software & Services,451030,Software,45103010,Application Software,0.600,model+crosswalk,
NXRT,NexPoint Residential Trust Inc,6798,60,Real Estate,6010,Equity Real Estate Investment Trusts (REITs),601060,Residential REITs,60106010,Multi-Family Residential REITs,0.900,model+crosswalk,
NXST,"Nexstar Media Group, Inc. Common Stock",4833,50,Communication Services,5020,Media & Entertainment,502010,Media,50201030,Cable & Satellite,0.750,yahoo+sic,
NXT,Nextpower Inc. Common Stock,3812,20,Industrials,2010,Capital Goods,201040,Electrical Equipment,20104010,Electrical Components & Equipment,0.750,yahoo+sic,
NXTC,"NextCure, Inc. Common Stock",2834,35,Health Care,3520,"Pharmaceuticals, Biotechnology & Life Sciences",352010,Biotechnology,35201010,Biotechnology,0.900,model+crosswalk,
NXTP,NEXTPLAY TECHS INC,,45,Information Technology,4510,Software & Services,451030,Software,45103020,Systems Software,0.650,model+crosswalk,
NXTS,Nexentis Technologies Inc. Common Stock,2834,15,Materials,1510,Materials,151010,Chemicals,15101030,Fertilizers & Agricultural Chemicals,0.600,yahoo,
NXTT,Next Technology Holding Inc. Ordinary Shares,7374,45,Information Technology,4510,Software & Services,451030,Software,45103010,Application Software,0.750,model+crosswalk,
NXXT,"NextNRG, Inc. Common Stock",5500,55,Utilities,5510,Utilities,551050,Independent Power and Renewable Electricity Producers,55105020,Renewable Electricity,0.600,model+crosswalk,
NYAKF,NIPPON YAKIN KOGYO CO,,,,,,,,,,,,no_evidence
NYAX,Nayax Ltd. Ordinary Shares,,45,Information Technology,4510,Software & Services,451030,Software,45103020,Systems Software,0.650,yahoo,
NYC,American Strategic Investment Co.,6798,60,Real Estate,6020,Real Estate Management & Development,602010,Real Estate Management & Development,60201040,Real Estate Services,0.700,yahoo+sic,
NYLPF,NIPPON CARE SUPPLY CO LTD,,20,Industrials,2010,Capital Goods,201070,Trading Companies & Distributors,20107010,Trading Companies & Distributors,0.650,model+crosswalk,
NYMAF,NIHON YAMAMURA GLASS,,,,,,,,,,,,no_evidence
NYT,New York Times Co.,2711,50,Communication Services,5020,Media & Entertainment,502010,Media,50201040,Publishing,0.900,model+crosswalk,
NYXH,Nyxoah SA Ordinary Shares,,35,Health Care,3510,Health Care Equipment & Services,351010,Health Care Equipment & Supplies,35101010,Health Care Equipment,0.650,model+crosswalk,
NZERF,NEW ZEALAND ENERGY CORP,,10,Energy,1010,Energy,101020,"Oil, Gas & Consumable Fuels",10102020,Oil & Gas Exploration & Production,0.650,model+crosswalk,
O,Realty Income Corporation,6798,60,Real Estate,6010,Equity Real Estate Investment Trusts (REITs),601070,Retail REITs,60107010,Retail REITs,0.750,model+crosswalk,
OABI,"OmniAb, Inc. Common Stock",8731,35,Health Care,3520,"Pharmaceuticals, Biotechnology & Life Sciences",352010,Biotechnology,35201010,Biotechnology,0.900,model+crosswalk,
OACC,Oaktree Acquisition Corp. III Life Sciences Class A Ordinary Share,6770,,,,,,,,,,,shell_company
OAKC,OAKWORTH CAPITAL INC,,40,Financials,4010,Banks,401010,Banks,40101015,Regional Banks,0.650,model+crosswalk,
OAKV,OAK VIEW BANKSHARES INC,,40,Financials,4010,Banks,401010,Banks,40101015,Regional Banks,0.650,model+crosswalk,
OBA,Oxley Bridge Acquisition Limited Class A Ordinary Shares,6770,,,,,,,,,,,shell_company
OBAI,"Our Bond, Inc. Common Stock",4899,45,Information Technology,4510,Software & Services,451030,Software,45103020,Systems Software,0.600,model+crosswalk,
OBDC,Blue Owl Capital Corporation,,40,Financials,4020,Financial Services,402030,Capital Markets,40203010,Asset Management & Custody Banks,0.650,model+crosswalk,
OBE,Obsidian Energy Ltd.,,10,Energy,1010,Energy,101020,"Oil, Gas & Consumable Fuels",10102020,Oil & Gas Exploration & Production,0.706,model+crosswalk,
OBIO,"Orchestra BioMed Holdings, Inc. Ordinary Shares",3841,35,Health Care,3520,"Pharmaceuticals, Biotechnology & Life Sciences",352010,Biotechnology,35201010,Biotechnology,0.700,yahoo+sic,
OBK,"Origin Bancorp, Inc.",6022,40,Financials,4010,Banks,401010,Banks,40101015,Regional Banks,0.900,model+crosswalk,
OBNK,OSPREY BONK TR,,,,,,,,,,,,no_evidence
OBT,"Orange County Bancorp, Inc. Common Stock",6022,40,Financials,4010,Banks,401010,Banks,40101015,Regional Banks,0.900,model+crosswalk,
OBTC,Osprey Bitcoin Trust Common Units of Beneficial Interest,6221,,,,,,,,,,,not_common_equity
OBX,"Obsidian Therapeutics, Inc. Common Stock",2834,35,Health Care,3520,"Pharmaceuticals, Biotechnology & Life Sciences",352010,Biotechnology,35201010,Biotechnology,0.959,model+crosswalk,
OC,Owens Corning,3290,20,Industrials,2010,Capital Goods,201020,Building Products,20102010,Building Products,0.750,model+crosswalk,
OCAC,Ocean Capital Acquisition Corporation,,,,,,,,,,,,shell_company
OCC,Optical Cable Corp.,3357,45,Information Technology,4520,Technology Hardware & Equipment,452010,Communications Equipment,45201020,Communications Equipment,0.600,model+crosswalk,
OCCI,"OFS Credit Company, Inc. Common Stock",,40,Financials,4020,Financial Services,402030,Capital Markets,40203010,Asset Management & Custody Banks,0.650,model+crosswalk,
OCCIN,"OFS Credit Company, Inc. 5.25% Series E Term Preferred Stock Due 2026",,,,,,,,,,,,not_common_equity
OCEA,OCEAN BIOMEDICAL INC,,35,Health Care,3520,"Pharmaceuticals, Biotechnology & Life Sciences",352010,Biotechnology,35201010,Biotechnology,0.650,model+crosswalk,
OCFC,OceanFirst Financial Corp,6021,40,Financials,4010,Banks,401010,Banks,40101015,Regional Banks,0.900,model+crosswalk,
OCG,Oriental Culture Holding LTD Ordinary Shares,,25,Consumer Discretionary,2550,Consumer Discretionary Distribution & Retail,255030,Broadline Retail,25503030,Broadline Retail,0.650,yahoo,
OCGN,"Ocugen, Inc. Common Stock",2836,35,Health Care,3520,"Pharmaceuticals, Biotechnology & Life Sciences",352010,Biotechnology,35201010,Biotechnology,0.900,model+crosswalk,
OCLT,OceanLight Acquisition Corporation Ordinary Shares,,,,,,,,,,,,shell_company
OCS,Oculis Holding AG Ordinary shares,,35,Health Care,3520,"Pharmaceuticals, Biotechnology & Life Sciences",352010,Biotechnology,35201010,Biotechnology,0.650,model+crosswalk,
OCSL,Oaktree Specialty Lending Corporation,,40,Financials,4020,Financial Services,402030,Capital Markets,40203010,Asset Management & Custody Banks,0.650,model+crosswalk,
OCTV,Octave Intelligence plc Class B Ordinary Shares,7372,45,Information Technology,4510,Software & Services,451030,Software,45103010,Application Software,0.900,model+crosswalk,
OCUL,"Ocular Therapeutix, Inc.",2834,35,Health Care,3520,"Pharmaceuticals, Biotechnology & Life Sciences",352010,Biotechnology,35201010,Biotechnology,0.900,model+crosswalk,
ODC,Oil-Dri Corporation of America,3990,15,Materials,1510,Materials,151010,Chemicals,15101050,Specialty Chemicals,0.600,model+crosswalk,
ODD,ODDITY Tech Ltd. Class A Ordinary Shares,,30,Consumer Staples,3030,Household & Personal Products,303020,Personal Care Products,30302010,Personal Care Products,0.650,model+crosswalk,
ODFL,Old Dominion Freight Line,4213,20,Industrials,2030,Transportation,203040,Ground Transportation,20304030,Cargo Ground Transportation,0.900,model+crosswalk,
ODTC,ODONATE INC,,,,,,,,,,,,shell_company
ODTX,"Odyssey Therapeutics, Inc. Common Stock",2836,35,Health Care,3520,"Pharmaceuticals, Biotechnology & Life Sciences",352010,Biotechnology,35201010,Biotechnology,0.900,model+crosswalk,
ODYS,Odysight.ai Inc. Common Stock,7373,45,Information Technology,4520,Technology Hardware & Equipment,452030,"Electronic Equipment, Instruments & Components",45203010,Electronic Equipment & Instruments,0.700,model+crosswalk,
OEC,Orion S.A.,2890,15,Materials,1510,Materials,151010,Chemicals,15101050,Specialty Chemicals,0.900,model+crosswalk,
OESX,"Orion Energy Systems, Inc.",3640,20,Industrials,2010,Capital Goods,201040,Electrical Equipment,20104010,Electrical Components & Equipment,0.900,model+crosswalk,
OFAL,OFA Group Class A Ordinary Shares,,20,Industrials,2010,Capital Goods,201030,Construction & Engineering,20103010,Construction & Engineering,0.650,model+crosswalk,
OFG,OFG BANCORP,6022,40,Financials,4010,Banks,401010,Banks,40101015,Regional Banks,0.922,model+crosswalk,
OFIX,Orthofix Medical Inc. Common Stock (DE),3841,35,Health Care,3510,Health Care Equipment & Services,351010,Health Care Equipment & Supplies,35101010,Health Care Equipment,0.900,model+crosswalk,
OFLX,"Omega Flex, Inc.",3430,20,Industrials,2010,Capital Goods,201060,Machinery,20106020,Industrial Machinery & Supplies & Components,0.750,model+crosswalk,
OFRM,"Once Upon a Farm, PBC",2000,30,Consumer Staples,3020,"Food, Beverage & Tobacco",302020,Food Products,30202030,Packaged Foods & Meats,0.900,model+crosswalk,
OFS,OFS Capital Corporation,,40,Financials,4020,Financial Services,402030,Capital Markets,40203010,Asset Management & Custody Banks,0.650,model+crosswalk,
OFSSH,OFS Capital Corporation 4.95% Notes due 2028,,,,,,,,,,,,not_common_equity
OFSSO,OFS Capital Corporation 7.50% Notes due 2028,,,,,,,,,,,,not_common_equity
OGAA,ORGANIC AGRICULTURAL CO,,30,Consumer Staples,3020,"Food, Beverage & Tobacco",302020,Food Products,30202010,Agricultural Products & Services,0.724,model+crosswalk,
OGC,OceanaGold Corporation,1000,15,Materials,1510,Materials,151040,Metals & Mining,15104030,Gold,0.900,model+crosswalk,
OGE,OGE Energy Corp.,4911,55,Utilities,5510,Utilities,551010,Electric Utilities,55101010,Electric Utilities,0.900,model+crosswalk,
OGEN,Oragenics Inc.,2834,35,Health Care,3520,"Pharmaceuticals, Biotechnology & Life Sciences",352010,Biotechnology,35201010,Biotechnology,0.900,model+crosswalk,
OGG,Osisko Gold Group Inc.,,15,Materials,1510,Materials,151040,Metals & Mining,15104030,Gold,0.650,model+crosswalk,
OGI,Organigram Global Inc. Common Shares,,35,Health Care,3520,"Pharmaceuticals, Biotechnology & Life Sciences",352020,Pharmaceuticals,35202010,Pharmaceuticals,0.650,model+crosswalk,
OGN,Organon & Co.,2834,35,Health Care,3520,"Pharmaceuticals, Biotechnology & Life Sciences",352020,Pharmaceuticals,35202010,Pharmaceuticals,0.750,model+crosswalk,
OGS,"ONE GAS, INC.",4924,55,Utilities,5510,Utilities,551020,Gas Utilities,55102010,Gas Utilities,0.900,model+crosswalk,
OHAC,Oceanhawk Acquisition Corp. Class A Ordinary Shares,6770,,,,,,,,,,,shell_company
OHI,Omega Healthcare Investors Inc.,6798,60,Real Estate,6010,Equity Real Estate Investment Trusts (REITs),601050,Health Care REITs,60105010,Health Care REITs,0.900,model+crosswalk,
OI,"O-I Glass, Inc.",3221,15,Materials,1510,Materials,151030,Containers & Packaging,15103010,"Metal, Glass & Plastic Containers",0.900,model+crosswalk,
OIG,Orion180 Insurance Group Inc. Class A common stock,,40,Financials,4030,Insurance,403010,Insurance,40301040,Property & Casualty Insurance,0.967,model+crosswalk,
OII,Oceaneering International Inc.,1389,10,Energy,1010,Energy,101010,Energy Equipment & Services,10101020,Oil & Gas Equipment & Services,0.900,model+crosswalk,
OIM,OneIM Acquisition Corp. Class A Ordinary Shares,6770,,,,,,,,,,,shell_company
OIMAU,OneIM Acquisition Corp. Units,6770,,,,,,,,,,,shell_company
OIO,OIO Group Ordinary Shares,4953,20,Industrials,2020,Commercial & Professional Services,202010,Commercial Services & Supplies,20201050,Environmental & Facilities Services,0.900,model+crosswalk,
OIS,"OIL STATES INTERNATIONAL, INC.",3533,10,Energy,1010,Energy,101010,Energy Equipment & Services,10101020,Oil & Gas Equipment & Services,0.925,model+crosswalk,
OISXF,OISIX RA DAICHI INC,,25,Consumer Discretionary,2550,Consumer Discretionary Distribution & Retail,255030,Broadline Retail,25503030,Broadline Retail,0.650,model+crosswalk,
OJOC,OJAI OIL CO,,60,Real Estate,6020,Real Estate Management & Development,602010,Real Estate Management & Development,60201040,Real Estate Services,0.650,model+crosswalk,
OKE,"Oneok, Inc.",4923,10,Energy,1010,Energy,101020,"Oil, Gas & Consumable Fuels",10102040,Oil & Gas Storage & Transportation,0.912,model+crosswalk,
OKLO,Oklo Inc.,4911,55,Utilities,5510,Utilities,551050,Independent Power and Renewable Electricity Producers,55105010,Independent Power Producers & Energy Traders,0.750,model+crosswalk,
OKTA,"Okta, Inc. Class A Common Stock",7372,45,Information Technology,4510,Software & Services,451030,Software,45103020,Systems Software,0.750,model+crosswalk,
OKUR,"OnKure Therapeutics, Inc. Class A Common Stock",2834,35,Health Care,3520,"Pharmaceuticals, Biotechnology & Life Sciences",352010,Biotechnology,35201010,Biotechnology,0.900,model+crosswalk,
OKYO,OKYO Pharma Limited Ordinary Shares,,35,Health Care,3520,"Pharmaceuticals, Biotechnology & Life Sciences",352010,Biotechnology,35201010,Biotechnology,0.650,model+crosswalk,
OLB,"The OLB Group, Inc. Common Stock",7389,40,Financials,4020,Financial Services,402010,Financial Services,40201060,Transaction & Payment Processing Services,0.900,model+crosswalk,
OLED,Universal Display Corp,3670,45,Information Technology,4520,Technology Hardware & Equipment,452030,"Electronic Equipment, Instruments & Components",45203015,Electronic Components,0.900,model+crosswalk,
OLLI,"Ollie's Bargain Outlet Holdings, Inc. Common Stock",5331,25,Consumer Discretionary,2550,Consumer Discretionary Distribution & Retail,255030,Broadline Retail,25503030,Broadline Retail,0.600,yahoo,
OLMA,"Olema Pharmaceuticals, Inc. Common Stock",2834,35,Health Care,3520,"Pharmaceuticals, Biotechnology & Life Sciences",352010,Biotechnology,35201010,Biotechnology,0.900,model+crosswalk,
OLN,Olin Corp.,2800,15,Materials,1510,Materials,151010,Chemicals,15101010,Commodity Chemicals,0.900,model+crosswalk,
OLOX,Olenox Industries Inc. Common Stock,5030,20,Industrials,2010,Capital Goods,201060,Machinery,20106020,Industrial Machinery & Supplies & Components,0.750,yahoo+sic,
OLP,"One Liberty Properties, Inc.",6798,60,Real Estate,6010,Equity Real Estate Investment Trusts (REITs),601010,Diversified REITs,60101010,Diversified REITs,0.750,yahoo+sic,
OM,"Outset Medical, Inc. Common Stock",3845,35,Health Care,3510,Health Care Equipment & Services,351010,Health Care Equipment & Supplies,35101020,Health Care Supplies,0.750,yahoo+sic,
OMC,Omnicom Group Inc.,7311,50,Communication Services,5020,Media & Entertainment,502010,Media,50201010,Advertising,0.900,model+crosswalk,
OMCL,Omnicell Inc,3571,35,Health Care,3510,Health Care Equipment & Services,351030,Health Care Technology,35103010,Health Care Technology,0.600,yahoo,
OMDA,"Omada Health, Inc. Common Stock",8000,35,Health Care,3510,Health Care Equipment & Services,351020,Health Care Providers & Services,35102015,Health Care Services,0.900,model+crosswalk,
OMER,Omeros Corporation,2834,35,Health Care,3520,"Pharmaceuticals, Biotechnology & Life Sciences",352010,Biotechnology,35201010,Biotechnology,0.900,model+crosswalk,
OMEX,"Odyssey Marine Exploration, Inc",4400,15,Materials,1510,Materials,151040,Metals & Mining,15104020,Diversified Metals & Mining,0.600,yahoo,
OMF,"OneMain Holdings, Inc.",6141,40,Financials,4020,Financial Services,402020,Consumer Finance,40202010,Consumer Finance,0.900,model+crosswalk,
OMH,Ohmyhome Limited Class A Ordinary Shares,,60,Real Estate,6020,Real Estate Management & Development,602010,Real Estate Management & Development,60201040,Real Estate Services,0.650,model+crosswalk,
OMQS,OMNIQ CORP,,45,Information Technology,4510,Software & Services,451030,Software,45103010,Application Software,0.968,model+crosswalk,
OMSE,OMS Energy Technologies Inc. Ordinary Shares,,10,Energy,1010,Energy,101010,Energy Equipment & Services,10101020,Oil & Gas Equipment & Services,0.650,model+crosswalk,
OMWS,OMNIA WELLNESS INC,,25,Consumer Discretionary,2520,Consumer Durables & Apparel,252020,Leisure Products,25202010,Leisure Products,0.650,model+crosswalk,
ON,ON Semiconductor Corp,3674,45,Information Technology,4530,Semiconductors & Semiconductor Equipment,453010,Semiconductors & Semiconductor Equipment,45301020,Semiconductors,0.900,model+crosswalk,
ONB,Old National Bancorp,6021,40,Financials,4010,Banks,401010,Banks,40101015,Regional Banks,0.900,model+crosswalk,
ONBPO,"Old National Bancorp Depositary Shares, Each Representing a 1/40th Interest in a Share of Series C Preferred Stock",,,,,,,,,,,,not_common_equity
ONCH,1RT Acquisition Corp. Class A Ordinary Share,6770,,,,,,,,,,,shell_company
ONCO,"Onconetix, Inc. Common Stock",2834,35,Health Care,3520,"Pharmaceuticals, Biotechnology & Life Sciences",352010,Biotechnology,35201010,Biotechnology,0.900,model+crosswalk,
ONCY,"Oncolytics Biotech, Inc. Common Shares",2834,35,Health Care,3520,"Pharmaceuticals, Biotechnology & Life Sciences",352010,Biotechnology,35201010,Biotechnology,0.900,model+crosswalk,
ONDS,Ondas Inc. Common Stock,3663,45,Information Technology,4520,Technology Hardware & Equipment,452010,Communications Equipment,45201020,Communications Equipment,0.900,model+crosswalk,
ONEG,OneConstruction Group Limited Ordinary Shares,,20,Industrials,2010,Capital Goods,201030,Construction & Engineering,20103010,Construction & Engineering,0.650,model+crosswalk,
ONEN,ONE Nuclear Energy Inc. Common Stock,,55,Utilities,5510,Utilities,551050,Independent Power and Renewable Electricity Producers,55105010,Independent Power Producers & Energy Traders,0.650,model+crosswalk,
ONEW,OneWater Marine Inc. Class A Common Stock,5531,25,Consumer Discretionary,2550,Consumer Discretionary Distribution & Retail,255040,Specialty Retail,25504040,Other Specialty Retail,0.750,model+crosswalk,
ONFO,Onfolio Holdings Inc. Common Stock,7374,50,Communication Services,5020,Media & Entertainment,502030,Interactive Media & Services,50203010,Interactive Media & Services,0.900,model+crosswalk,
ONIT,Onity Group Inc.,6162,40,Financials,4020,Financial Services,402010,Financial Services,40201050,Commercial & Residential Mortgage Finance,0.900,model+crosswalk,
ONL,Orion Properties Inc.,6798,60,Real Estate,6010,Equity Real Estate Investment Trusts (REITs),601040,Office REITs,60104010,Office REITs,0.750,model+crosswalk,
ONMD,OneMedNet Corp Class A Common Stock,8731,35,Health Care,3510,Health Care Equipment & Services,351030,Health Care Technology,35103010,Health Care Technology,0.600,yahoo,
ONON,On Holding AG,,25,Consumer Discretionary,2520,Consumer Durables & Apparel,252030,"Textiles, Apparel & Luxury Goods",25203010,"Apparel, Accessories & Luxury Goods",0.650,model+crosswalk,
ONSTF,ONE SOFTWARE TECHNOLOGIES,,45,Information Technology,4510,Software & Services,451030,Software,45103010,Application Software,0.350,model+crosswalk,
ONT,"Onterris, Inc.",8742,20,Industrials,2020,Commercial & Professional Services,202010,Commercial Services & Supplies,20201050,Environmental & Facilities Services,0.750,model+crosswalk,
ONTO,Onto Innovation Inc.,3829,45,Information Technology,4530,Semiconductors & Semiconductor Equipment,453010,Semiconductors & Semiconductor Equipment,45301010,Semiconductor Materials & Equipment,0.700,model+crosswalk,
ONVC,ONLINE VACATION CTR HLDGS,,25,Consumer Discretionary,2530,Consumer Services,253010,"Hotels, Restaurants & Leisure",25301020,"Hotels, Resorts & Cruise Lines",0.650,model+crosswalk,
OODH,ORION DIVERSIFIED HLD CO,,10,Energy,1010,Energy,101020,"Oil, Gas & Consumable Fuels",10102020,Oil & Gas Exploration & Production,0.650,model+crosswalk,
OOMA,"Ooma, Inc. Common Stock",7374,45,Information Technology,4510,Software & Services,451030,Software,45103010,Application Software,0.750,model+crosswalk,
OPAD,Offerpad Solutions Inc. Class A Common Stock,6531,60,Real Estate,6020,Real Estate Management & Development,602010,Real Estate Management & Development,60201040,Real Estate Services,0.900,model+crosswalk,
OPAL,OPAL Fuels Inc. Class A Common Stock,4932,20,Industrials,2010,Capital Goods,201030,Construction & Engineering,20103010,Construction & Engineering,0.600,model+crosswalk,
OPBK,OP Bancorp Common Stock,6022,40,Financials,4010,Banks,401010,Banks,40101015,Regional Banks,0.900,model+crosswalk,
OPCH,"Option Care Health, Inc. Common Stock",8082,35,Health Care,3510,Health Care Equipment & Services,351020,Health Care Providers & Services,35102015,Health Care Services,0.903,model+crosswalk,
OPCLF,OPTORUN CO LTD,,,,,,,,,,,,no_evidence
OPEN,Opendoor Technologies Inc Common Stock,6531,60,Real Estate,6020,Real Estate Management & Development,602010,Real Estate Management & Development,60201040,Real Estate Services,0.900,model+crosswalk,
OPFI,OppFi Inc.,6199,40,Financials,4020,Financial Services,402020,Consumer Finance,40202010,Consumer Finance,0.900,model+crosswalk,
OPHC,"OptimumBank Holdings, Inc.",6021,40,Financials,4010,Banks,401010,Banks,40101015,Regional Banks,0.900,model+crosswalk,
OPI,Office Properties Income Trust Common shares of beneficial interest,6500,,,,,,,,,,,not_common_equity
OPK,Opko Health Inc.,2834,35,Health Care,3510,Health Care Equipment & Services,351010,Health Care Equipment & Supplies,35101010,Health Care Equipment,0.700,yahoo+sic,
OPLN,"OPENLANE, Inc",5500,25,Consumer Discretionary,2550,Consumer Discretionary Distribution & Retail,255040,Specialty Retail,25504050,Automotive Retail,0.900,model+crosswalk,
OPNW,"OpenWorld, Inc. Common Stock",6199,45,Information Technology,4510,Software & Services,451020,IT Services,45102010,IT Consulting & Other Services,0.650,model+crosswalk,
OPRT,Oportun Financial Corporation Common Stock,6199,40,Financials,4020,Financial Services,402020,Consumer Finance,40202010,Consumer Finance,0.900,model+crosswalk,
OPRX,OptimizeRx Corporation Common Stock,7389,35,Health Care,3510,Health Care Equipment & Services,351030,Health Care Technology,35103010,Health Care Technology,0.600,yahoo,
OPTGF,OPTIMUS GROUP CO LTD.,,25,Consumer Discretionary,2550,Consumer Discretionary Distribution & Retail,255040,Specialty Retail,25504050,Automotive Retail,0.650,model+crosswalk,
OPTH,Optimi Health Corp. Common Shares,2834,35,Health Care,3520,"Pharmaceuticals, Biotechnology & Life Sciences",352020,Pharmaceuticals,35202010,Pharmaceuticals,0.900,model+crosswalk,
OPTT,"Ocean Power Technologies, Inc.",4911,20,Industrials,2010,Capital Goods,201010,Aerospace & Defense,20101010,Aerospace & Defense,0.600,yahoo,
OPTU,"Optimum Communications, Inc.",4841,50,Communication Services,5020,Media & Entertainment,502010,Media,50201030,Cable & Satellite,0.900,model+crosswalk,
OPTX,"Syntec Optics Holdings, Inc. Class A Common Stock",3827,45,Information Technology,4520,Technology Hardware & Equipment,452030,"Electronic Equipment, Instruments & Components",45203015,Electronic Components,0.750,yahoo+sic,
OPXS,"Optex Systems Holdings, INC",3827,20,Industrials,2010,Capital Goods,201010,Aerospace & Defense,20101010,Aerospace & Defense,0.600,model+crosswalk,
OPY,"Oppenheimer Holdings, Inc.",6211,40,Financials,4020,Financial Services,402030,Capital Markets,40203010,Asset Management & Custody Banks,0.900,model+crosswalk,
OR,OR Royalties Inc.,,15,Materials,1510,Materials,151040,Metals & Mining,15104030,Gold,0.650,model+crosswalk,
ORA,"Ormat Technologies, Inc.",4911,55,Utilities,5510,Utilities,551050,Independent Power and Renewable Electricity Producers,55105020,Renewable Electricity,0.900,model+crosswalk,
ORBN,OREGON BANCORP INC (OR),,40,Financials,4010,Banks,401010,Banks,40101015,Regional Banks,0.650,model+crosswalk,
ORBS,Eightco Holdings Inc. Common Stock,6153,15,Materials,1510,Materials,151030,Containers & Packaging,15103020,Paper & Plastic Packaging Products & Materials,0.600,model+crosswalk,
ORC,"Orchid Island Capital, Inc.",6798,40,Financials,4020,Financial Services,402040,Mortgage Real Estate Investment Trusts,40204010,Mortgage REITs,0.900,model+crosswalk,
ORCL,Oracle Corp,7372,45,Information Technology,4510,Software & Services,451030,Software,45103020,Systems Software,0.750,yahoo+sic,
ORGO,Organogenesis Holdings Inc. Class A Common Stock,2834,35,Health Care,3520,"Pharmaceuticals, Biotechnology & Life Sciences",352020,Pharmaceuticals,35202010,Pharmaceuticals,0.900,model+crosswalk,
ORGS,ORGENESIS INC,,35,Health Care,3520,"Pharmaceuticals, Biotechnology & Life Sciences",352010,Biotechnology,35201010,Biotechnology,0.863,model+crosswalk,
ORI,Old Republic International Corporation,6351,40,Financials,4030,Insurance,403010,Insurance,40301040,Property & Casualty Insurance,0.900,model+crosswalk,
ORIC,"Oric Pharmaceuticals, Inc. Common Stock",2834,35,Health Care,3520,"Pharmaceuticals, Biotechnology & Life Sciences",352010,Biotechnology,35201010,Biotechnology,0.900,model+crosswalk,
ORIO,Orion Digital Corp. Common Shares,,40,Financials,4020,Financial Services,402010,Financial Services,40201060,Transaction & Payment Processing Services,0.650,model+crosswalk,
ORIQ,Origin Investment Corp I Ordinary Shares,6770,,,,,,,,,,,shell_company
ORKA,"Oruka Therapeutics, Inc. Common Stock",2834,35,Health Care,3520,"Pharmaceuticals, Biotechnology & Life Sciences",352010,Biotechnology,35201010,Biotechnology,0.900,model+crosswalk,
ORKT,Orangekloud Technology Inc. Class A Ordinary Shares,,45,Information Technology,4510,Software & Services,451030,Software,45103010,Application Software,0.650,model+crosswalk,
ORLY,"O'Reilly Automotive, Inc.",5531,25,Consumer Discretionary,2510,Automobiles & Components,251010,Automobile Components,25101010,Automotive Parts & Equipment,0.700,model+crosswalk,
ORMP,Oramed Pharmaceuticals Inc.,2834,35,Health Care,3520,"Pharmaceuticals, Biotechnology & Life Sciences",352010,Biotechnology,35201010,Biotechnology,0.750,model+crosswalk,
ORN,"Orion Group Holdings, Inc",1600,20,Industrials,2010,Capital Goods,201030,Construction & Engineering,20103010,Construction & Engineering,0.900,model+crosswalk,
ORRF,Orrstown Financial Services Inc,6022,40,Financials,4010,Banks,401010,Banks,40101015,Regional Banks,0.900,model+crosswalk,
OSBC,Old Second Bancorp Inc,6022,40,Financials,4010,Banks,401010,Banks,40101015,Regional Banks,0.900,model+crosswalk,
OSCR,"Oscar Health, Inc.",6324,35,Health Care,3510,Health Care Equipment & Services,351020,Health Care Providers & Services,35102030,Managed Health Care,0.900,model+crosswalk,
OSG,"Octave Specialty Group, Inc.",6351,40,Financials,4030,Insurance,403010,Insurance,40301040,Property & Casualty Insurance,0.900,model+crosswalk,
OSIS,OSI Systems Inc,3674,45,Information Technology,4520,Technology Hardware & Equipment,452030,"Electronic Equipment, Instruments & Components",45203015,Electronic Components,0.700,model+crosswalk,
OSK,Oshkosh Corp.,3711,20,Industrials,2010,Capital Goods,201060,Machinery,20106010,Construction Machinery & Heavy Transportation Equipment,0.600,model+crosswalk,
OSPN,OneSpan Inc. Common Stock,7373,45,Information Technology,4510,Software & Services,451030,Software,45103020,Systems Software,0.900,model+crosswalk,
OSPR,Osprey Acquisition Corp. III Class A Ordinary Shares,6770,,,,,,,,,,,shell_company
OSRH,"OSR Health, Inc. Common Stock",3841,35,Health Care,3520,"Pharmaceuticals, Biotechnology & Life Sciences",352010,Biotechnology,35201010,Biotechnology,0.700,yahoo+sic,
OSS,"One Stop Systems, Inc. Common Stock",3571,45,Information Technology,4520,Technology Hardware & Equipment,452030,"Electronic Equipment, Instruments & Components",45203010,Electronic Equipment & Instruments,0.750,yahoo+sic,
OST,"Ostin Technology Group Co., Ltd. Class A Ordinary Shares",,45,Information Technology,4520,Technology Hardware & Equipment,452030,"Electronic Equipment, Instruments & Components",45203015,Electronic Components,0.650,model+crosswalk,
OSTX,OS Therapies Incorporated,2834,35,Health Care,3520,"Pharmaceuticals, Biotechnology & Life Sciences",352010,Biotechnology,35201010,Biotechnology,0.900,model+crosswalk,
OSUR,OraSure Technologies Inc,3841,35,Health Care,3510,Health Care Equipment & Services,351010,Health Care Equipment & Supplies,35101020,Health Care Supplies,0.750,yahoo+sic,
OSW,OneSpaWorld Holdings Limited Common Shares,7997,25,Consumer Discretionary,2530,Consumer Services,253010,"Hotels, Restaurants & Leisure",25301020,"Hotels, Resorts & Cruise Lines",0.750,yahoo+sic,
OTAI,Starlink AI Acquisition Corporation,6770,,,,,,,,,,,shell_company
OTEX,Open Text Corp,7373,45,Information Technology,4510,Software & Services,451030,Software,45103010,Application Software,0.750,model+crosswalk,
OTF,Blue Owl Technology Finance Corp.,,40,Financials,4020,Financial Services,402030,Capital Markets,40203010,Asset Management & Custody Banks,0.650,model+crosswalk,
OTGA,OTG Acquisition Corp. I Class A Ordinary Share,6770,,,,,,,,,,,shell_company
OTIS,Otis Worldwide Corporation,3600,20,Industrials,2010,Capital Goods,201060,Machinery,20106020,Industrial Machinery & Supplies & Components,0.600,model+crosswalk,
OTLK,"Outlook Therapeutics, Inc. Common Stock",2836,35,Health Care,3520,"Pharmaceuticals, Biotechnology & Life Sciences",352010,Biotechnology,35201010,Biotechnology,0.900,model+crosswalk,
OTTR,Otter Tail Corp,4911,20,Industrials,2010,Capital Goods,201050,Industrial Conglomerates,20105010,Industrial Conglomerates,0.600,yahoo,
OUST,"Ouster, Inc.",3569,45,Information Technology,4520,Technology Hardware & Equipment,452030,"Electronic Equipment, Instruments & Components",45203015,Electronic Components,0.600,yahoo,
OUT,OUTFRONT Media Inc.,6798,60,Real Estate,6010,Equity Real Estate Investment Trusts (REITs),601080,Specialized REITs,60108010,Other Specialized REITs,0.900,model+crosswalk,
OVBC,Ohio Valley Banc Corp,6022,40,Financials,4010,Banks,401010,Banks,40101015,Regional Banks,0.900,model+crosswalk,
OVID,Ovid Therapeutics Inc. Common Stock,2834,35,Health Care,3520,"Pharmaceuticals, Biotechnology & Life Sciences",352010,Biotechnology,35201010,Biotechnology,0.900,model+crosswalk,
OVLY,Oak Valley Bancorp,6022,40,Financials,4010,Banks,401010,Banks,40101015,Regional Banks,0.900,model+crosswalk,
OVV,Ovintiv Inc.,1311,10,Energy,1010,Energy,101020,"Oil, Gas & Consumable Fuels",10102020,Oil & Gas Exploration & Production,0.900,model+crosswalk,
OWL,Blue Owl Capital Inc.,6282,40,Financials,4020,Financial Services,402030,Capital Markets,40203010,Asset Management & Custody Banks,0.900,model+crosswalk,
OWLS,OBOOK Holdings Inc. Class A Common Shares,,40,Financials,4020,Financial Services,402010,Financial Services,40201060,Transaction & Payment Processing Services,0.650,model+crosswalk,
OWLT,"Owlet, Inc.",3829,35,Health Care,3510,Health Care Equipment & Services,351010,Health Care Equipment & Supplies,35101010,Health Care Equipment,0.600,model+crosswalk,
OXBR,Oxbridge Re Holdings Limited,6331,40,Financials,4030,Insurance,403010,Insurance,40301050,Reinsurance,0.750,yahoo+sic,
OXLC,Oxford Lane Capital Corp.,,40,Financials,4020,Financial Services,402030,Capital Markets,40203010,Asset Management & Custody Banks,0.650,model+crosswalk,
OXLCG,Oxford Lane Capital Corp. 7.95% Notes due 2032,,,,,,,,,,,,not_common_equity
OXLCI,Oxford Lane Capital Corp. 8.75% Notes due 2030,,,,,,,,,,,,not_common_equity
OXLCL,Oxford Lane Capital Corp. 6.75% Notes due 2031,,,,,,,,,,,,not_common_equity
OXLCO,"Oxford Lane Capital Corp. Preferred Stock Shares, 6.00% Series 2029",,,,,,,,,,,,not_common_equity
OXLCZ,Oxford Lane Capital Corp. 5.00% Notes due 2027,,,,,,,,,,,,not_common_equity
OXM,"Oxford Industries, Inc.",2320,25,Consumer Discretionary,2520,Consumer Durables & Apparel,252030,"Textiles, Apparel & Luxury Goods",25203010,"Apparel, Accessories & Luxury Goods",0.900,model+crosswalk,
OXSQ,Oxford Square Capital Corp.,,40,Financials,4020,Financial Services,402030,Capital Markets,40203010,Asset Management & Custody Banks,0.650,model+crosswalk,
OXSQG,Oxford Square Capital Corp. 5.50% Notes due 2028,,,,,,,,,,,,not_common_equity
OXSQH,Oxford Square Capital Corp. 7.75% Notes due 2030,,,,,,,,,,,,not_common_equity
OXY,Occidental Petroleum Corporation,1311,10,Energy,1010,Energy,101020,"Oil, Gas & Consumable Fuels",10102020,Oil & Gas Exploration & Production,0.900,model+crosswalk,
OYSE,Oyster Enterprises II Acquisition Corp Class A Ordinary Shares,6770,,,,,,,,,,,shell_company
OZK,Bank OZK,,40,Financials,4010,Banks,401010,Banks,40101015,Regional Banks,0.725,model+crosswalk,
OZSC,OZOP ENERGY SOLUTIONS,,20,Industrials,2010,Capital Goods,201040,Electrical Equipment,20104010,Electrical Components & Equipment,0.905,model+crosswalk,
P,"Everpure, Inc.",3572,45,Information Technology,4520,Technology Hardware & Equipment,452020,"Technology Hardware, Storage & Peripherals",45202030,"Technology Hardware, Storage & Peripherals",0.900,model+crosswalk,
PAA,"Plains All American Pipeline, L.P. Common Units representing Limited Partner Interests",4610,10,Energy,1010,Energy,101020,"Oil, Gas & Consumable Fuels",10102040,Oil & Gas Storage & Transportation,0.904,model+crosswalk,
PAAC,Proem Acquisition Corp I Ordinary Shares,6770,,,,,,,,,,,shell_company
PAAI,"Paradium.AI, Inc.",,50,Communication Services,5020,Media & Entertainment,502030,Interactive Media & Services,50203010,Interactive Media & Services,0.650,model+crosswalk,
PAAS,Pan American Silver Corp.,1040,15,Materials,1510,Materials,151040,Metals & Mining,15104030,Gold,0.750,model+crosswalk,
PACB,"Pacific Biosciences of California, Inc.",3826,35,Health Care,3510,Health Care Equipment & Services,351010,Health Care Equipment & Supplies,35101010,Health Care Equipment,0.700,yahoo+sic,
PACH,Pioneer Acquisition I Corp Class A Ordinary Shares,6770,,,,,,,,,,,shell_company
PACK,Ranpak Holdings Corp.,2670,15,Materials,1510,Materials,151030,Containers & Packaging,15103020,Paper & Plastic Packaging Products & Materials,0.900,model+crosswalk,
PACS,"PACS Group, Inc.",8051,35,Health Care,3510,Health Care Equipment & Services,351020,Health Care Providers & Services,35102020,Health Care Facilities,0.900,model+crosswalk,
PACV,PACIFIC VENTURES GROUP,,30,Consumer Staples,3010,Consumer Staples Distribution & Retail,301010,Consumer Staples Distribution & Retail,30101020,Food Distributors,0.650,model+crosswalk,
PAG,"Penske Automotive Group, Inc.",5500,20,Industrials,2010,Capital Goods,201070,Trading Companies & Distributors,20107010,Trading Companies & Distributors,0.600,yahoo,
PAGP,"Plains GP Holdings, L.P. Class A Units representing Limited Partner Interests",4610,10,Energy,1010,Energy,101020,"Oil, Gas & Consumable Fuels",10102040,Oil & Gas Storage & Transportation,0.900,model+crosswalk,
PAGS,PagSeguro Digital Ltd.,7374,40,Financials,4020,Financial Services,402010,Financial Services,40201060,Transaction & Payment Processing Services,0.900,model+crosswalk,
PAHC,Phibro Animal Health Corporation Class A,2834,35,Health Care,3520,"Pharmaceuticals, Biotechnology & Life Sciences",352020,Pharmaceuticals,35202010,Pharmaceuticals,0.900,model+crosswalk,
PAII,Pyrophyte Acquisition Corp. II,6770,,,,,,,,,,,shell_company
PAL,"Proficient Auto Logistics, Inc. Common Stock",4700,20,Industrials,2030,Transportation,203010,Air Freight & Logistics,20301010,Air Freight & Logistics,0.900,model+crosswalk,
PALI,"Palisade Bio, Inc. Common Stock",2836,35,Health Care,3520,"Pharmaceuticals, Biotechnology & Life Sciences",352010,Biotechnology,35201010,Biotechnology,0.900,model+crosswalk,
PALO,Paloma Acquisition Corp I Class A Ordinary Shares,6770,,,,,,,,,,,shell_company
PALZF,PAL GROUP HLDGS CO LTD,,25,Consumer Discretionary,2550,Consumer Discretionary Distribution & Retail,255040,Specialty Retail,25504010,Apparel Retail,0.650,model+crosswalk,
PAMT,PAMT CORP Common Stock,4213,20,Industrials,2030,Transportation,203040,Ground Transportation,20304030,Cargo Ground Transportation,0.900,model+crosswalk,
PANL,Pangaea Logistics Solutions Ltd.,4412,20,Industrials,2030,Transportation,203030,Marine Transportation,20303010,Marine Transportation,0.900,model+crosswalk,
PANW,"Palo Alto Networks, Inc. Common Stock",3577,45,Information Technology,4510,Software & Services,451030,Software,45103020,Systems Software,0.700,model+crosswalk,
PAPL,Pineapple Financial Inc.,6199,40,Financials,4020,Financial Services,402010,Financial Services,40201050,Commercial & Residential Mortgage Finance,0.900,model+crosswalk,
PAR,PAR Technology Corp.,3578,40,Financials,4020,Financial Services,402010,Financial Services,40201060,Transaction & Payment Processing Services,0.600,yahoo,
PARA,"Banzai International, Inc. Class A Common Stock",,45,Information Technology,4510,Software & Services,451030,Software,45103010,Application Software,0.650,model+crosswalk,
PARK,"Park Dental Partners, Inc. Common Stock",8090,35,Health Care,3510,Health Care Equipment & Services,351020,Health Care Providers & Services,35102020,Health Care Facilities,0.750,yahoo+sic,
PARR,"Par Pacific Holdings, Inc. Common Stock",1311,10,Energy,1010,Energy,101020,"Oil, Gas & Consumable Fuels",10102030,Oil & Gas Refining & Marketing,0.750,model+crosswalk,
PASG,"Passage Bio, Inc. Common Stock",2836,35,Health Care,3520,"Pharmaceuticals, Biotechnology & Life Sciences",352010,Biotechnology,35201010,Biotechnology,0.900,model+crosswalk,
PASW,"Ping An Biomedical Co., Ltd. Class A Ordinary Shares",2300,25,Consumer Discretionary,2520,Consumer Durables & Apparel,252030,"Textiles, Apparel & Luxury Goods",25203030,Textiles,0.750,yahoo+sic,
PATH,"UiPath, Inc.",7372,45,Information Technology,4510,Software & Services,451030,Software,45103020,Systems Software,0.750,yahoo+sic,
PATK,Patrick Industries Inc,3714,25,Consumer Discretionary,2510,Automobiles & Components,251020,Automobiles,25102020,Motorcycle Manufacturers,0.750,yahoo+sic,
PAVM,PAVmed Inc. Common Stock,3841,35,Health Care,3510,Health Care Equipment & Services,351010,Health Care Equipment & Supplies,35101010,Health Care Equipment,0.900,model+crosswalk,
PAVS,Paranovus Entertainment Technology Ltd. Class A Ordinary Shares,7374,30,Consumer Staples,3020,"Food, Beverage & Tobacco",302020,Food Products,30202030,Packaged Foods & Meats,0.600,yahoo,
PAWH,PENNA WHSE&SAFE DEP CO,,20,Industrials,2010,Capital Goods,201050,Industrial Conglomerates,20105010,Industrial Conglomerates,0.650,yahoo,
PAX,Patria Investments Limited Class A Common Shares,6282,40,Financials,4020,Financial Services,402030,Capital Markets,40203010,Asset Management & Custody Banks,0.900,model+crosswalk,
PAY,"Paymentus Holdings, Inc.",7389,40,Financials,4020,Financial Services,402010,Financial Services,40201060,Transaction & Payment Processing Services,0.751,model+crosswalk,
PAYC,"PAYCOM SOFTWARE, INC.",7372,45,Information Technology,4510,Software & Services,451030,Software,45103010,Application Software,0.900,model+crosswalk,
PAYO,Payoneer Global Inc. Common Stock,7389,40,Financials,4020,Financial Services,402010,Financial Services,40201060,Transaction & Payment Processing Services,0.600,model+crosswalk,
PAYS,"Paysign, Inc. Common Stock",7389,40,Financials,4020,Financial Services,402010,Financial Services,40201060,Transaction & Payment Processing Services,0.900,model+crosswalk,
PAYX,Paychex Inc,8700,45,Information Technology,4510,Software & Services,451030,Software,45103010,Application Software,0.600,model+crosswalk,
PB,Prosperity Bancshares Inc,6022,40,Financials,4010,Banks,401010,Banks,40101015,Regional Banks,0.900,model+crosswalk,
PBA,PEMBINA PIPELINE CORPORATION,1382,10,Energy,1010,Energy,101020,"Oil, Gas & Consumable Fuels",10102040,Oil & Gas Storage & Transportation,0.750,model+crosswalk,
PBAM,"Private Bancorp of America, Inc. Common Stock",,40,Financials,4010,Banks,401010,Banks,40101015,Regional Banks,0.650,model+crosswalk,
PBCO,PBCO FINANCIAL CORP,,40,Financials,4010,Banks,401010,Banks,40101015,Regional Banks,0.703,model+crosswalk,
PBF,PBF ENERGY INC.,2911,10,Energy,1010,Energy,101020,"Oil, Gas & Consumable Fuels",10102030,Oil & Gas Refining & Marketing,0.908,model+crosswalk,
PBFS,"Pioneer Bancorp, Inc. Common Stock",6036,40,Financials,4010,Banks,401010,Banks,40101015,Regional Banks,0.900,model+crosswalk,
PBH,Prestige Consumer Healthcare Inc.,2834,35,Health Care,3520,"Pharmaceuticals, Biotechnology & Life Sciences",352020,Pharmaceuticals,35202010,Pharmaceuticals,0.900,model+crosswalk,
PBHC,Pathfinder Bancorp Inc,6022,40,Financials,4010,Banks,401010,Banks,40101015,Regional Banks,0.900,model+crosswalk,
PBI,Pitney Bowes Inc.,3579,20,Industrials,2030,Transportation,203010,Air Freight & Logistics,20301010,Air Freight & Logistics,0.700,model+crosswalk,
PBK,PowerBank Corporation Common Stock,1700,55,Utilities,5510,Utilities,551050,Independent Power and Renewable Electricity Producers,55105020,Renewable Electricity,0.600,model+crosswalk,
PBKC,PIONEER BANKCORP INC,,40,Financials,4010,Banks,401010,Banks,40101015,Regional Banks,0.650,yahoo,
PBKX,PARTNERS BANK CALIFORNIA,,40,Financials,4010,Banks,401010,Banks,40101015,Regional Banks,0.650,model+crosswalk,
PBLS,"Parabilis Medicines, Inc. Common Stock",2834,35,Health Care,3520,"Pharmaceuticals, Biotechnology & Life Sciences",352010,Biotechnology,35201010,Biotechnology,0.900,model+crosswalk,
PBM,Psyence Biomedical Ltd. Common Shares,2834,35,Health Care,3520,"Pharmaceuticals, Biotechnology & Life Sciences",352010,Biotechnology,35201010,Biotechnology,0.900,model+crosswalk,
PBSV,PHARM-BIO SERV INC,,35,Health Care,3510,Health Care Equipment & Services,351030,Health Care Technology,35103010,Health Care Technology,0.650,yahoo,
PBT,Permian Basin Royalty Trust,6792,10,Energy,1010,Energy,101020,"Oil, Gas & Consumable Fuels",10102040,Oil & Gas Storage & Transportation,0.750,yahoo+sic,
PBYI,PUMA BIOTECHNOLOGY INC,2834,35,Health Care,3520,"Pharmaceuticals, Biotechnology & Life Sciences",352010,Biotechnology,35201010,Biotechnology,0.900,model+crosswalk,
PC,Premium Catering (Holdings) Limited Ordinary Shares,5812,20,Industrials,2020,Commercial & Professional Services,202010,Commercial Services & Supplies,20201070,Diversified Support Services,0.600,yahoo,
PCAP,ProCap Acquisition Corp Class A Ordinary Shares,6770,,,,,,,,,,,shell_company
PCAR,Paccar Inc,3711,20,Industrials,2010,Capital Goods,201060,Machinery,20106010,Construction Machinery & Heavy Transportation Equipment,0.900,model+crosswalk,
PCB,PCB Bancorp Common Stock,6022,40,Financials,4010,Banks,401010,Banks,40101015,Regional Banks,0.900,model+crosswalk,
PCG,PG&E Corporation,4931,55,Utilities,5510,Utilities,551010,Electric Utilities,55101010,Electric Utilities,0.750,model+crosswalk,
PCLB,PINNACLE BANCSHARES INC,,40,Financials,4010,Banks,401010,Banks,40101015,Regional Banks,0.650,model+crosswalk,
PCLI,PROTOCALL TECHS INC,,60,Real Estate,6020,Real Estate Management & Development,602010,Real Estate Management & Development,60201010,Diversified Real Estate Activities,0.650,yahoo,
PCOR,"Procore Technologies, Inc.",7372,45,Information Technology,4510,Software & Services,451030,Software,45103010,Application Software,0.900,model+crosswalk,
PCPJ,PAPERCLIP INC,,45,Information Technology,4510,Software & Services,451020,IT Services,45102010,IT Consulting & Other Services,0.764,model+crosswalk,
PCRX,"Pacira BioSciences, Inc. Common Stock",2834,35,Health Care,3520,"Pharmaceuticals, Biotechnology & Life Sciences",352020,Pharmaceuticals,35202010,Pharmaceuticals,0.750,model+crosswalk,
PCSA,"Processa Pharmaceuticals, Inc. Common",2834,35,Health Care,3520,"Pharmaceuticals, Biotechnology & Life Sciences",352010,Biotechnology,35201010,Biotechnology,0.900,model+crosswalk,
PCSV,PCS EDVENTURES INC NEW,,25,Consumer Discretionary,2530,Consumer Services,253020,Diversified Consumer Services,25302010,Education Services,0.650,model+crosswalk,
PCT,"PureCycle Technologies, Inc. Common stock",2821,20,Industrials,2020,Commercial & Professional Services,202010,Commercial Services & Supplies,20201050,Environmental & Facilities Services,0.600,yahoo,
PCTY,Paylocity Holding Corporation Common Stock,7372,45,Information Technology,4510,Software & Services,451030,Software,45103010,Application Software,0.900,model+crosswalk,
PCVX,"Vaxcyte, Inc. Common Stock",2836,35,Health Care,3520,"Pharmaceuticals, Biotechnology & Life Sciences",352010,Biotechnology,35201010,Biotechnology,0.900,model+crosswalk,
PCYO,Pure Cycle Corporation,4941,55,Utilities,5510,Utilities,551040,Water Utilities,55104010,Water Utilities,0.900,model+crosswalk,
PD,"PagerDuty, Inc.",7372,45,Information Technology,4510,Software & Services,451030,Software,45103010,Application Software,0.900,model+crosswalk,
PDCC,Pearl Diver Credit Company Inc.,,40,Financials,4020,Financial Services,402030,Capital Markets,40203010,Asset Management & Custody Banks,0.650,model+crosswalk,
PDER,PARDEE RESOURCES CO INC,,10,Energy,1010,Energy,101010,Energy Equipment & Services,10101020,Oil & Gas Equipment & Services,0.650,model+crosswalk,
PDEX,Pro-Dex Inc New,3841,35,Health Care,3510,Health Care Equipment & Services,351010,Health Care Equipment & Supplies,35101020,Health Care Supplies,0.750,model+crosswalk,
PDFS,PDF Solutions Inc,7372,45,Information Technology,4510,Software & Services,451030,Software,45103010,Application Software,0.900,model+crosswalk,
PDLB,"Ponce Financial Group, Inc. Common Stock",6035,40,Financials,4010,Banks,401010,Banks,40101015,Regional Banks,0.900,model+crosswalk,
PDM,"Piedmont Realty Trust, Inc.",6512,60,Real Estate,6010,Equity Real Estate Investment Trusts (REITs),601040,Office REITs,60104010,Office REITs,0.700,model+crosswalk,
PDS,Precision Drilling Corporation,1381,10,Energy,1010,Energy,101010,Energy Equipment & Services,10101010,Oil & Gas Drilling,0.924,model+crosswalk,
PDSB,PDS Biotechnology Corporation Common Stock,2834,35,Health Care,3520,"Pharmaceuticals, Biotechnology & Life Sciences",352010,Biotechnology,35201010,Biotechnology,0.900,model+crosswalk,
PDYN,Palladyne AI Corp. Common Stock,7372,45,Information Technology,4510,Software & Services,451030,Software,45103020,Systems Software,0.750,yahoo+sic,
PEB,Pebblebrook Hotel Trust,6798,60,Real Estate,6010,Equity Real Estate Investment Trusts (REITs),601030,Hotel & Resort REITs,60103010,Hotel & Resort REITs,0.900,model+crosswalk,
PEBK,Peoples Bancorp of North Carol,6022,40,Financials,4010,Banks,401010,Banks,40101015,Regional Banks,0.900,model+crosswalk,
PEBO,Peoples Bancorp Inc/OH,6022,40,Financials,4010,Banks,401010,Banks,40101015,Regional Banks,0.900,model+crosswalk,
PECE,Peace Acquisition Corp Ordinary Shares,6770,,,,,,,,,,,shell_company
PECO,"Phillips Edison & Company, Inc. Common Stock",6798,60,Real Estate,6010,Equity Real Estate Investment Trusts (REITs),601070,Retail REITs,60107010,Retail REITs,0.900,model+crosswalk,
PED,PEDEVCO Corp.,1311,10,Energy,1010,Energy,101020,"Oil, Gas & Consumable Fuels",10102020,Oil & Gas Exploration & Production,0.900,model+crosswalk,
PEG,Public Service Enterprise Group Incorporated,4931,55,Utilities,5510,Utilities,551010,Electric Utilities,55101010,Electric Utilities,0.750,model+crosswalk,
PEGA,Pegasystems Inc,7374,45,Information Technology,4510,Software & Services,451030,Software,45103010,Application Software,0.600,model+crosswalk,
PEGX,PEGAGUS COMPANIES,,50,Communication Services,5020,Media & Entertainment,502010,Media,50201020,Broadcasting,0.650,model+crosswalk,
PEHD,PERIGEE HLDGS INC,,,,,,,,,,,,shell_company
PEN,"Penumbra, Inc.",3841,35,Health Care,3510,Health Care Equipment & Services,351010,Health Care Equipment & Supplies,35101010,Health Care Equipment,0.900,model+crosswalk,
PENG,"Penguin Solutions, Inc. Ordinary Shares",3674,45,Information Technology,4510,Software & Services,451020,IT Services,45102010,IT Consulting & Other Services,0.700,yahoo+sic,
PENN,"PENN Entertainment, Inc. Common Stock",7011,25,Consumer Discretionary,2530,Consumer Services,253010,"Hotels, Restaurants & Leisure",25301010,Casinos & Gaming,0.900,model+crosswalk,
PEP,"PepsiCo, Inc.",2080,30,Consumer Staples,3020,"Food, Beverage & Tobacco",302010,Beverages,30201030,Soft Drinks & Non-alcoholic Beverages,0.900,model+crosswalk,
PEPG,PepGen Inc. Common Stock,2834,35,Health Care,3520,"Pharmaceuticals, Biotechnology & Life Sciences",352010,Biotechnology,35201010,Biotechnology,0.900,model+crosswalk,
PERF,Perfect Corp.,7372,45,Information Technology,4510,Software & Services,451030,Software,45103010,Application Software,0.900,model+crosswalk,
PERI,Perion Network Ltd.,7371,50,Communication Services,5020,Media & Entertainment,502010,Media,50201010,Advertising,0.600,model+crosswalk,
PESI,"Perma-Fix Environmental Services, Inc.",4955,20,Industrials,2020,Commercial & Professional Services,202010,Commercial Services & Supplies,20201050,Environmental & Facilities Services,0.900,model+crosswalk,
PETS,"PetMed Express, Inc.",5912,30,Consumer Staples,3010,Consumer Staples Distribution & Retail,301010,Consumer Staples Distribution & Retail,30101010,Drug Retail,0.922,model+crosswalk,
PETV,PETVIVO HOLDINGS INC,,35,Health Care,3510,Health Care Equipment & Services,351010,Health Care Equipment & Supplies,35101010,Health Care Equipment,0.813,model+crosswalk,
PETZ,"TDH Holdings, Inc. Common Shares",6531,60,Real Estate,6020,Real Estate Management & Development,602010,Real Estate Management & Development,60201040,Real Estate Services,0.935,model+crosswalk,
PEVM,PHOENIX MOTOR INC,,25,Consumer Discretionary,2510,Automobiles & Components,251020,Automobiles,25102010,Automobile Manufacturers,0.650,model+crosswalk,
PEW,GrabAGun Digital Holdings Inc.,5940,20,Industrials,2010,Capital Goods,201010,Aerospace & Defense,20101010,Aerospace & Defense,0.600,model+crosswalk,
PFAI,Pinnacle Food Group Limited Class A Common Shares,0700,30,Consumer Staples,3020,"Food, Beverage & Tobacco",302020,Food Products,30202010,Agricultural Products & Services,0.900,model+crosswalk,
PFBC,Preferred Bank,,40,Financials,4010,Banks,401010,Banks,40101015,Regional Banks,0.650,model+crosswalk,
PFBN,PACIFIC ALLIANCE BANK CA,,40,Financials,4010,Banks,401010,Banks,40101015,Regional Banks,0.650,model+crosswalk,
PFE,Pfizer Inc.,2834,35,Health Care,3520,"Pharmaceuticals, Biotechnology & Life Sciences",352020,Pharmaceuticals,35202010,Pharmaceuticals,0.900,model+crosswalk,
PFG,"Principal Financial Group, Inc.",6321,40,Financials,4020,Financial Services,402030,Capital Markets,40203010,Asset Management & Custody Banks,0.700,model+crosswalk,
PFGC,Performance Food Group Company,5141,30,Consumer Staples,3010,Consumer Staples Distribution & Retail,301010,Consumer Staples Distribution & Retail,30101020,Food Distributors,0.900,model+crosswalk,
PFHO,PACIFIC HLTH CRE ORGZ INC,,35,Health Care,3510,Health Care Equipment & Services,351020,Health Care Providers & Services,35102030,Managed Health Care,0.650,model+crosswalk,
PFIS,Peoples Financial Services Corp.,6021,40,Financials,4010,Banks,401010,Banks,40101015,Regional Banks,0.900,model+crosswalk,
PFLC,PACIFIC FINCL CORP,,40,Financials,4010,Banks,401010,Banks,40101015,Regional Banks,0.650,model+crosswalk,
PFLT,PennantPark Floating Rate Capital Ltd.,,40,Financials,4020,Financial Services,402030,Capital Markets,40203010,Asset Management & Custody Banks,0.650,model+crosswalk,
PFS,"Provident Financial Services, Inc.",6035,40,Financials,4010,Banks,401010,Banks,40101015,Regional Banks,0.900,model+crosswalk,
PFSA,"Profusa, Inc. Common Stock",3841,35,Health Care,3510,Health Care Equipment & Services,351010,Health Care Equipment & Supplies,35101010,Health Care Equipment,0.900,model+crosswalk,
PFSI,"PennyMac Financial Services, Inc. Common Stock",6162,40,Financials,4020,Financial Services,402010,Financial Services,40201050,Commercial & Residential Mortgage Finance,0.900,model+crosswalk,
PFX,PhenixFIN Corporation Common Stock,,40,Financials,4020,Financial Services,402030,Capital Markets,40203010,Asset Management & Custody Banks,0.650,model+crosswalk,
PFXNZ,PhenixFIN Corporation 5.25% Notes due 2028,,,,,,,,,,,,not_common_equity
PG,Procter & Gamble Company,2840,30,Consumer Staples,3030,Household & Personal Products,303020,Personal Care Products,30302010,Personal Care Products,0.900,model+crosswalk,
PGAC,Pantages Capital Acquisition Corporation Class A Ordinary Shares,6770,,,,,,,,,,,shell_company
PGC,Peapack-Gladstone Financial Corp,6029,40,Financials,4010,Banks,401010,Banks,40101015,Regional Banks,0.900,model+crosswalk,
PGEN,"Precigen, Inc. Common Stock",2834,35,Health Care,3520,"Pharmaceuticals, Biotechnology & Life Sciences",352010,Biotechnology,35201010,Biotechnology,0.900,model+crosswalk,
PGNN,PARAGON FINCL SLTNS INC,,40,Financials,4010,Banks,401010,Banks,40101015,Regional Banks,0.650,model+crosswalk,
PGNY,"Progyny, Inc. Common Stock",8090,35,Health Care,3510,Health Care Equipment & Services,351020,Health Care Providers & Services,35102030,Managed Health Care,0.750,yahoo+sic,
PGR,Progressive Corporation,6331,40,Financials,4030,Insurance,403010,Insurance,40301040,Property & Casualty Insurance,0.900,model+crosswalk,
PGY,Pagaya Technologies Ltd. Class A Ordinary Shares,6199,45,Information Technology,4510,Software & Services,451030,Software,45103020,Systems Software,0.600,yahoo,
PH,Parker-Hannifin Corporation,3490,20,Industrials,2010,Capital Goods,201020,Building Products,20102010,Building Products,0.750,yahoo+sic,
PHAT,"Phathom Pharmaceuticals, Inc. Common Stock",2834,35,Health Care,3520,"Pharmaceuticals, Biotechnology & Life Sciences",352010,Biotechnology,35201010,Biotechnology,0.900,model+crosswalk,
PHCCF,PHC HOLDINGS CORP,,35,Health Care,3510,Health Care Equipment & Services,351010,Health Care Equipment & Supplies,35101010,Health Care Equipment,0.697,model+crosswalk,
PHG,KONINKLIJKE PHILIPS  N.V.,3844,35,Health Care,3510,Health Care Equipment & Services,351010,Health Care Equipment & Supplies,35101010,Health Care Equipment,0.900,model+crosswalk,
PHGE,BiomX Inc.,2836,20,Industrials,2010,Capital Goods,201010,Aerospace & Defense,20101010,Aerospace & Defense,0.600,model+crosswalk,
PHIG,PHI GROUP INC,,20,Industrials,2030,Transportation,203050,Transportation Infrastructure,20305010,Airport Services,0.650,model+crosswalk,
PHIN,PHINIA Inc.,3714,25,Consumer Discretionary,2510,Automobiles & Components,251010,Automobile Components,25101010,Automotive Parts & Equipment,0.900,model+crosswalk,
PHIO,Phio Pharmaceuticals Corp. Common Stock,2834,35,Health Care,3520,"Pharmaceuticals, Biotechnology & Life Sciences",352010,Biotechnology,35201010,Biotechnology,0.900,model+crosswalk,
PHM,"Pultegroup, Inc.",1531,25,Consumer Discretionary,2520,Consumer Durables & Apparel,252010,Household Durables,25201030,Homebuilding,0.930,model+crosswalk,
PHOE,Phoenix Asia Holdings Limited Ordinary Shares,1700,20,Industrials,2010,Capital Goods,201030,Construction & Engineering,20103010,Construction & Engineering,0.900,model+crosswalk,
PHR,"Phreesia, Inc.",7389,35,Health Care,3510,Health Care Equipment & Services,351030,Health Care Technology,35103010,Health Care Technology,0.600,yahoo,
PHUN,"Phunware, Inc. Common Stock",7374,45,Information Technology,4510,Software & Services,451030,Software,45103010,Application Software,0.750,model+crosswalk,
PHVS,Pharvaris N.V. Ordinary Shares,2834,35,Health Care,3520,"Pharmaceuticals, Biotechnology & Life Sciences",352010,Biotechnology,35201010,Biotechnology,0.900,model+crosswalk,
PI,"Impinj, Inc. Common Stock",3679,45,Information Technology,4530,Semiconductors & Semiconductor Equipment,453010,Semiconductors & Semiconductor Equipment,45301020,Semiconductors,0.700,model+crosswalk,
PICS,PicS N.V. Class A Common Shares,6141,40,Financials,4020,Financial Services,402010,Financial Services,40201060,Transaction & Payment Processing Services,0.750,model+crosswalk,
PII,Polaris Inc.,3790,25,Consumer Discretionary,2510,Automobiles & Components,251020,Automobiles,25102020,Motorcycle Manufacturers,0.600,yahoo,
PIII,P3 Health Partners Inc. Common Stock,8000,35,Health Care,3510,Health Care Equipment & Services,351020,Health Care Providers & Services,35102020,Health Care Facilities,0.750,yahoo+sic,
PINE,"Alpine Income Property Trust, Inc",6798,60,Real Estate,6010,Equity Real Estate Investment Trusts (REITs),601070,Retail REITs,60107010,Retail REITs,0.900,model+crosswalk,
PINS,"Pinterest, Inc. Class A Common Stock",7370,50,Communication Services,5020,Media & Entertainment,502030,Interactive Media & Services,50203010,Interactive Media & Services,0.900,model+crosswalk,
PIPR,Piper Sandler Companies,6211,40,Financials,4020,Financial Services,402030,Capital Markets,40203010,Asset Management & Custody Banks,0.900,model+crosswalk,
PJT,PJT Partners Inc.,6282,40,Financials,4020,Financial Services,402030,Capital Markets,40203020,Investment Banking & Brokerage,0.750,yahoo+sic,
PK,Park Hotels & Resorts Inc. Common Stock,7011,60,Real Estate,6010,Equity Real Estate Investment Trusts (REITs),601030,Hotel & Resort REITs,60103010,Hotel & Resort REITs,0.600,yahoo,
PKBK,Parke Bancorp Inc.,6022,40,Financials,4010,Banks,401010,Banks,40101015,Regional Banks,0.923,model+crosswalk,
PKE,Park Aerospace Corp. Common Stock,3728,20,Industrials,2010,Capital Goods,201010,Aerospace & Defense,20101010,Aerospace & Defense,0.900,model+crosswalk,
PKG,Packaging Corp of America,2650,15,Materials,1510,Materials,151030,Containers & Packaging,15103020,Paper & Plastic Packaging Products & Materials,0.900,model+crosswalk,
PKIN,PEKIN LIFE INS CO CAP,,40,Financials,4030,Insurance,403010,Insurance,40301020,Life & Health Insurance,0.650,model+crosswalk,
PKOH,Park-Ohio Holdings Corp,3460,20,Industrials,2010,Capital Goods,201060,Machinery,20106020,Industrial Machinery & Supplies & Components,0.900,model+crosswalk,
PL,Planet Labs PBC,3663,20,Industrials,2010,Capital Goods,201010,Aerospace & Defense,20101010,Aerospace & Defense,0.600,model+crosswalk,
PLAB,Photronics Inc,3674,45,Information Technology,4530,Semiconductors & Semiconductor Equipment,453010,Semiconductors & Semiconductor Equipment,45301010,Semiconductor Materials & Equipment,0.750,model+crosswalk,
PLAG,Planet Green Holdings Corp.,2030,20,Industrials,2010,Capital Goods,201050,Industrial Conglomerates,20105010,Industrial Conglomerates,0.600,yahoo,
PLAY,"Dave & Buster's Entertainment, Inc.",5812,50,Communication Services,5020,Media & Entertainment,502020,Entertainment,50202010,Movies & Entertainment,0.600,yahoo,
PLBC,Plumas Bancorp,6153,40,Financials,4010,Banks,401010,Banks,40101015,Regional Banks,0.700,model+crosswalk,
PLBL,Polibeli Group Ltd Class A Ordinary Shares,5064,25,Consumer Discretionary,2550,Consumer Discretionary Distribution & Retail,255030,Broadline Retail,25503030,Broadline Retail,0.750,model+crosswalk,
PLBY,"Playboy, Inc. Common Stock",5900,25,Consumer Discretionary,2520,Consumer Durables & Apparel,252030,"Textiles, Apparel & Luxury Goods",25203010,"Apparel, Accessories & Luxury Goods",0.700,model+crosswalk,
PLCE,"Children's Place, Inc.",5651,25,Consumer Discretionary,2520,Consumer Durables & Apparel,252030,"Textiles, Apparel & Luxury Goods",25203010,"Apparel, Accessories & Luxury Goods",0.700,yahoo+sic,
PLCI,Pelican Acquisition II Corporation Ordinary Shares,,,,,,,,,,,,shell_company
PLCQF,POLAR CAPITAL TECH TR PLC,,,,,,,,,,,,no_evidence
PLD,"PROLOGIS, INC.",6798,60,Real Estate,6010,Equity Real Estate Investment Trusts (REITs),601025,Industrial REITs,60102510,Industrial REITs,0.900,model+crosswalk,
PLG,Platinum Group Metals LTD.,1040,15,Materials,1510,Materials,151040,Metals & Mining,15104030,Gold,0.750,model+crosswalk,
PLGO,Pelagos Insurance Capital Limited,6331,40,Financials,4030,Insurance,403010,Insurance,40301030,Multi-line Insurance,0.750,yahoo+sic,
PLLIF,PIRELLI & C SPA AZIONI,,25,Consumer Discretionary,2510,Automobiles & Components,251010,Automobile Components,25101010,Automotive Parts & Equipment,0.650,model+crosswalk,
PLMK,Plum Acquisition Corp. IV Class A Ordinary Shares,6770,,,,,,,,,,,shell_company
PLMR,"Palomar Holdings, Inc. Common stock",6331,40,Financials,4030,Insurance,403010,Insurance,40301040,Property & Casualty Insurance,0.958,model+crosswalk,
PLNT,"Planet Fitness, Inc.",7997,25,Consumer Discretionary,2520,Consumer Durables & Apparel,252020,Leisure Products,25202010,Leisure Products,0.700,model+crosswalk,
PLOW,"DOUGLAS DYNAMICS, INC.",3531,25,Consumer Discretionary,2510,Automobiles & Components,251010,Automobile Components,25101010,Automotive Parts & Equipment,0.600,yahoo,
PLPC,Preformed Line Products Co,1623,20,Industrials,2010,Capital Goods,201040,Electrical Equipment,20104010,Electrical Components & Equipment,0.750,model+crosswalk,
PLQC,PLAINS ACQUISITION CORP,,40,Financials,4010,Banks,401010,Banks,40101015,Regional Banks,0.650,model+crosswalk,
PLRX,"Pliant Therapeutics, Inc. Common Stock",2834,35,Health Care,3520,"Pharmaceuticals, Biotechnology & Life Sciences",352010,Biotechnology,35201010,Biotechnology,0.900,model+crosswalk,
PLRZ,Polyrizon Ltd. Ordinary Shares,3841,35,Health Care,3520,"Pharmaceuticals, Biotechnology & Life Sciences",352010,Biotechnology,35201010,Biotechnology,0.700,yahoo+sic,
PLSE,"Pulse Biosciences, Inc Common Stock (DE)",3841,35,Health Care,3510,Health Care Equipment & Services,351010,Health Care Equipment & Supplies,35101020,Health Care Supplies,0.750,yahoo+sic,
PLSM,Pulsenmore Ltd. Ordinary Shares,3841,35,Health Care,3510,Health Care Equipment & Services,351010,Health Care Equipment & Supplies,35101010,Health Care Equipment,0.900,model+crosswalk,
PLTK,Playtika Holding Corp. Common Stock,7374,50,Communication Services,5020,Media & Entertainment,502020,Entertainment,50202020,Interactive Home Entertainment,0.750,yahoo+sic,
PLTR,Palantir Technologies Inc. Class A Common Stock,7372,45,Information Technology,4510,Software & Services,451030,Software,45103010,Application Software,0.900,model+crosswalk,
PLTS,Platinum Analytics Cayman Limited Class A Ordinary Shares,7372,45,Information Technology,4510,Software & Services,451030,Software,45103010,Application Software,0.900,model+crosswalk,
PLUG,Plug Power Inc.,3620,20,Industrials,2010,Capital Goods,201040,Electrical Equipment,20104010,Electrical Components & Equipment,0.900,model+crosswalk,
PLUN,Plutonian Acquisition Corp II,6770,,,,,,,,,,,shell_company
PLUR,Pluri Inc. Common Stock,2836,35,Health Care,3520,"Pharmaceuticals, Biotechnology & Life Sciences",352010,Biotechnology,35201010,Biotechnology,0.900,model+crosswalk,
PLUS,ePlus Inc,5045,45,Information Technology,4510,Software & Services,451030,Software,45103010,Application Software,0.700,model+crosswalk,
PLUT,Plutus Financial Group Limited Ordinary Shares,6200,40,Financials,4020,Financial Services,402030,Capital Markets,40203010,Asset Management & Custody Banks,0.750,yahoo+sic,
PLWN,PINELAWN CEMETERY,,25,Consumer Discretionary,2530,Consumer Services,253020,Diversified Consumer Services,25302020,Specialized Consumer Services,0.650,model+crosswalk,
PLX,"Protalix BioTherapeutics, Inc. Common Stock",2836,35,Health Care,3520,"Pharmaceuticals, Biotechnology & Life Sciences",352010,Biotechnology,35201010,Biotechnology,0.900,model+crosswalk,
PLXS,Plexus Corp,3672,45,Information Technology,4520,Technology Hardware & Equipment,452030,"Electronic Equipment, Instruments & Components",45203015,Electronic Components,0.750,yahoo+sic,
PLYX,"Polaryx Therapeutics, Inc. Common Stock",2834,35,Health Care,3520,"Pharmaceuticals, Biotechnology & Life Sciences",352010,Biotechnology,35201010,Biotechnology,0.900,model+crosswalk,
PM,Philip Morris International Inc.,2111,30,Consumer Staples,3020,"Food, Beverage & Tobacco",302030,Tobacco,30203010,Tobacco,0.900,model+crosswalk,
PMA,PMA Graphene Technology Group Inc. Class A Ordinary Shares,1700,20,Industrials,2010,Capital Goods,201030,Construction & Engineering,20103010,Construction & Engineering,0.900,model+crosswalk,
PMAX,Powell Max Limited Class A Ordinary Shares,7380,40,Financials,4020,Financial Services,402030,Capital Markets,40203020,Investment Banking & Brokerage,0.600,model+crosswalk,
PMCB,"PharmaCyte Biotech, Inc. Common Stock",2836,35,Health Care,3520,"Pharmaceuticals, Biotechnology & Life Sciences",352010,Biotechnology,35201010,Biotechnology,0.900,model+crosswalk,
PMDSF,PHARMA FOODS INTL CO,,35,Health Care,3520,"Pharmaceuticals, Biotechnology & Life Sciences",352020,Pharmaceuticals,35202010,Pharmaceuticals,0.666,model+crosswalk,
PMEC,Primech Holdings Ltd. Ordinary Shares,7340,20,Industrials,2020,Commercial & Professional Services,202010,Commercial Services & Supplies,20201050,Environmental & Facilities Services,0.900,model+crosswalk,
PMI,"Picard Medical, Inc.",3841,35,Health Care,3510,Health Care Equipment & Services,351010,Health Care Equipment & Supplies,35101010,Health Care Equipment,0.900,model+crosswalk,
PMMFF,PREMIUM GROUP CO LTD,,40,Financials,4020,Financial Services,402020,Consumer Finance,40202010,Consumer Finance,0.650,model+crosswalk,
PMN,ProMIS Neurosciences Inc. Common Shares (ON),2834,35,Health Care,3520,"Pharmaceuticals, Biotechnology & Life Sciences",352010,Biotechnology,35201010,Biotechnology,0.900,model+crosswalk,
PMT,PennyMac Mortgage Investment Trust,6798,,,,,,,,,,,not_common_equity
PMTR,Perimeter Acquisition Corp. I Class A Ordinary Shares,6770,,,,,,,,,,,shell_company
PMTS,CPI Card Group Inc. Common Stock,2750,40,Financials,4020,Financial Services,402010,Financial Services,40201060,Transaction & Payment Processing Services,0.600,model+crosswalk,
PMVP,"PMV Pharmaceuticals, Inc",2834,35,Health Care,3520,"Pharmaceuticals, Biotechnology & Life Sciences",352010,Biotechnology,35201010,Biotechnology,0.900,model+crosswalk,
PN,PN Smart Energy Limited Class A Ordinary Shares,5045,55,Utilities,5510,Utilities,551050,Independent Power and Renewable Electricity Producers,55105020,Renewable Electricity,0.600,yahoo,
PNAQ,Pinnacle Acquisition Corporation,6770,,,,,,,,,,,shell_company
PNBI,PIONEER BANKSHARES INC,,40,Financials,4010,Banks,401010,Banks,40101015,Regional Banks,0.650,model+crosswalk,
PNBK,Patriot National Bancorp Inc,6021,40,Financials,4010,Banks,401010,Banks,40101015,Regional Banks,0.900,model+crosswalk,
PNC,PNC Financial Services Group,6021,40,Financials,4010,Banks,401010,Banks,40101015,Regional Banks,0.900,model+crosswalk,
PNFP,"Pinnacle Financial Partners, Inc.",6021,40,Financials,4010,Banks,401010,Banks,40101015,Regional Banks,0.900,model+crosswalk,
PNNT,Pennant Investment Corp,,40,Financials,4020,Financial Services,402030,Capital Markets,40203010,Asset Management & Custody Banks,0.650,model+crosswalk,
PNR,Pentair plc,3550,20,Industrials,2010,Capital Goods,201060,Machinery,20106020,Industrial Machinery & Supplies & Components,0.900,model+crosswalk,
PNRG,PrimeEnergy Resources Corporation Common Stock,1311,10,Energy,1010,Energy,101020,"Oil, Gas & Consumable Fuels",10102020,Oil & Gas Exploration & Production,0.900,model+crosswalk,
PNTG,"The Pennant Group, Inc. Common Stock",8000,35,Health Care,3510,Health Care Equipment & Services,351020,Health Care Providers & Services,35102015,Health Care Services,0.900,model+crosswalk,
PNW,Pinnacle West Capital Corporation,4911,55,Utilities,5510,Utilities,551010,Electric Utilities,55101010,Electric Utilities,0.900,model+crosswalk,
POAS,Phaos Technology Holdings (Cayman) Limited,3823,35,Health Care,3510,Health Care Equipment & Services,351010,Health Care Equipment & Supplies,35101010,Health Care Equipment,0.600,yahoo,
POCI,"Precision Optics Corporation, Inc. Common Stock",3845,35,Health Care,3510,Health Care Equipment & Services,351010,Health Care Equipment & Supplies,35101010,Health Care Equipment,0.900,model+crosswalk,
PODC,"PodcastOne, Inc. Common Stock",7370,50,Communication Services,5020,Media & Entertainment,502030,Interactive Media & Services,50203010,Interactive Media & Services,0.600,model+crosswalk,
PODD,Insulet Corporation,3841,35,Health Care,3510,Health Care Equipment & Services,351010,Health Care Equipment & Supplies,35101020,Health Care Supplies,0.900,model+crosswalk,
POET,POET Technologies Inc. Common Shares,3674,45,Information Technology,4530,Semiconductors & Semiconductor Equipment,453010,Semiconductors & Semiconductor Equipment,45301020,Semiconductors,0.900,model+crosswalk,
POLA,"Polar Power, Inc. Common Stock",3690,20,Industrials,2010,Capital Goods,201040,Electrical Equipment,20104010,Electrical Components & Equipment,0.900,model+crosswalk,
POLE,Andretti Acquisition Corp. II Class A Ordinary Shares,6770,,,,,,,,,,,shell_company
PONGF,ATARI,,50,Communication Services,5020,Media & Entertainment,502020,Entertainment,50202020,Interactive Home Entertainment,0.650,model+crosswalk,
PONO,"Pono Capital Four, Inc. Class A Ordinary Shares",6770,,,,,,,,,,,shell_company
PONT,PONTIAC BANCORP INC,,40,Financials,4010,Banks,401010,Banks,40101015,Regional Banks,0.650,model+crosswalk,
POOL,Pool Corporation,5090,20,Industrials,2010,Capital Goods,201070,Trading Companies & Distributors,20107010,Trading Companies & Distributors,0.600,model+crosswalk,
POR,Portland General Electric Company,4911,55,Utilities,5510,Utilities,551010,Electric Utilities,55101010,Electric Utilities,0.750,model+crosswalk,
POST,"POST HOLDINGS, INC.",2040,30,Consumer Staples,3020,"Food, Beverage & Tobacco",302020,Food Products,30202030,Packaged Foods & Meats,0.900,model+crosswalk,
POWI,Power Integrations Inc,3674,45,Information Technology,4530,Semiconductors & Semiconductor Equipment,453010,Semiconductors & Semiconductor Equipment,45301020,Semiconductors,0.750,model+crosswalk,
POWL,Powell Industries Inc,3613,20,Industrials,2010,Capital Goods,201040,Electrical Equipment,20104010,Electrical Components & Equipment,0.900,model+crosswalk,
POWW,Outdoor Holding Company Common Stock,7389,20,Industrials,2010,Capital Goods,201010,Aerospace & Defense,20101010,Aerospace & Defense,0.600,model+crosswalk,
PPAL,PEOPLES TR CO ST ALBNS VT,,40,Financials,4010,Banks,401010,Banks,40101015,Regional Banks,0.650,yahoo,
PPBN,PINNACLE BANKSHARES CORP,,40,Financials,4010,Banks,401010,Banks,40101015,Regional Banks,0.650,model+crosswalk,
PPC,Pilgrims Pride Corporation,2015,30,Consumer Staples,3020,"Food, Beverage & Tobacco",302020,Food Products,30202030,Packaged Foods & Meats,0.900,model+crosswalk,
PPCB,"Propanc Biopharma, Inc. Common Stock",2834,35,Health Care,3520,"Pharmaceuticals, Biotechnology & Life Sciences",352010,Biotechnology,35201010,Biotechnology,0.900,model+crosswalk,
PPG,"PPG Industries, Inc.",2851,15,Materials,1510,Materials,151010,Chemicals,15101050,Specialty Chemicals,0.900,model+crosswalk,
PPHC,"Public Policy Holding Company, Inc. Common Stock",8742,20,Industrials,2020,Commercial & Professional Services,202020,Professional Services,20202020,Research & Consulting Services,0.900,model+crosswalk,
PPIH,"Perma-Pipe International Holdings, Inc.",3564,20,Industrials,2010,Capital Goods,201020,Building Products,20102010,Building Products,0.750,yahoo+sic,
PPL,PPL Corporation,4911,55,Utilities,5510,Utilities,551010,Electric Utilities,55101010,Electric Utilities,0.900,model+crosswalk,
PPLI,People Incorporated Common Stock,7370,50,Communication Services,5020,Media & Entertainment,502030,Interactive Media & Services,50203010,Interactive Media & Services,0.600,model+crosswalk,
PPLL,PEOPLES LTD,,40,Financials,4010,Banks,401010,Banks,40101015,Regional Banks,0.650,model+crosswalk,
PPSI,"Pioneer Power Solutions, Inc.",3690,20,Industrials,2010,Capital Goods,201040,Electrical Equipment,20104020,Heavy Electrical Equipment,0.750,yahoo+sic,
PPTA,Perpetua Resources Corp. Common Shares,1040,15,Materials,1510,Materials,151040,Metals & Mining,15104030,Gold,0.750,model+crosswalk,
PR,Permian Resources Corporation,1311,10,Energy,1010,Energy,101020,"Oil, Gas & Consumable Fuels",10102020,Oil & Gas Exploration & Production,0.900,model+crosswalk,
PRAA,"PRA Group, Inc.",6153,40,Financials,4020,Financial Services,402020,Consumer Finance,40202010,Consumer Finance,0.750,model+crosswalk,
PRAC,PRODUCTIVITY TECHS CORP,,20,Industrials,2010,Capital Goods,201060,Machinery,20106020,Industrial Machinery & Supplies & Components,0.650,model+crosswalk,
PRAX,"Praxis Precision Medicines, Inc. Common Stock",2834,35,Health Care,3520,"Pharmaceuticals, Biotechnology & Life Sciences",352010,Biotechnology,35201010,Biotechnology,0.900,model+crosswalk,
PRCH,"Porch Group, Inc. Common Stock",7372,40,Financials,4030,Insurance,403010,Insurance,40301040,Property & Casualty Insurance,0.600,model+crosswalk,
PRCT,PROCEPT BioRobotics Corporation Common Stock,3841,35,Health Care,3510,Health Care Equipment & Services,351010,Health Care Equipment & Supplies,35101010,Health Care Equipment,0.900,model+crosswalk,
PRDO,Perdoceo Education Corporation,8200,25,Consumer Discretionary,2530,Consumer Services,253020,Diversified Consumer Services,25302010,Education Services,0.900,model+crosswalk,
PRE,Prenetics Global Limited Class A Ordinary Share,2834,30,Consumer Staples,3020,"Food, Beverage & Tobacco",302020,Food Products,30202030,Packaged Foods & Meats,0.600,model+crosswalk,
PRFX,PRF Technologies Ltd. Ordinary Shares,2834,35,Health Care,3520,"Pharmaceuticals, Biotechnology & Life Sciences",352020,Pharmaceuticals,35202010,Pharmaceuticals,0.900,model+crosswalk,
PRG,"PROG Holdings, Inc.",7359,25,Consumer Discretionary,2550,Consumer Discretionary Distribution & Retail,255040,Specialty Retail,25504040,Other Specialty Retail,0.600,yahoo,
PRGO,PERRIGO COMPANY PLC,2834,35,Health Care,3520,"Pharmaceuticals, Biotechnology & Life Sciences",352020,Pharmaceuticals,35202010,Pharmaceuticals,0.900,model+crosswalk,
PRGS,Progress Software Corp (DE),7372,45,Information Technology,4510,Software & Services,451030,Software,45103020,Systems Software,0.900,model+crosswalk,
PRHI,"Presurance Holdings, Inc. Common Stock",6331,40,Financials,4030,Insurance,403010,Insurance,40301040,Property & Casualty Insurance,0.900,model+crosswalk,
PRHIZ,"Presurance Holdings, Inc. 9.75% Senior Unsecured Notes due 2028",6331,,,,,,,,,,,not_common_equity
PRI,"PRIMERICA, INC.",6311,40,Financials,4030,Insurance,403010,Insurance,40301020,Life & Health Insurance,0.900,model+crosswalk,
PRIM,Primoris Services Corporation,1623,20,Industrials,2010,Capital Goods,201030,Construction & Engineering,20103010,Construction & Engineering,0.900,model+crosswalk,
PRK,Park National Corporation,6021,40,Financials,4010,Banks,401010,Banks,40101015,Regional Banks,0.900,model+crosswalk,
PRKA,PARKS! AMERICA INC,,25,Consumer Discretionary,2520,Consumer Durables & Apparel,252020,Leisure Products,25202010,Leisure Products,0.650,model+crosswalk,
PRKS,United Parks & Resorts Inc.,7990,25,Consumer Discretionary,2530,Consumer Services,253010,"Hotels, Restaurants & Leisure",25301030,Leisure Facilities,0.600,yahoo,
PRLB,"PROTO LABS, INC.",3440,20,Industrials,2010,Capital Goods,201060,Machinery,20106020,Industrial Machinery & Supplies & Components,0.750,model+crosswalk,
PRLD,Prelude Therapeutics Incorporated,2834,35,Health Care,3520,"Pharmaceuticals, Biotechnology & Life Sciences",352010,Biotechnology,35201010,Biotechnology,0.900,model+crosswalk,
PRM,"Perimeter Solutions, Inc.",2800,15,Materials,1510,Materials,151010,Chemicals,15101050,Specialty Chemicals,0.900,model+crosswalk,
PRMB,Primo Brands Corporation,2080,30,Consumer Staples,3020,"Food, Beverage & Tobacco",302010,Beverages,30201030,Soft Drinks & Non-alcoholic Beverages,0.900,model+crosswalk,
PRME,"Prime Medicine, Inc. Common Stock",2836,35,Health Care,3520,"Pharmaceuticals, Biotechnology & Life Sciences",352010,Biotechnology,35201010,Biotechnology,0.900,model+crosswalk,
PRMO,PROM RESOURCES INC NEW,,25,Consumer Discretionary,2530,Consumer Services,253010,"Hotels, Restaurants & Leisure",25301040,Restaurants,0.650,model+crosswalk,
PROF,Profound Medical Corp. Common Stock,3841,35,Health Care,3510,Health Care Equipment & Services,351010,Health Care Equipment & Supplies,35101010,Health Care Equipment,0.900,model+crosswalk,
PROK,ProKidney Corp. Class A Ordinary Shares,2836,35,Health Care,3520,"Pharmaceuticals, Biotechnology & Life Sciences",352010,Biotechnology,35201010,Biotechnology,0.900,model+crosswalk,
PROP,Prairie Operating Co. Common Stock,1311,10,Energy,1010,Energy,101020,"Oil, Gas & Consumable Fuels",10102020,Oil & Gas Exploration & Production,0.900,model+crosswalk,
PROV,Provident Financial Hldgs,6035,40,Financials,4010,Banks,401010,Banks,40101015,Regional Banks,0.900,model+crosswalk,
PRPL,"Purple Innovation, Inc. Common Stock",2510,25,Consumer Discretionary,2520,Consumer Durables & Apparel,252010,Household Durables,25201020,Home Furnishings,0.900,model+crosswalk,
PRPO,"Precipio, Inc. Common Stock",3826,35,Health Care,3510,Health Care Equipment & Services,351020,Health Care Providers & Services,35102015,Health Care Services,0.700,yahoo+sic,
PRQR,ProQR Therapeutics N.V. Ordinary Shares,2834,35,Health Care,3520,"Pharmaceuticals, Biotechnology & Life Sciences",352010,Biotechnology,35201010,Biotechnology,0.900,model+crosswalk,
PRSO,"Peraso, Inc. Common Stock",3674,45,Information Technology,4530,Semiconductors & Semiconductor Equipment,453010,Semiconductors & Semiconductor Equipment,45301020,Semiconductors,0.900,model+crosswalk,
PRST,PRESTO AUTOMATION INC,,45,Information Technology,4510,Software & Services,451030,Software,45103010,Application Software,0.650,model+crosswalk,
PRSU,"Pursuit Attractions and Hospitality, Inc.",7990,25,Consumer Discretionary,2530,Consumer Services,253010,"Hotels, Restaurants & Leisure",25301020,"Hotels, Resorts & Cruise Lines",0.750,yahoo+sic,
PRTA,Prothena Corporation plc Ordinary Shares,2834,35,Health Care,3520,"Pharmaceuticals, Biotechnology & Life Sciences",352010,Biotechnology,35201010,Biotechnology,0.900,model+crosswalk,
PRTH,"Priority Technology Holdings, Inc.",7389,40,Financials,4020,Financial Services,402010,Financial Services,40201060,Transaction & Payment Processing Services,0.900,model+crosswalk,
PRTIF,PORT INC,,,,,,,,,,,,no_evidence
PRTS,"CarParts.com, Inc. Common Stock",5531,25,Consumer Discretionary,2510,Automobiles & Components,251010,Automobile Components,25101010,Automotive Parts & Equipment,0.700,model+crosswalk,
PRU,"Prudential Financial, Inc.",6311,40,Financials,4030,Insurance,403010,Insurance,40301020,Life & Health Insurance,0.900,model+crosswalk,
PRVA,"Privia Health Group, Inc. Common Stock",8000,35,Health Care,3510,Health Care Equipment & Services,351020,Health Care Providers & Services,35102015,Health Care Services,0.900,model+crosswalk,
PRZO,ParaZero Technologies Ltd. Ordinary Shares,3728,20,Industrials,2010,Capital Goods,201010,Aerospace & Defense,20101010,Aerospace & Defense,0.900,model+crosswalk,
PS,Pershing Square Inc.,6282,40,Financials,4020,Financial Services,402030,Capital Markets,40203010,Asset Management & Custody Banks,0.900,model+crosswalk,
PSA,Public Storage,6798,60,Real Estate,6010,Equity Real Estate Investment Trusts (REITs),601025,Industrial REITs,60102510,Industrial REITs,0.750,model+crosswalk,
PSBD,Palmer Square Capital BDC Inc.,,40,Financials,4020,Financial Services,402030,Capital Markets,40203010,Asset Management & Custody Banks,0.650,model+crosswalk,
PSBQ,PSB HOLDINGS INC (WI),,40,Financials,4010,Banks,401010,Banks,40101015,Regional Banks,0.650,model+crosswalk,
PSEC,Prospect Capital Corporation,,40,Financials,4020,Financial Services,402030,Capital Markets,40203010,Asset Management & Custody Banks,0.650,model+crosswalk,
PSFE,Paysafe Limited,7389,40,Financials,4020,Financial Services,402010,Financial Services,40201060,Transaction & Payment Processing Services,0.900,model+crosswalk,
PSHG,Performance Shipping Inc. Common Shares,4412,20,Industrials,2030,Transportation,203030,Marine Transportation,20303010,Marine Transportation,0.900,model+crosswalk,
PSIG,PS International Group Ltd. Ordinary Shares,4731,20,Industrials,2030,Transportation,203010,Air Freight & Logistics,20301010,Air Freight & Logistics,0.900,model+crosswalk,
PSIX,"Power Solutions International, Inc. Common Stock",3510,20,Industrials,2010,Capital Goods,201060,Machinery,20106015,Agricultural & Farm Machinery,0.750,yahoo+sic,
PSKY,Paramount Skydance Corporation Class B Common Stock,4833,50,Communication Services,5020,Media & Entertainment,502020,Entertainment,50202010,Movies & Entertainment,0.750,model+crosswalk,
PSMT,Pricesmart Inc,5331,30,Consumer Staples,3010,Consumer Staples Distribution & Retail,301010,Consumer Staples Distribution & Retail,30101040,Consumer Staples Merchandise Retail,0.900,model+crosswalk,
PSN,Parsons Corporation,7373,45,Information Technology,4510,Software & Services,451020,IT Services,45102010,IT Consulting & Other Services,0.900,model+crosswalk,
PSNL,"Personalis, Inc. Common Stock",8071,35,Health Care,3520,"Pharmaceuticals, Biotechnology & Life Sciences",352030,Life Sciences Tools & Services,35203010,Life Sciences Tools & Services,0.900,model+crosswalk,
PSQH,"PSQ Holdings, Inc.",7310,45,Information Technology,4510,Software & Services,451030,Software,45103010,Application Software,0.600,model+crosswalk,
PSQL,Pasqal Holding SA Ordinary Share,,45,Information Technology,4520,Technology Hardware & Equipment,452020,"Technology Hardware, Storage & Peripherals",45202030,"Technology Hardware, Storage & Peripherals",0.650,model+crosswalk,
PSTL,"Postal Realty Trust, Inc",6798,60,Real Estate,6010,Equity Real Estate Investment Trusts (REITs),601040,Office REITs,60104010,Office REITs,0.750,model+crosswalk,
PSX,PHILLIPS 66,2911,10,Energy,1010,Energy,101020,"Oil, Gas & Consumable Fuels",10102030,Oil & Gas Refining & Marketing,0.900,model+crosswalk,
PTAC,Patriot Acquisition Corp. Class A Ordinary Shares,6770,,,,,,,,,,,shell_company
PTBS,POTOMAC BNCSHS INC,,40,Financials,4010,Banks,401010,Banks,40101015,Regional Banks,0.650,model+crosswalk,
PTC,"PTC, INC",7372,45,Information Technology,4510,Software & Services,451030,Software,45103010,Application Software,0.900,model+crosswalk,
PTCO,PETROGAS COMPANY,,10,Energy,1010,Energy,101020,"Oil, Gas & Consumable Fuels",10102020,Oil & Gas Exploration & Production,0.810,model+crosswalk,
PTCT,"PTC Therapeutics, Inc.",2834,35,Health Care,3520,"Pharmaceuticals, Biotechnology & Life Sciences",352010,Biotechnology,35201010,Biotechnology,0.900,model+crosswalk,
PTEN,Patterson-UTI Energy Inc,1381,10,Energy,1010,Energy,101010,Energy Equipment & Services,10101010,Oil & Gas Drilling,0.900,model+crosswalk,
PTGX,"Protagonist Therapeutics, Inc",2834,35,Health Care,3520,"Pharmaceuticals, Biotechnology & Life Sciences",352010,Biotechnology,35201010,Biotechnology,0.900,model+crosswalk,
PTHS,Pelthos Therapeutics Inc.,2836,35,Health Care,3520,"Pharmaceuticals, Biotechnology & Life Sciences",352010,Biotechnology,35201010,Biotechnology,0.900,model+crosswalk,
PTLE,PTL LTD Class A Ordinary Shares,5172,25,Consumer Discretionary,2550,Consumer Discretionary Distribution & Retail,255040,Specialty Retail,25504040,Other Specialty Retail,0.600,yahoo,
PTLO,Portillo's Inc. Class A Common Stock,5812,25,Consumer Discretionary,2530,Consumer Services,253010,"Hotels, Restaurants & Leisure",25301040,Restaurants,0.900,model+crosswalk,
PTN,"Palatin Technologies, Inc. Common Stock",2834,35,Health Care,3520,"Pharmaceuticals, Biotechnology & Life Sciences",352010,Biotechnology,35201010,Biotechnology,0.900,model+crosswalk,
PTON,"Peloton Interactive, Inc. Class A Common Stock",3949,25,Consumer Discretionary,2520,Consumer Durables & Apparel,252020,Leisure Products,25202010,Leisure Products,0.900,model+crosswalk,
PTOP,PEER TO PEER NETWORK,,45,Information Technology,4510,Software & Services,451030,Software,45103010,Application Software,0.650,model+crosswalk,
PTOR,Praetorian Acquisition Corp. Class A Ordinary Shares,6770,,,,,,,,,,,shell_company
PTPI,PETROS PHARM INC,,35,Health Care,3520,"Pharmaceuticals, Biotechnology & Life Sciences",352020,Pharmaceuticals,35202010,Pharmaceuticals,0.926,model+crosswalk,
PTRN,Pattern Group Inc. Series A Common Stock,5961,25,Consumer Discretionary,2550,Consumer Discretionary Distribution & Retail,255040,Specialty Retail,25504040,Other Specialty Retail,0.900,model+crosswalk,
PUBM,"PubMatic, Inc. Class A Common Stock",7370,45,Information Technology,4510,Software & Services,451030,Software,45103010,Application Software,0.900,model+crosswalk,
PULM,"Pulmatrix, Inc. Common Stock",2834,35,Health Care,3520,"Pharmaceuticals, Biotechnology & Life Sciences",352010,Biotechnology,35201010,Biotechnology,0.900,model+crosswalk,
PUMP,ProPetro Holding Corp.,1389,10,Energy,1010,Energy,101010,Energy Equipment & Services,10101020,Oil & Gas Equipment & Services,0.900,model+crosswalk,
PURR,Hyperliquid Strategies Inc Common Stock,6199,40,Financials,4020,Financial Services,402030,Capital Markets,40203020,Investment Banking & Brokerage,0.750,yahoo+sic,
PUSA,Powerus Corporation Common Stock,7997,20,Industrials,2010,Capital Goods,201010,Aerospace & Defense,20101010,Aerospace & Defense,0.600,model+crosswalk,
PVBK,PACIFIC VALLEY BANCORP,,40,Financials,4010,Banks,401010,Banks,40101015,Regional Banks,0.650,model+crosswalk,
PVH,PVH Corp.,2320,25,Consumer Discretionary,2520,Consumer Durables & Apparel,252030,"Textiles, Apparel & Luxury Goods",25203010,"Apparel, Accessories & Luxury Goods",0.900,model+crosswalk,
PVL,Permianville Royalty Trust,1311,10,Energy,1010,Energy,101020,"Oil, Gas & Consumable Fuels",10102020,Oil & Gas Exploration & Production,0.900,model+crosswalk,
PVLA,"Palvella Therapeutics, Inc. Common Stock",2834,35,Health Care,3520,"Pharmaceuticals, Biotechnology & Life Sciences",352010,Biotechnology,35201010,Biotechnology,0.900,model+crosswalk,
PW,Power REIT,6798,60,Real Estate,6010,Equity Real Estate Investment Trusts (REITs),601080,Specialized REITs,60108010,Other Specialized REITs,0.900,model+crosswalk,
PWCM,"PowerCompute, Inc. Common Stock",6199,40,Financials,4020,Financial Services,402030,Capital Markets,40203020,Investment Banking & Brokerage,0.600,model+crosswalk,
PWLNF,POWERLONG REAL ESTATE HLD,,,,,,,,,,,,no_evidence
PWP,Perella Weinberg Partners Class A Common Stock,6199,40,Financials,4020,Financial Services,402030,Capital Markets,40203020,Investment Banking & Brokerage,0.900,model+crosswalk,
PWR,"Quanta Services, Inc.",1731,20,Industrials,2010,Capital Goods,201030,Construction & Engineering,20103010,Construction & Engineering,0.900,model+crosswalk,
PWRL,Powerlaw Corp. Common Stock,,40,Financials,4020,Financial Services,402030,Capital Markets,40203010,Asset Management & Custody Banks,0.650,model+crosswalk,
PXED,"Phoenix Education Partners, Inc.",8200,25,Consumer Discretionary,2530,Consumer Services,253020,Diversified Consumer Services,25302010,Education Services,0.900,model+crosswalk,
PXHI,PHONEX HOLDINGS INC,,25,Consumer Discretionary,2550,Consumer Discretionary Distribution & Retail,255030,Broadline Retail,25503030,Broadline Retail,0.650,model+crosswalk,
PXLW,Pixelworks Inc,7372,45,Information Technology,4530,Semiconductors & Semiconductor Equipment,453010,Semiconductors & Semiconductor Equipment,45301020,Semiconductors,0.700,yahoo+sic,
PXS,Pyxis Tankers Inc. Common Stock,4412,10,Energy,1010,Energy,101020,"Oil, Gas & Consumable Fuels",10102040,Oil & Gas Storage & Transportation,0.600,yahoo,
PXSTF,PHOENIX MEDIA INVT LTD,,50,Communication Services,5020,Media & Entertainment,502030,Interactive Media & Services,50203010,Interactive Media & Services,0.650,model+crosswalk,
PYPD,PolyPid Ltd. Ordinary Shares,3841,35,Health Care,3520,"Pharmaceuticals, Biotechnology & Life Sciences",352010,Biotechnology,35201010,Biotechnology,0.700,model+crosswalk,
PYPL,"PayPal Holdings, Inc. Common Stock",7389,40,Financials,4020,Financial Services,402010,Financial Services,40201060,Transaction & Payment Processing Services,0.900,model+crosswalk,
PYPTF,PAYPOINT PLC,,45,Information Technology,4510,Software & Services,451030,Software,45103020,Systems Software,0.650,model+crosswalk,
PYXS,"Pyxis Oncology, Inc. Common Stock",2834,35,Health Care,3520,"Pharmaceuticals, Biotechnology & Life Sciences",352010,Biotechnology,35201010,Biotechnology,0.900,model+crosswalk,
PZG,Paramount Gold Nevada Corp.,1000,15,Materials,1510,Materials,151040,Metals & Mining,15104030,Gold,0.900,model+crosswalk,
PZZA,Papa John's International Inc,5812,25,Consumer Discretionary,2530,Consumer Services,253010,"Hotels, Restaurants & Leisure",25301040,Restaurants,0.900,model+crosswalk,
Q,"Qnity Electronics, Inc.",3674,45,Information Technology,4530,Semiconductors & Semiconductor Equipment,453010,Semiconductors & Semiconductor Equipment,45301010,Semiconductor Materials & Equipment,0.750,model+crosswalk,
QADR,QDRO Acquisition Corp. Class A Ordinary Shares,6770,,,,,,,,,,,shell_company
QBTS,D-Wave Quantum Inc. Common Stock,7374,45,Information Technology,4520,Technology Hardware & Equipment,452020,"Technology Hardware, Storage & Peripherals",45202030,"Technology Hardware, Storage & Peripherals",0.700,model+crosswalk,
QCLS,"Q/C Technologies, Inc. Common Stock",2835,45,Information Technology,4520,Technology Hardware & Equipment,452020,"Technology Hardware, Storage & Peripherals",45202030,"Technology Hardware, Storage & Peripherals",0.600,model+crosswalk,
QCOM,Qualcomm Inc,3663,45,Information Technology,4530,Semiconductors & Semiconductor Equipment,453010,Semiconductors & Semiconductor Equipment,45301020,Semiconductors,0.700,yahoo+sic,
QCRH,QCR Holdings Inc,6022,40,Financials,4010,Banks,401010,Banks,40101015,Regional Banks,0.900,model+crosswalk,
QDEL,QuidelOrtho Corporation Common Stock,2835,35,Health Care,3510,Health Care Equipment & Services,351010,Health Care Equipment & Supplies,35101010,Health Care Equipment,0.750,model+crosswalk,
QDMI,QDM INTL INC,,40,Financials,4030,Insurance,403010,Insurance,40301010,Insurance Brokers,0.650,model+crosswalk,
QETA,Quetta Acquisition Corporation Common Stock,6770,,,,,,,,,,,shell_company
QGEN,QIAGEN N.V.,2836,35,Health Care,3520,"Pharmaceuticals, Biotechnology & Life Sciences",352030,Life Sciences Tools & Services,35203010,Life Sciences Tools & Services,0.750,model+crosswalk,
QH,Quhuo Limited Class A Ordinary Shares,7389,45,Information Technology,4510,Software & Services,451030,Software,45103010,Application Software,0.900,model+crosswalk,
QLEP,Quantum Leap Acquisition Corp,6770,,,,,,,,,,,shell_company
QLYS,"Qualys, Inc. Common Stock",7372,45,Information Technology,4510,Software & Services,451030,Software,45103020,Systems Software,0.750,model+crosswalk,
QMCO,Quantum Corporation,3572,45,Information Technology,4520,Technology Hardware & Equipment,452020,"Technology Hardware, Storage & Peripherals",45202030,"Technology Hardware, Storage & Peripherals",0.900,model+crosswalk,
QMLS,"QumulusAI, Inc. Common Stock",7374,45,Information Technology,4510,Software & Services,451030,Software,45103020,Systems Software,0.600,yahoo,
QNBC,QNB Corp. Common Stock,,40,Financials,4010,Banks,401010,Banks,40101015,Regional Banks,0.650,model+crosswalk,
QNC,Quantum eMotion Corp.,7372,45,Information Technology,4510,Software & Services,451030,Software,45103020,Systems Software,0.900,model+crosswalk,
QNCX,"Quince Therapeutics, Inc. Common Stock",2836,35,Health Care,3520,"Pharmaceuticals, Biotechnology & Life Sciences",352010,Biotechnology,35201010,Biotechnology,0.900,model+crosswalk,
QNME,"Quanome Technologies, Inc. Common Stock",,20,Industrials,2030,Transportation,203010,Air Freight & Logistics,20301010,Air Freight & Logistics,0.731,model+crosswalk,
QNST,"QuinStreet, Inc.",7389,50,Communication Services,5020,Media & Entertainment,502010,Media,50201010,Advertising,0.900,model+crosswalk,
QNT,Quantinuum Inc. Class A Common Stock,7373,45,Information Technology,4510,Software & Services,451030,Software,45103010,Application Software,0.750,model+crosswalk,
QNTM,Quantum Biopharma Ltd. Class B Subordinate Voting Shares,2834,35,Health Care,3520,"Pharmaceuticals, Biotechnology & Life Sciences",352010,Biotechnology,35201010,Biotechnology,0.900,model+crosswalk,
QNTO,QUAINT OAK BANCORP INC,,40,Financials,4010,Banks,401010,Banks,40101015,Regional Banks,0.650,model+crosswalk,
QPRC,QUEST PATENT RESEARCH CP,,20,Industrials,2020,Commercial & Professional Services,202020,Professional Services,20202020,Research & Consulting Services,0.650,yahoo,
QRED,QuasarEdge Acquisition Corporation,6770,,,,,,,,,,,shell_company
QRHC,Quest Resource Holding Corporation,4953,20,Industrials,2020,Commercial & Professional Services,202010,Commercial Services & Supplies,20201050,Environmental & Facilities Services,0.900,model+crosswalk,
QRVO,"Qorvo, Inc.",3674,45,Information Technology,4530,Semiconductors & Semiconductor Equipment,453010,Semiconductors & Semiconductor Equipment,45301020,Semiconductors,0.750,model+crosswalk,
QS,QuantumScape Corporation Class A Common Stock,3690,25,Consumer Discretionary,2510,Automobiles & Components,251010,Automobile Components,25101010,Automotive Parts & Equipment,0.600,yahoo,
QSEA,Quartzsea Acquisition Corporation Ordinary Shares,6770,,,,,,,,,,,shell_company
QSI,Quantum-Si Incorporated Class A Common Stock,3829,35,Health Care,3510,Health Care Equipment & Services,351010,Health Care Equipment & Supplies,35101010,Health Care Equipment,0.600,model+crosswalk,
QSR,Restaurant Brands International Inc.,5812,25,Consumer Discretionary,2530,Consumer Services,253010,"Hotels, Restaurants & Leisure",25301040,Restaurants,0.900,model+crosswalk,
QTEX,QTREX Quantum Ltd. Ordinary Shares,3841,45,Information Technology,4520,Technology Hardware & Equipment,452020,"Technology Hardware, Storage & Peripherals",45202030,"Technology Hardware, Storage & Peripherals",0.600,yahoo,
QTI,"QT Imaging Holdings, Inc. Common Stock",3845,35,Health Care,3510,Health Care Equipment & Services,351010,Health Care Equipment & Supplies,35101010,Health Care Equipment,0.900,model+crosswalk,
QTRX,Quanterix Corporation Common Stock,3826,35,Health Care,3510,Health Care Equipment & Services,351010,Health Care Equipment & Supplies,35101020,Health Care Supplies,0.700,yahoo+sic,
QTTB,Q32 Bio Inc. Common Stock,2834,35,Health Care,3520,"Pharmaceuticals, Biotechnology & Life Sciences",352010,Biotechnology,35201010,Biotechnology,0.900,model+crosswalk,
QTWO,Q2 Holdings Inc,7372,45,Information Technology,4510,Software & Services,451030,Software,45103010,Application Software,0.900,model+crosswalk,
QUAD,"QUAD/GRAPHICS, INC.",2750,20,Industrials,2020,Commercial & Professional Services,202010,Commercial Services & Supplies,20201010,Commercial Printing,0.900,model+crosswalk,
QUBT,Quantum Computing Inc. Common,7372,45,Information Technology,4520,Technology Hardware & Equipment,452020,"Technology Hardware, Storage & Peripherals",45202030,"Technology Hardware, Storage & Peripherals",0.700,yahoo+sic,
QUCT,QUEEN CITY INVESTMENT INC,,40,Financials,4020,Financial Services,402030,Capital Markets,40203010,Asset Management & Custody Banks,0.650,model+crosswalk,
QUCY,Quantum Cyber N.V. Ordinary Shares,2834,35,Health Care,3520,"Pharmaceuticals, Biotechnology & Life Sciences",352030,Life Sciences Tools & Services,35203010,Life Sciences Tools & Services,0.750,yahoo+sic,
QUIK,QuickLogic Corp,3674,45,Information Technology,4530,Semiconductors & Semiconductor Equipment,453010,Semiconductors & Semiconductor Equipment,45301020,Semiconductors,0.900,model+crosswalk,
QUMS,Quantumsphere Acquisition Corp. Ordinary Shares,6770,,,,,,,,,,,shell_company
QURE,uniQure N.V.,2834,35,Health Care,3520,"Pharmaceuticals, Biotechnology & Life Sciences",352010,Biotechnology,35201010,Biotechnology,0.900,model+crosswalk,
QVCG,"QVC Group, Inc. Common Stock",,25,Consumer Discretionary,2550,Consumer Discretionary Distribution & Retail,255040,Specialty Retail,25504040,Other Specialty Retail,0.650,model+crosswalk,
QXL,Quantum X Labs Inc. Common Stock,7372,45,Information Technology,4510,Software & Services,451020,IT Services,45102030,Internet Services & Infrastructure,0.750,yahoo+sic,
QXO,"QXO, Inc.",5030,20,Industrials,2010,Capital Goods,201070,Trading Companies & Distributors,20107010,Trading Companies & Distributors,0.900,model+crosswalk,
R,"Ryder System, Inc.",7510,20,Industrials,2010,Capital Goods,201070,Trading Companies & Distributors,20107010,Trading Companies & Distributors,0.700,model+crosswalk,
RAC,Rithm Acquisition Corp.,6770,,,,,,,,,,,shell_company
RACC,Research Alliance Corporation III Class A Ordinary Shares,6770,,,,,,,,,,,shell_company
RACD,Research Alliance Corporation IV Class A Ordinary Shares,6770,,,,,,,,,,,shell_company
RACE,Ferrari N.V.,3711,25,Consumer Discretionary,2510,Automobiles & Components,251020,Automobiles,25102010,Automobile Manufacturers,0.900,model+crosswalk,
RAFI,REGENCY AFFILIATES INC,,40,Financials,4020,Financial Services,402030,Capital Markets,40203010,Asset Management & Custody Banks,0.650,model+crosswalk,
RAIL,"FreightCar America, Inc.",3743,20,Industrials,2030,Transportation,203040,Ground Transportation,20304010,Rail Transportation,0.700,yahoo+sic,
RAIN,"Rain Enhancement Technologies Holdco, Inc. Class A Common Stock",3590,20,Industrials,2010,Capital Goods,201060,Machinery,20106020,Industrial Machinery & Supplies & Components,0.900,model+crosswalk,
RAKR,RAINMAKER WORLDWIDE INC,,20,Industrials,2010,Capital Goods,201060,Machinery,20106020,Industrial Machinery & Supplies & Components,0.650,model+crosswalk,
RAL,Ralliant Corporation,3823,45,Information Technology,4520,Technology Hardware & Equipment,452030,"Electronic Equipment, Instruments & Components",45203015,Electronic Components,0.750,yahoo+sic,
RAMP,"LiveRamp Holdings, Inc. Common Stock",7374,45,Information Technology,4510,Software & Services,451030,Software,45103010,Application Software,0.600,model+crosswalk,
RAND,Rand Capital Corp,,40,Financials,4020,Financial Services,402030,Capital Markets,40203010,Asset Management & Custody Banks,0.650,model+crosswalk,
RANG,Range Capital Acquisition Corp. Ordinary Shares,6770,,,,,,,,,,,shell_company
RANI,"Rani Therapeutics Holdings, Inc. Class A Common Stock",2834,35,Health Care,3520,"Pharmaceuticals, Biotechnology & Life Sciences",352010,Biotechnology,35201010,Biotechnology,0.900,model+crosswalk,
RAPP,"Rapport Therapeutics, Inc. Common Stock",2834,35,Health Care,3520,"Pharmaceuticals, Biotechnology & Life Sciences",352010,Biotechnology,35201010,Biotechnology,0.900,model+crosswalk,
RARE,Ultragenyx Pharmaceutical Inc.,2834,35,Health Care,3520,"Pharmaceuticals, Biotechnology & Life Sciences",352010,Biotechnology,35201010,Biotechnology,0.900,model+crosswalk,
RAVE,"Rave Restaurant Group, Inc.",5140,25,Consumer Discretionary,2530,Consumer Services,253010,"Hotels, Restaurants & Leisure",25301040,Restaurants,0.600,model+crosswalk,
RAY,Raytech Holding Limited Ordinary Shares,3630,30,Consumer Staples,3030,Household & Personal Products,303020,Personal Care Products,30302010,Personal Care Products,0.600,model+crosswalk,
RAYA,Erayak Power Solution Group Inc. Class A Ordinary Shares,3621,20,Industrials,2010,Capital Goods,201040,Electrical Equipment,20104010,Electrical Components & Equipment,0.900,model+crosswalk,
RBA,"RB Global, Inc.",7389,20,Industrials,2020,Commercial & Professional Services,202010,Commercial Services & Supplies,20201070,Diversified Support Services,0.904,model+crosswalk,
RBB,RBB Bancorp Common Stock,6022,40,Financials,4010,Banks,401010,Banks,40101015,Regional Banks,0.900,model+crosswalk,
RBBN,Ribbon Communications Inc. Common Stock,7373,45,Information Technology,4510,Software & Services,451030,Software,45103010,Application Software,0.750,model+crosswalk,
RBC,RBC Bearings Incorporated,3562,20,Industrials,2010,Capital Goods,201060,Machinery,20106020,Industrial Machinery & Supplies & Components,0.900,model+crosswalk,
RBCAA,Republic Bancorp Inc/KY,6022,40,Financials,4010,Banks,401010,Banks,40101015,Regional Banks,0.900,model+crosswalk,
RBCN,RUBICON TECH INC,,45,Information Technology,4530,Semiconductors & Semiconductor Equipment,453010,Semiconductors & Semiconductor Equipment,45301010,Semiconductor Materials & Equipment,0.804,model+crosswalk,
RBKB,"Rhinebeck Bancorp, Inc. Common Stock",6036,40,Financials,4010,Banks,401010,Banks,40101015,Regional Banks,0.920,model+crosswalk,
RBLX,Roblox Corporation,7372,50,Communication Services,5020,Media & Entertainment,502020,Entertainment,50202020,Interactive Home Entertainment,0.900,model+crosswalk,
RBNE,Robin Energy Ltd. Common Stock,4412,10,Energy,1010,Energy,101020,"Oil, Gas & Consumable Fuels",10102040,Oil & Gas Storage & Transportation,0.600,yahoo,
RBRK,"Rubrik, Inc.",7372,45,Information Technology,4510,Software & Services,451030,Software,45103020,Systems Software,0.750,yahoo+sic,
RC,Ready Capital Corporation,6798,40,Financials,4020,Financial Services,402040,Mortgage Real Estate Investment Trusts,40204010,Mortgage REITs,0.600,model+crosswalk,
RCAT,"Red Cat Holdings, Inc. Common Stock",7372,20,Industrials,2010,Capital Goods,201010,Aerospace & Defense,20101010,Aerospace & Defense,0.600,model+crosswalk,
RCBC,River City Bank Common stock,,40,Financials,4010,Banks,401010,Banks,40101015,Regional Banks,0.650,model+crosswalk,
RCEL,"Avita Medical, Inc. Common Stock",3841,35,Health Care,3510,Health Care Equipment & Services,351010,Health Care Equipment & Supplies,35101010,Health Care Equipment,0.900,model+crosswalk,
RCHXF,RICOH LEASING CO LTD,,,,,,,,,,,,no_evidence
RCI,"Rogers Communications, Inc.",4841,50,Communication Services,5010,Telecommunication Services,501020,Wireless Telecommunication Services,50102010,Wireless Telecommunication Services,0.700,yahoo+sic,
RCKT,"Rocket Pharmaceuticals, Inc. Common Stock",2834,35,Health Care,3520,"Pharmaceuticals, Biotechnology & Life Sciences",352010,Biotechnology,35201010,Biotechnology,0.900,model+crosswalk,
RCKY,"Rocky Brands, Inc.",3140,25,Consumer Discretionary,2520,Consumer Durables & Apparel,252030,"Textiles, Apparel & Luxury Goods",25203010,"Apparel, Accessories & Luxury Goods",0.750,model+crosswalk,
RCL,Royal Caribbean Group,4400,25,Consumer Discretionary,2530,Consumer Services,253010,"Hotels, Restaurants & Leisure",25301020,"Hotels, Resorts & Cruise Lines",0.600,model+crosswalk,
RCMT,RCM Technologies Inc,7363,20,Industrials,2010,Capital Goods,201050,Industrial Conglomerates,20105010,Industrial Conglomerates,0.700,yahoo+sic,
RCON,"Recon Technology, Ltd. Class A Ordinary Shares",1389,10,Energy,1010,Energy,101010,Energy Equipment & Services,10101020,Oil & Gas Equipment & Services,0.900,model+crosswalk,
RCT,RedCloud Holdings plc Ordinary Shares,5990,45,Information Technology,4510,Software & Services,451030,Software,45103010,Application Software,0.600,yahoo,
RCUS,"Arcus Biosciences, Inc.",2834,35,Health Care,3520,"Pharmaceuticals, Biotechnology & Life Sciences",352010,Biotechnology,35201010,Biotechnology,0.900,model+crosswalk,
RDAC,Rising Dragon Acquisition Corp. Ordinary Shares,6770,,,,,,,,,,,shell_company
RDAG,Republic Digital Acquisition Company Class A Ordinary Shares,6770,,,,,,,,,,,shell_company
RDAR,RAADR INC,,,,,,,,,,,,no_evidence
RDCM,Radcom Ltd.,3577,50,Communication Services,5010,Telecommunication Services,501010,Diversified Telecommunication Services,50101020,Integrated Telecommunication Services,0.600,yahoo,
RDDT,"Reddit, Inc.",7374,50,Communication Services,5020,Media & Entertainment,502030,Interactive Media & Services,50203010,Interactive Media & Services,0.900,model+crosswalk,
RDGAD,RIDGEFIELD ACQ CORP NEW,,,,,,,,,,,,no_evidence
RDGT,"Ridgetech, Inc. Ordinary Shares",5912,30,Consumer Staples,3010,Consumer Staples Distribution & Retail,301010,Consumer Staples Distribution & Retail,30101010,Drug Retail,0.922,model+crosswalk,
RDI,"Reading International, Inc Class A Common Stock",7830,50,Communication Services,5020,Media & Entertainment,502020,Entertainment,50202010,Movies & Entertainment,0.900,model+crosswalk,
RDIB,"Reading International, Inc (Class B",7830,50,Communication Services,5020,Media & Entertainment,502020,Entertainment,50202010,Movies & Entertainment,0.900,model+crosswalk,
RDN,Radian Group Inc.,6351,40,Financials,4030,Insurance,403010,Insurance,40301040,Property & Casualty Insurance,0.900,model+crosswalk,
RDNT,"RadNet, Inc. Common Stock",8071,35,Health Care,3520,"Pharmaceuticals, Biotechnology & Life Sciences",352030,Life Sciences Tools & Services,35203010,Life Sciences Tools & Services,0.700,model+crosswalk,
RDNW,"RideNow Group, Inc. Class B Common Stock",7371,25,Consumer Discretionary,2550,Consumer Discretionary Distribution & Retail,255040,Specialty Retail,25504050,Automotive Retail,0.600,model+crosswalk,
RDVT,"Red Violet, Inc. Common Stock",7372,45,Information Technology,4510,Software & Services,451030,Software,45103010,Application Software,0.900,model+crosswalk,
RDW,Redwire Corporation,3760,20,Industrials,2010,Capital Goods,201010,Aerospace & Defense,20101010,Aerospace & Defense,0.900,model+crosswalk,
RDWR,Radware Ltd.,7389,45,Information Technology,4510,Software & Services,451030,Software,45103020,Systems Software,0.600,yahoo,
RDZN,"Roadzen, Inc. Ordinary Shares",6411,45,Information Technology,4510,Software & Services,451030,Software,45103010,Application Software,0.600,yahoo,
REA,"Rare Earths Americas, Inc.",1000,15,Materials,1510,Materials,151040,Metals & Mining,15104040,Precious Metals & Minerals,0.750,yahoo+sic,
REAL,"The RealReal, Inc. Common Stock",5900,25,Consumer Discretionary,2520,Consumer Durables & Apparel,252030,"Textiles, Apparel & Luxury Goods",25203010,"Apparel, Accessories & Luxury Goods",0.700,model+crosswalk,
REAX,Real REMAX Group Inc. Common Stock,6531,60,Real Estate,6020,Real Estate Management & Development,602010,Real Estate Management & Development,60201040,Real Estate Services,0.900,model+crosswalk,
REBN,"Reborn Coffee, Inc. Common Stock",5812,25,Consumer Discretionary,2530,Consumer Services,253010,"Hotels, Restaurants & Leisure",25301040,Restaurants,0.900,model+crosswalk,
RECT,Rectitude Holdings Ltd Ordinary Shares,3420,25,Consumer Discretionary,2550,Consumer Discretionary Distribution & Retail,255040,Specialty Retail,25504010,Apparel Retail,0.600,yahoo,
REDW,REDWOOD FINANCIAL INC,,40,Financials,4010,Banks,401010,Banks,40101015,Regional Banks,0.650,model+crosswalk,
REED,"Reed's, Inc.",2086,30,Consumer Staples,3020,"Food, Beverage & Tobacco",302010,Beverages,30201030,Soft Drinks & Non-alcoholic Beverages,0.900,model+crosswalk,
REF,Reformation Inc.,,25,Consumer Discretionary,2550,Consumer Discretionary Distribution & Retail,255040,Specialty Retail,25504010,Apparel Retail,0.650,model+crosswalk,
REFI,"Chicago Atlantic Real Estate Finance, Inc. Common Stock",6798,40,Financials,4020,Financial Services,402040,Mortgage Real Estate Investment Trusts,40204010,Mortgage REITs,0.600,model+crosswalk,
REFR,Research Frontiers Inc,6794,45,Information Technology,4520,Technology Hardware & Equipment,452030,"Electronic Equipment, Instruments & Components",45203015,Electronic Components,0.750,model+crosswalk,
REG,Regency Centers Corporation,6798,60,Real Estate,6010,Equity Real Estate Investment Trusts (REITs),601070,Retail REITs,60107010,Retail REITs,0.900,model+crosswalk,
REGN,Regeneron Pharmaceuticals Inc,2834,35,Health Care,3520,"Pharmaceuticals, Biotechnology & Life Sciences",352010,Biotechnology,35201010,Biotechnology,0.900,model+crosswalk,
REI,Ring Energy Inc.,1311,10,Energy,1010,Energy,101020,"Oil, Gas & Consumable Fuels",10102020,Oil & Gas Exploration & Production,0.952,model+crosswalk,
REKR,"Rekor Systems, Inc. Common Stock",3669,45,Information Technology,4510,Software & Services,451030,Software,45103010,Application Software,0.700,model+crosswalk,
RELL,Richardson Electronics Ltd,5065,45,Information Technology,4520,Technology Hardware & Equipment,452030,"Electronic Equipment, Instruments & Components",45203015,Electronic Components,0.750,model+crosswalk,
RELY,"Remitly Global, Inc. Common Stock",7389,45,Information Technology,4510,Software & Services,451030,Software,45103020,Systems Software,0.600,yahoo,
RENT,"Rent the Runway, Inc. Class A Common Stock",5990,25,Consumer Discretionary,2550,Consumer Discretionary Distribution & Retail,255040,Specialty Retail,25504010,Apparel Retail,0.750,model+crosswalk,
RENX,RenX Enterprises Corp. Common Stock,4953,60,Real Estate,6020,Real Estate Management & Development,602010,Real Estate Management & Development,60201030,Real Estate Development,0.600,model+crosswalk,
REPL,"Replimune Group, Inc.",2836,35,Health Care,3520,"Pharmaceuticals, Biotechnology & Life Sciences",352010,Biotechnology,35201010,Biotechnology,0.900,model+crosswalk,
REPX,"Riley Exploration Permian, Inc.",1311,10,Energy,1010,Energy,101020,"Oil, Gas & Consumable Fuels",10102020,Oil & Gas Exploration & Production,0.980,model+crosswalk,
RES,"RPC, Inc.",1389,10,Energy,1010,Energy,101010,Energy Equipment & Services,10101020,Oil & Gas Equipment & Services,0.918,model+crosswalk,
RETDF,REIT 1 LTD,,60,Real Estate,6010,Equity Real Estate Investment Trusts (REITs),601010,Diversified REITs,60101010,Diversified REITs,0.650,model+crosswalk,
RETO,"ReTo Eco-Solutions, Inc. Class A Shares",3290,15,Materials,1510,Materials,151020,Construction Materials,15102010,Construction Materials,0.600,model+crosswalk,
REVB,"Revelation Biosciences, Inc. Common Stock",2834,35,Health Care,3520,"Pharmaceuticals, Biotechnology & Life Sciences",352010,Biotechnology,35201010,Biotechnology,0.900,model+crosswalk,
REX,REX American Resources Corp.,2860,15,Materials,1510,Materials,151010,Chemicals,15101010,Commodity Chemicals,0.600,model+crosswalk,
REXR,"REXFORD INDUSTRIAL REALTY, INC.",6798,60,Real Estate,6010,Equity Real Estate Investment Trusts (REITs),601025,Industrial REITs,60102510,Industrial REITs,0.600,model+crosswalk,
REYN,Reynolds Consumer Products Inc. Common Stock,2673,15,Materials,1510,Materials,151030,Containers & Packaging,15103020,Paper & Plastic Packaging Products & Materials,0.900,model+crosswalk,
REZI,"Resideo Technologies, Inc. Common Stock",5072,20,Industrials,2010,Capital Goods,201070,Trading Companies & Distributors,20107010,Trading Companies & Distributors,0.900,model+crosswalk,
RF,Regions Financial Corp.,6021,40,Financials,4010,Banks,401010,Banks,40101015,Regional Banks,0.900,model+crosswalk,
RFAI,RF Acquisition Corp II Ordinary Shares,6770,,,,,,,,,,,shell_company
RFAM,RF Acquisition Corp III Ordinary Shares,6770,,,,,,,,,,,shell_company
RFIL,RF Industries Ltd,3678,20,Industrials,2010,Capital Goods,201040,Electrical Equipment,20104010,Electrical Components & Equipment,0.600,model+crosswalk,
RFL,"Rafael Holdings, Inc. Class B Common Stock",2834,60,Real Estate,6020,Real Estate Management & Development,602010,Real Estate Management & Development,60201040,Real Estate Services,0.600,yahoo,
RGA,"Reinsurance Group of America, Incorporated",6311,40,Financials,4030,Insurance,403010,Insurance,40301050,Reinsurance,0.750,yahoo+sic,
RGBD,REGIONAL BRANDS INC,,,,,,,,,,,,no_evidence
RGBP,REGEN BIOPHARMA INC,,35,Health Care,3520,"Pharmaceuticals, Biotechnology & Life Sciences",352010,Biotechnology,35201010,Biotechnology,0.650,model+crosswalk,
RGC,Regencell Bioscience Holdings Limited Ordinary Shares,2833,35,Health Care,3520,"Pharmaceuticals, Biotechnology & Life Sciences",352020,Pharmaceuticals,35202010,Pharmaceuticals,0.600,model+crosswalk,
RGCO,RGC Resources Inc,4923,55,Utilities,5510,Utilities,551020,Gas Utilities,55102010,Gas Utilities,0.600,model+crosswalk,
RGEN,Repligen Corp,2836,35,Health Care,3510,Health Care Equipment & Services,351010,Health Care Equipment & Supplies,35101020,Health Care Supplies,0.700,model+crosswalk,
RGLD,Royal Gold Inc,6795,15,Materials,1510,Materials,151040,Metals & Mining,15104030,Gold,0.900,model+crosswalk,
RGNT,Regentis Biomaterials Ltd.,3842,35,Health Care,3510,Health Care Equipment & Services,351010,Health Care Equipment & Supplies,35101010,Health Care Equipment,0.750,yahoo+sic,
RGNX,REGENXBIO Inc.,2836,35,Health Care,3520,"Pharmaceuticals, Biotechnology & Life Sciences",352010,Biotechnology,35201010,Biotechnology,0.900,model+crosswalk,
RGP,Resources Connection,7389,20,Industrials,2020,Commercial & Professional Services,202020,Professional Services,20202020,Research & Consulting Services,0.900,model+crosswalk,
RGR,"Sturm, Ruger & Company, Inc.",3480,20,Industrials,2010,Capital Goods,201010,Aerospace & Defense,20101010,Aerospace & Defense,0.900,model+crosswalk,
RGRX,REGENERX BIOPHARMS INC,,35,Health Care,3520,"Pharmaceuticals, Biotechnology & Life Sciences",352010,Biotechnology,35201010,Biotechnology,0.863,model+crosswalk,
RGS,Regis Corporation,7200,25,Consumer Discretionary,2530,Consumer Services,253020,Diversified Consumer Services,25302020,Specialized Consumer Services,0.900,model+crosswalk,
RGTI,"Rigetti Computing, Inc. Common Stock",7371,45,Information Technology,4520,Technology Hardware & Equipment,452020,"Technology Hardware, Storage & Peripherals",45202030,"Technology Hardware, Storage & Peripherals",0.700,model+crosswalk,
RH,RH,5712,25,Consumer Discretionary,2550,Consumer Discretionary Distribution & Retail,255040,Specialty Retail,25504060,Homefurnishing Retail,0.900,model+crosswalk,
RHI,Robert Half Inc.,7363,20,Industrials,2020,Commercial & Professional Services,202020,Professional Services,20202010,Human Resource & Employment Services,0.900,model+crosswalk,
RHLD,"Resolute Holdings Management, Inc.",6199,20,Industrials,2020,Commercial & Professional Services,202010,Commercial Services & Supplies,20201070,Diversified Support Services,0.600,yahoo,
RHP,"Ryman Hospitality Properties, Inc",6798,60,Real Estate,6010,Equity Real Estate Investment Trusts (REITs),601030,Hotel & Resort REITs,60103010,Hotel & Resort REITs,0.750,model+crosswalk,
RIBB,Ribbon Acquisition Corp Class A Ordinary Shares,6770,,,,,,,,,,,shell_company
RICK,"RCI Hospitality Holdings, Inc.",5812,25,Consumer Discretionary,2530,Consumer Services,253010,"Hotels, Restaurants & Leisure",25301040,Restaurants,0.900,model+crosswalk,
RIG,Transocean LTD.,1381,10,Energy,1010,Energy,101010,Energy Equipment & Services,10101010,Oil & Gas Drilling,0.972,model+crosswalk,
RIGL,Rigel Pharmaceuticals Inc. (New),2834,35,Health Care,3520,"Pharmaceuticals, Biotechnology & Life Sciences",352010,Biotechnology,35201010,Biotechnology,0.900,model+crosswalk,
RILY,"BRC Group Holdings, Inc. Common Stock",6282,40,Financials,4020,Financial Services,402010,Financial Services,40201020,Diversified Financial Services,0.750,yahoo+sic,
RILYG,"BRC Group Holdings, Inc. 5.00% Senior Notes due 2026",6282,,,,,,,,,,,not_common_equity
RILYL,"BRC Group Holdings, Inc. Depositary Shares each representing 1/1000th in a share of 7.375% Series B Cumulative Perpetual Preferred Stock, par value $0.0001",6282,,,,,,,,,,,not_common_equity
RILYN,"BRC Group Holdings, Inc. 6.50% Senior Notes Due 2026",6282,,,,,,,,,,,not_common_equity
RILYT,"BRC Group Holdings, Inc. 6.00% Senior Notes Due 2028",6282,,,,,,,,,,,not_common_equity
RILYZ,"BRC Group Holdings, Inc. 5.25% Senior Notes due 2028",6282,,,,,,,,,,,not_common_equity
RIME,"Algorhythm Holdings, Inc. Common Stock",7373,25,Consumer Discretionary,2520,Consumer Durables & Apparel,252010,Household Durables,25201010,Consumer Electronics,0.600,yahoo,
RIOT,"Riot Platforms, Inc. Common Stock",6199,40,Financials,4020,Financial Services,402030,Capital Markets,40203020,Investment Banking & Brokerage,0.600,yahoo,
RITM,Rithm Capital Corp.,6798,40,Financials,4020,Financial Services,402040,Mortgage Real Estate Investment Trusts,40204010,Mortgage REITs,0.900,model+crosswalk,
RITR,Reitar Logtech Holdings Limited Ordinary shares,6510,20,Industrials,2010,Capital Goods,201030,Construction & Engineering,20103010,Construction & Engineering,0.600,model+crosswalk,
RIVN,"Rivian Automotive, Inc. Class A Common Stock",3711,20,Industrials,2010,Capital Goods,201060,Machinery,20106010,Construction Machinery & Heavy Transportation Equipment,0.900,model+crosswalk,
RJET,Republic Airways Holdings Inc. Common Stock,4512,20,Industrials,2030,Transportation,203020,Passenger Airlines,20302010,Passenger Airlines,0.900,model+crosswalk,
RJF,"Raymond James Financial, Inc.",6211,40,Financials,4020,Financial Services,402030,Capital Markets,40203010,Asset Management & Custody Banks,0.900,model+crosswalk,
RKDA,"Arcadia Biosciences, Inc.",1311,30,Consumer Staples,3020,"Food, Beverage & Tobacco",302020,Food Products,30202030,Packaged Foods & Meats,0.600,model+crosswalk,
RKLB,Rocket Lab Corporation Common Stock,3760,20,Industrials,2010,Capital Goods,201010,Aerospace & Defense,20101010,Aerospace & Defense,0.900,model+crosswalk,
RKT,"Rocket Companies, Inc.",6162,40,Financials,4020,Financial Services,402010,Financial Services,40201050,Commercial & Residential Mortgage Finance,0.900,model+crosswalk,
RKTO,Rocket One Inc. Common Stock,2834,45,Information Technology,4510,Software & Services,451030,Software,45103020,Systems Software,0.600,yahoo,
RL,Ralph Lauren Corporation,2320,25,Consumer Discretionary,2520,Consumer Durables & Apparel,252030,"Textiles, Apparel & Luxury Goods",25203010,"Apparel, Accessories & Luxury Goods",0.900,model+crosswalk,
RLAY,"Relay Therapeutics, Inc. Common Stock",2836,35,Health Care,3520,"Pharmaceuticals, Biotechnology & Life Sciences",352010,Biotechnology,35201010,Biotechnology,0.900,model+crosswalk,
RLDCF,ROLAND CORP,,25,Consumer Discretionary,2520,Consumer Durables & Apparel,252020,Leisure Products,25202010,Leisure Products,0.650,model+crosswalk,
RLGT,"Radiant Logistics, Inc.",4731,20,Industrials,2030,Transportation,203010,Air Freight & Logistics,20301010,Air Freight & Logistics,0.808,model,
RLI,RLI Corp.,6331,40,Financials,4030,Insurance,403010,Insurance,40301040,Property & Casualty Insurance,0.926,model+crosswalk,
RLJ,RLJ Lodging Trust,6798,60,Real Estate,6010,Equity Real Estate Investment Trusts (REITs),601030,Hotel & Resort REITs,60103010,Hotel & Resort REITs,0.900,model+crosswalk,
RLMD,"Relmada Therapeutics, Inc. Common Stock",2834,35,Health Care,3520,"Pharmaceuticals, Biotechnology & Life Sciences",352010,Biotechnology,35201010,Biotechnology,0.900,model+crosswalk,
RLYB,Rallybio Corporation Common Stock,2834,35,Health Care,3520,"Pharmaceuticals, Biotechnology & Life Sciences",352010,Biotechnology,35201010,Biotechnology,0.900,model+crosswalk,
RM,REGIONAL MANAGEMENT CORP,6141,40,Financials,4020,Financial Services,402010,Financial Services,40201060,Transaction & Payment Processing Services,0.750,yahoo+sic,
RMBI,"Richmond Mutual Bancorporation, Inc. Common Stock",6022,40,Financials,4010,Banks,401010,Banks,40101015,Regional Banks,0.900,model+crosswalk,
RMBS,Rambus Inc,3674,45,Information Technology,4530,Semiconductors & Semiconductor Equipment,453010,Semiconductors & Semiconductor Equipment,45301020,Semiconductors,0.900,model+crosswalk,
RMCF,"Rocky Mountain Chocolate Factory, Inc. Common Stock",2060,30,Consumer Staples,3020,"Food, Beverage & Tobacco",302020,Food Products,30202030,Packaged Foods & Meats,0.900,model+crosswalk,
RMCO,Royalty Management Holding Corporation Class A Common Stock,6794,40,Financials,4020,Financial Services,402030,Capital Markets,40203010,Asset Management & Custody Banks,0.600,model+crosswalk,
RMD,ResMed Inc.,3841,35,Health Care,3510,Health Care Equipment & Services,351010,Health Care Equipment & Supplies,35101020,Health Care Supplies,0.750,model+crosswalk,
RMIHF,REGINA MIRACLE INTL HLDS,,,,,,,,,,,,no_evidence
RMIX,"Suncrete, Inc. Class A Common Stock",3272,15,Materials,1510,Materials,151020,Construction Materials,15102010,Construction Materials,0.900,model+crosswalk,
RMNI,"Rimini Street, Inc. (DE) Common Stock",7389,45,Information Technology,4510,Software & Services,451030,Software,45103010,Application Software,0.900,model+crosswalk,
RMR,The RMR Group Inc. Class A Common Stock,8742,60,Real Estate,6020,Real Estate Management & Development,602010,Real Estate Management & Development,60201040,Real Estate Services,0.600,model+crosswalk,
RMSG,Real Messenger Corporation Ordinary Shares,7370,45,Information Technology,4510,Software & Services,451030,Software,45103010,Application Software,0.600,model+crosswalk,
RMTI,"Rockwell Medical, Inc. (DE) Common Stock",2834,35,Health Care,3520,"Pharmaceuticals, Biotechnology & Life Sciences",352020,Pharmaceuticals,35202010,Pharmaceuticals,0.900,model+crosswalk,
RNA,"Atrium Therapeutics, Inc. Common Stock",2834,35,Health Care,3520,"Pharmaceuticals, Biotechnology & Life Sciences",352010,Biotechnology,35201010,Biotechnology,0.900,model+crosswalk,
RNAC,"Cartesian Therapeutics, Inc. Common Stock",2834,35,Health Care,3520,"Pharmaceuticals, Biotechnology & Life Sciences",352010,Biotechnology,35201010,Biotechnology,0.900,model+crosswalk,
RNAQ,Rainier Acquisition Corporation Class A Ordinary Shares,,,,,,,,,,,,shell_company
RNAZ,"TransCode Therapeutics, Inc. Common Stock",2834,35,Health Care,3520,"Pharmaceuticals, Biotechnology & Life Sciences",352010,Biotechnology,35201010,Biotechnology,0.900,model+crosswalk,
RNG,"RINGCENTRAL, INC.",7374,45,Information Technology,4510,Software & Services,451030,Software,45103010,Application Software,0.750,model+crosswalk,
RNGG,RENO GOLD CORP,,15,Materials,1510,Materials,151040,Metals & Mining,15104030,Gold,0.843,model+crosswalk,
RNGR,"Ranger Energy Services, Inc.",1389,10,Energy,1010,Energy,101010,Energy Equipment & Services,10101020,Oil & Gas Equipment & Services,0.900,model+crosswalk,
RNGT,Range Capital Acquisition Corp II Class A Ordinary Shares,6770,,,,,,,,,,,shell_company
RNR,RenaissanceRe Holdings Ltd.,6331,40,Financials,4030,Insurance,403010,Insurance,40301050,Reinsurance,0.750,yahoo+sic,
RNST,Renasant Corporation,6022,40,Financials,4010,Banks,401010,Banks,40101015,Regional Banks,0.900,model+crosswalk,
RNTX,"Rein Therapeutics, Inc. Common Stock",2834,35,Health Care,3520,"Pharmaceuticals, Biotechnology & Life Sciences",352010,Biotechnology,35201010,Biotechnology,0.900,model+crosswalk,
RNW,ReNew Energy Global plc Class A Ordinary Shares,4911,55,Utilities,5510,Utilities,551050,Independent Power and Renewable Electricity Producers,55105020,Renewable Electricity,0.900,model+crosswalk,
RNXT,"RenovoRx, Inc. Common Stock",2834,35,Health Care,3520,"Pharmaceuticals, Biotechnology & Life Sciences",352010,Biotechnology,35201010,Biotechnology,0.900,model+crosswalk,
ROAD,"Construction Partners, Inc. Class A Common Stock",1600,20,Industrials,2010,Capital Goods,201030,Construction & Engineering,20103010,Construction & Engineering,0.900,model+crosswalk,
ROC,Rank One Computing Corporation Common stock,7372,45,Information Technology,4510,Software & Services,451030,Software,45103010,Application Software,0.550,model+crosswalk,
ROCK,"Gibraltar Industries, Inc.",3310,20,Industrials,2010,Capital Goods,201020,Building Products,20102010,Building Products,0.600,yahoo,
ROG,Rogers Corporation,2821,45,Information Technology,4520,Technology Hardware & Equipment,452030,"Electronic Equipment, Instruments & Components",45203015,Electronic Components,0.600,model+crosswalk,
ROIV,Roivant Sciences Ltd. Common Shares,2834,35,Health Care,3520,"Pharmaceuticals, Biotechnology & Life Sciences",352010,Biotechnology,35201010,Biotechnology,0.900,model+crosswalk,
ROK,"Rockwell Automation, Inc.",3829,20,Industrials,2010,Capital Goods,201060,Machinery,20106020,Industrial Machinery & Supplies & Components,0.600,model+crosswalk,
ROKU,"Roku, Inc. Class A Common Stock",4841,50,Communication Services,5020,Media & Entertainment,502020,Entertainment,50202010,Movies & Entertainment,0.750,model+crosswalk,
ROL,"Rollins, Inc.",7340,25,Consumer Discretionary,2530,Consumer Services,253020,Diversified Consumer Services,25302020,Specialized Consumer Services,0.600,yahoo,
ROLR,"High Roller Technologies, Inc.",7900,25,Consumer Discretionary,2530,Consumer Services,253010,"Hotels, Restaurants & Leisure",25301010,Casinos & Gaming,0.750,model+crosswalk,
ROMA,Roma Green Finance Limited Class A Ordinary Shares,8742,20,Industrials,2020,Commercial & Professional Services,202020,Professional Services,20202020,Research & Consulting Services,0.900,model+crosswalk,
ROOT,"Root, Inc. Class A Common Stock",6331,40,Financials,4030,Insurance,403010,Insurance,40301040,Property & Casualty Insurance,0.936,model+crosswalk,
ROP,"Roper Technologies, Inc. Common Stock",3823,45,Information Technology,4510,Software & Services,451030,Software,45103010,Application Software,0.700,model+crosswalk,
ROSN,ROSINBOMB,,20,Industrials,2010,Capital Goods,201060,Machinery,20106020,Industrial Machinery & Supplies & Components,0.990,model+crosswalk,
ROST,Ross Stores Inc,5651,25,Consumer Discretionary,2550,Consumer Discretionary Distribution & Retail,255040,Specialty Retail,25504010,Apparel Retail,0.900,model+crosswalk,
RPAY,Repay Holdings Corporation Class A Common Stock,7389,40,Financials,4020,Financial Services,402010,Financial Services,40201060,Transaction & Payment Processing Services,0.900,model+crosswalk,
RPC,"Ridgepost Capital, Inc.",6282,40,Financials,4020,Financial Services,402030,Capital Markets,40203010,Asset Management & Custody Banks,0.900,model+crosswalk,
RPD,"Rapid7, Inc. Common Stock",7372,45,Information Technology,4510,Software & Services,451030,Software,45103020,Systems Software,0.900,model+crosswalk,
RPGL,Republic Power Group Limited Class A Ordinary Shares,7372,45,Information Technology,4510,Software & Services,451030,Software,45103010,Application Software,0.900,model+crosswalk,
RPID,"Rapid Micro Biosystems, Inc. Class A Common Stock",3826,35,Health Care,3510,Health Care Equipment & Services,351010,Health Care Equipment & Supplies,35101020,Health Care Supplies,0.700,yahoo+sic,
RPM,"RPM International, Inc.",2851,15,Materials,1510,Materials,151010,Chemicals,15101050,Specialty Chemicals,0.900,model+crosswalk,
RPRX,Royalty Pharma plc Class A Ordinary Shares,2834,35,Health Care,3520,"Pharmaceuticals, Biotechnology & Life Sciences",352010,Biotechnology,35201010,Biotechnology,0.900,model+crosswalk,
RPT,Rithm Property Trust Inc.,6798,40,Financials,4020,Financial Services,402040,Mortgage Real Estate Investment Trusts,40204010,Mortgage REITs,0.900,model+crosswalk,
RR,Richtech Robotics Inc. Class B Common Stock,3569,20,Industrials,2010,Capital Goods,201060,Machinery,20106020,Industrial Machinery & Supplies & Components,0.900,model+crosswalk,
RRBI,"Red River Bancshares, Inc. Common Stock",6022,40,Financials,4010,Banks,401010,Banks,40101015,Regional Banks,0.900,model+crosswalk,
RRC,Range Resources Corp,1311,10,Energy,1010,Energy,101020,"Oil, Gas & Consumable Fuels",10102020,Oil & Gas Exploration & Production,0.900,model+crosswalk,
RREV,RRE Ventures Acquisition Corp. Class A Ordinary Shares,6770,,,,,,,,,,,shell_company
RRGB,Red Robin Gourmet Burgers Inc,5812,25,Consumer Discretionary,2530,Consumer Services,253010,"Hotels, Restaurants & Leisure",25301040,Restaurants,0.900,model+crosswalk,
RRR,"Red Rock Resorts, Inc. Class A Common Stock",7011,25,Consumer Discretionary,2530,Consumer Services,253010,"Hotels, Restaurants & Leisure",25301010,Casinos & Gaming,0.900,model+crosswalk,
RRX,Regal Rexnord Corporation,3569,20,Industrials,2010,Capital Goods,201060,Machinery,20106020,Industrial Machinery & Supplies & Components,0.900,model+crosswalk,
RS,"Reliance, Inc.",5051,15,Materials,1510,Materials,151040,Metals & Mining,15104050,Steel,0.600,yahoo,
RSAU,ROOSHINE INC NEW,,30,Consumer Staples,3020,"Food, Beverage & Tobacco",302010,Beverages,30201020,Distillers & Vintners,0.650,model+crosswalk,
RSG,Republic Services Inc.,4953,20,Industrials,2020,Commercial & Professional Services,202010,Commercial Services & Supplies,20201050,Environmental & Facilities Services,0.900,model+crosswalk,
RSI,"Rush Street Interactive, Inc.",7990,25,Consumer Discretionary,2530,Consumer Services,253010,"Hotels, Restaurants & Leisure",25301010,Casinos & Gaming,0.900,model+crosswalk,
RSKD,Riskified Ltd.,7389,45,Information Technology,4510,Software & Services,451030,Software,45103010,Application Software,0.900,model+crosswalk,
RSKIA,RISK (GEORGE) INDUS INC A,,20,Industrials,2020,Commercial & Professional Services,202010,Commercial Services & Supplies,20201080,Security & Alarm Services,0.650,model+crosswalk,
RSRV,RESERVE PETROLEUM CO,,10,Energy,1010,Energy,101020,"Oil, Gas & Consumable Fuels",10102020,Oil & Gas Exploration & Production,0.650,model+crosswalk,
RSSS,RESEARCH SOLUTIONS INC,7389,45,Information Technology,4510,Software & Services,451030,Software,45103010,Application Software,0.600,model+crosswalk,
RSTCF,RS TECHNOLOGIES CO LTD,,45,Information Technology,4530,Semiconductors & Semiconductor Equipment,453010,Semiconductors & Semiconductor Equipment,45301020,Semiconductors,0.650,model+crosswalk,
RSVR,"Reservoir Media, Inc. Common Stock",7900,50,Communication Services,5020,Media & Entertainment,502020,Entertainment,50202010,Movies & Entertainment,0.900,model+crosswalk,
RTAC,Renatus Tactical Acquisition Corp I Class A Ordinary Shares,6770,,,,,,,,,,,shell_company
RTARF,RESTAR HLDGS CORP,,,,,,,,,,,,no_evidence
RTB,"RTB Digital, Inc. Common Stock",8742,45,Information Technology,4510,Software & Services,451030,Software,45103010,Application Software,0.600,model+crosswalk,
RTEZ,REST EZ INC,,30,Consumer Staples,3010,Consumer Staples Distribution & Retail,301010,Consumer Staples Distribution & Retail,30101010,Drug Retail,0.650,yahoo,
RTON,RIGHT ON BRANDS INC,,30,Consumer Staples,3020,"Food, Beverage & Tobacco",302020,Food Products,30202030,Packaged Foods & Meats,0.879,model+crosswalk,
RTSL,RAPID THRPTIC SCIENCE LAB,,,,,,,,,,,,shell_company
RTX,RTX Corporation,3724,20,Industrials,2010,Capital Goods,201010,Aerospace & Defense,20101010,Aerospace & Defense,0.916,model+crosswalk,
RUBI,Rubico Inc. Common Stock,4400,20,Industrials,2030,Transportation,203030,Marine Transportation,20303010,Marine Transportation,0.900,model+crosswalk,
RUM,RUM Group Inc. Class A Common Stock,7370,50,Communication Services,5020,Media & Entertainment,502030,Interactive Media & Services,50203010,Interactive Media & Services,0.600,model+crosswalk,
RUN,Sunrun Inc,3690,20,Industrials,2010,Capital Goods,201040,Electrical Equipment,20104010,Electrical Components & Equipment,0.900,model+crosswalk,
RUSHA,Rush Enterprises Inc,5500,20,Industrials,2010,Capital Goods,201070,Trading Companies & Distributors,20107010,Trading Companies & Distributors,0.600,yahoo,
RUSHB,Rush Enterprises Inc,5500,20,Industrials,2010,Capital Goods,201070,Trading Companies & Distributors,20107010,Trading Companies & Distributors,0.600,yahoo,
RVCB,RIVER VY CMNTY BANCORP,,40,Financials,4010,Banks,401010,Banks,40101015,Regional Banks,0.650,model+crosswalk,
RVII,Robinhood Ventures Fund II,,,,,,,,,,,,not_common_equity
RVLV,"Revolve Group, Inc.",5961,25,Consumer Discretionary,2550,Consumer Discretionary Distribution & Retail,255040,Specialty Retail,25504010,Apparel Retail,0.900,model+crosswalk,
RVMD,"Revolution Medicines, Inc. Common Stock",2836,35,Health Care,3520,"Pharmaceuticals, Biotechnology & Life Sciences",352010,Biotechnology,35201010,Biotechnology,0.900,model+crosswalk,
RVP,"Retractable Technologies, Inc",3841,35,Health Care,3510,Health Care Equipment & Services,351010,Health Care Equipment & Supplies,35101020,Health Care Supplies,0.900,model+crosswalk,
RVRF,RIVER FINANCIAL CORP,,40,Financials,4010,Banks,401010,Banks,40101015,Regional Banks,0.650,model+crosswalk,
RVSB,Riverview Bancorp Inc,6035,40,Financials,4010,Banks,401010,Banks,40101015,Regional Banks,0.900,model+crosswalk,
RVSN,Rail Vision Ltd. Ordinary Share,3743,20,Industrials,2030,Transportation,203040,Ground Transportation,20304010,Rail Transportation,0.700,yahoo+sic,
RVTY,"Revvity, Inc.",3826,35,Health Care,3520,"Pharmaceuticals, Biotechnology & Life Sciences",352030,Life Sciences Tools & Services,35203010,Life Sciences Tools & Services,0.900,model+crosswalk,
RWAY,Runway Growth Finance Corp. Common Stock,,40,Financials,4020,Financial Services,402030,Capital Markets,40203010,Asset Management & Custody Banks,0.650,model+crosswalk,
RWAYI,Runway Growth Finance Corp. 7.25% Notes due 2031,,,,,,,,,,,,not_common_equity
RWAYL,Runway Growth Finance Corp. 7.50% Notes due 2027,,,,,,,,,,,,not_common_equity
RWCB,REDWOOD CAPITAL BNCRP(CA),,40,Financials,4010,Banks,401010,Banks,40101015,Regional Banks,0.650,model+crosswalk,
RWT,"Redwood Trust, Inc.",6798,40,Financials,4020,Financial Services,402040,Mortgage Real Estate Investment Trusts,40204010,Mortgage REITs,0.900,model+crosswalk,
RWWI,RAND WORLDWIDE INC,,45,Information Technology,4510,Software & Services,451030,Software,45103010,Application Software,0.650,model+crosswalk,
RXO,"RXO, Inc.",4700,20,Industrials,2030,Transportation,203040,Ground Transportation,20304030,Cargo Ground Transportation,0.750,model+crosswalk,
RXRX,"Recursion Pharmaceuticals, Inc. Class A Common Stock",2836,35,Health Care,3520,"Pharmaceuticals, Biotechnology & Life Sciences",352010,Biotechnology,35201010,Biotechnology,0.900,model+crosswalk,
RXST,"RxSight, Inc. Common Stock",3851,35,Health Care,3510,Health Care Equipment & Services,351010,Health Care Equipment & Supplies,35101010,Health Care Equipment,0.750,model+crosswalk,
RXT,"Rackspace Technology, Inc. Common Stock",7370,45,Information Technology,4510,Software & Services,451020,IT Services,45102030,Internet Services & Infrastructure,0.900,model+crosswalk,
RY,Royal Bank of Canada,6029,40,Financials,4010,Banks,401010,Banks,40101010,Diversified Banks,0.750,yahoo+sic,
RYAM,Rayonier Advanced Materials Inc.,2611,15,Materials,1510,Materials,151010,Chemicals,15101010,Commodity Chemicals,0.750,yahoo+sic,
RYAN,"Ryan Specialty Holdings, Inc.",6411,40,Financials,4030,Insurance,403010,Insurance,40301010,Insurance Brokers,0.900,model+crosswalk,
RYDE,Ryde Group Ltd.,7389,45,Information Technology,4510,Software & Services,451030,Software,45103010,Application Software,0.900,model+crosswalk,
RYET,Ruanyun Edai Technology Inc. Ordinary shares,7372,25,Consumer Discretionary,2530,Consumer Services,253020,Diversified Consumer Services,25302010,Education Services,0.600,yahoo,
RYM,"RYTHM, Inc. Common Stock",0700,30,Consumer Staples,3020,"Food, Beverage & Tobacco",302030,Tobacco,30203010,Tobacco,0.750,model+crosswalk,
RYN,Rayonier Inc.,6798,60,Real Estate,6010,Equity Real Estate Investment Trusts (REITs),601080,Specialized REITs,60108040,Timber REITs,0.931,model+crosswalk,
RYOJ,"rYojbaba Co., Ltd. Common Shares",8742,20,Industrials,2020,Commercial & Professional Services,202020,Professional Services,20202020,Research & Consulting Services,0.900,model+crosswalk,
RYTM,"Rhythm Pharmaceuticals, Inc. Common Stock",2834,35,Health Care,3520,"Pharmaceuticals, Biotechnology & Life Sciences",352010,Biotechnology,35201010,Biotechnology,0.900,model+crosswalk,
RYZ,Ryerson Holding Corporation,5051,20,Industrials,2010,Capital Goods,201060,Machinery,20106020,Industrial Machinery & Supplies & Components,0.750,yahoo+sic,
RZAI,Roze AI Inc. Common Shares,,45,Information Technology,4510,Software & Services,451030,Software,45103020,Systems Software,0.650,model+crosswalk,
RZLT,"Rezolute, Inc. Common Stock (NV)",2834,35,Health Care,3520,"Pharmaceuticals, Biotechnology & Life Sciences",352010,Biotechnology,35201010,Biotechnology,0.900,model+crosswalk,
RZLV,Rezolve AI PLC Ordinary Shares,7370,45,Information Technology,4510,Software & Services,451030,Software,45103020,Systems Software,0.600,yahoo,
S,"SentinelOne, Inc.",7372,45,Information Technology,4510,Software & Services,451030,Software,45103020,Systems Software,0.900,model+crosswalk,
SA,"Seabridge Gold, Inc.",1040,15,Materials,1510,Materials,151040,Metals & Mining,15104030,Gold,0.900,model+crosswalk,
SAAIF,SAN-AI OBBLI CO LTD,,,,,,,,,,,,no_evidence
SAAQ,Space Asset Acquisition Corp. Class A Ordinary Shares,6770,,,,,,,,,,,shell_company
SABK,SOUTH ATLANTIC BANCSHARES,,40,Financials,4010,Banks,401010,Banks,40101015,Regional Banks,0.650,model+crosswalk,
SABR,Sabre Corporation,7370,45,Information Technology,4510,Software & Services,451030,Software,45103010,Application Software,0.900,model+crosswalk,
SABS,"SAB Biotherapeutics, Inc. Common Stock",2836,35,Health Care,3520,"Pharmaceuticals, Biotechnology & Life Sciences",352010,Biotechnology,35201010,Biotechnology,0.900,model+crosswalk,
SAC,Safeguard Acquisition Corp.,6770,,,,,,,,,,,shell_company
SACH,Sachem Capital Corp. Common Shares,6798,40,Financials,4020,Financial Services,402040,Mortgage Real Estate Investment Trusts,40204010,Mortgage REITs,0.900,model+crosswalk,
SACIF,SAKAI CHEM INDUS CO LTD,,15,Materials,1510,Materials,151010,Chemicals,15101050,Specialty Chemicals,0.650,model+crosswalk,
SADL,SADLIER WILLIAM H INC,,,,,,,,,,,,no_evidence
SAFE,Safehold Inc.,6798,60,Real Estate,6010,Equity Real Estate Investment Trusts (REITs),601010,Diversified REITs,60101010,Diversified REITs,0.750,yahoo+sic,
SAFT,Safety Insurance Group Inc,6331,40,Financials,4030,Insurance,403010,Insurance,40301040,Property & Casualty Insurance,0.979,model+crosswalk,
SAFX,"XCF Global, Inc. Class A Common Stock",2860,55,Utilities,5510,Utilities,551050,Independent Power and Renewable Electricity Producers,55105020,Renewable Electricity,0.600,model+crosswalk,
SAGT,SAGTEC GLOBAL LIMITED Class A Ordinary shares,7372,45,Information Technology,4510,Software & Services,451030,Software,45103010,Application Software,0.900,model+crosswalk,
SAGU,Shreya Acquisition Group,6770,,,,,,,,,,,shell_company
SAH,"Sonic Automotive, Inc.",5500,25,Consumer Discretionary,2550,Consumer Discretionary Distribution & Retail,255040,Specialty Retail,25504050,Automotive Retail,0.900,model+crosswalk,
SAIA,"Saia, Inc.",4213,20,Industrials,2030,Transportation,203040,Ground Transportation,20304030,Cargo Ground Transportation,0.900,model+crosswalk,
SAIC,Science Applications International Corporation Common Stock,7373,45,Information Technology,4510,Software & Services,451020,IT Services,45102010,IT Consulting & Other Services,0.900,model+crosswalk,
SAIH,SAIHEAT Limited Class A Ordinary Shares,7374,45,Information Technology,4510,Software & Services,451020,IT Services,45102030,Internet Services & Infrastructure,0.900,model+crosswalk,
SAIL,"SailPoint, Inc. Common Stock",7372,45,Information Technology,4510,Software & Services,451030,Software,45103020,Systems Software,0.750,yahoo+sic,
SAIQ,WISeSat.Space Holdings Corp. Ordinary Shares,,20,Industrials,2010,Capital Goods,201010,Aerospace & Defense,20101010,Aerospace & Defense,0.935,model+crosswalk,
SAM,Boston Beer Company,2082,30,Consumer Staples,3020,"Food, Beverage & Tobacco",302010,Beverages,30201010,Brewers,0.900,model+crosswalk,
SAMG,Silvercrest Asset Management Group Inc.,6282,40,Financials,4020,Financial Services,402030,Capital Markets,40203010,Asset Management & Custody Banks,0.900,model+crosswalk,
SAML,SAMSARA LUGGAGE INC,,25,Consumer Discretionary,2520,Consumer Durables & Apparel,252030,"Textiles, Apparel & Luxury Goods",25203020,Footwear,0.650,yahoo,
SAMO,Samos Energy Acquisition Corporation,6770,,,,,,,,,,,shell_company
SANA,"Sana Biotechnology, Inc. Common Stock",2836,35,Health Care,3520,"Pharmaceuticals, Biotechnology & Life Sciences",352010,Biotechnology,35201010,Biotechnology,0.900,model+crosswalk,
SANG,Sangoma Technologies Corporation Common Shares,7370,45,Information Technology,4510,Software & Services,451030,Software,45103020,Systems Software,0.750,yahoo+sic,
SANM,Sanmina  Corp,3672,45,Information Technology,4520,Technology Hardware & Equipment,452030,"Electronic Equipment, Instruments & Components",45203020,Electronic Manufacturing Services,0.928,model+crosswalk,
SAR,SARATOGA INVESTMENT CORP. NEW,,40,Financials,4020,Financial Services,402030,Capital Markets,40203010,Asset Management & Custody Banks,0.650,model+crosswalk,
SARO,"StandardAero, Inc.",3724,20,Industrials,2010,Capital Goods,201010,Aerospace & Defense,20101010,Aerospace & Defense,0.900,model+crosswalk,
SATL,Satellogic Inc. Class A Ordinary Shares,3663,20,Industrials,2010,Capital Goods,201010,Aerospace & Defense,20101010,Aerospace & Defense,0.600,model+crosswalk,
SB,"Safe Bulkers, Inc.",4412,20,Industrials,2030,Transportation,203030,Marine Transportation,20303010,Marine Transportation,0.906,model+crosswalk,
SBAC,SBA Communications Corp,6798,60,Real Estate,6010,Equity Real Estate Investment Trusts (REITs),601080,Specialized REITs,60108030,Telecom Tower REITs,0.750,model+crosswalk,
SBC,SBC Medical Group Holdings Incorporated Common Stock,8011,20,Industrials,2020,Commercial & Professional Services,202020,Professional Services,20202020,Research & Consulting Services,0.600,model+crosswalk,
SBCF,Seacoast Banking Corp of Florida,6022,40,Financials,4010,Banks,401010,Banks,40101015,Regional Banks,0.900,model+crosswalk,
SBET,"Sharplink, Inc. Common Stock",6199,40,Financials,4020,Financial Services,402030,Capital Markets,40203020,Investment Banking & Brokerage,0.900,model+crosswalk,
SBFG,"SB Financial Group, Inc.",6022,40,Financials,4010,Banks,401010,Banks,40101015,Regional Banks,0.930,model+crosswalk,
SBFM,Sunshine Biopharma Inc.,2834,35,Health Care,3520,"Pharmaceuticals, Biotechnology & Life Sciences",352020,Pharmaceuticals,35202010,Pharmaceuticals,0.750,model+crosswalk,
SBGI,"Sinclair, Inc. Class A Common Stock",4833,50,Communication Services,5020,Media & Entertainment,502010,Media,50201020,Broadcasting,0.900,model+crosswalk,
SBH,"Sally Beauty Holdings, Inc.",5990,25,Consumer Discretionary,2550,Consumer Discretionary Distribution & Retail,255040,Specialty Retail,25504040,Other Specialty Retail,0.900,model+crosswalk,
SBIG,SPRINGBIG HLDGS INC,,45,Information Technology,4510,Software & Services,451030,Software,45103010,Application Software,0.762,model+crosswalk,
SBKO,SUMMIT BANK GROUP INC,,40,Financials,4010,Banks,401010,Banks,40101015,Regional Banks,0.650,model+crosswalk,
SBLK,Star Bulk Carriers Corp.,4412,20,Industrials,2030,Transportation,203030,Marine Transportation,20303010,Marine Transportation,0.900,model+crosswalk,
SBMT,Silver Bow Mining Corp.,1040,15,Materials,1510,Materials,151040,Metals & Mining,15104020,Diversified Metals & Mining,0.750,yahoo+sic,
SBNC,STHN BANCSHARES INC NC,,40,Financials,4010,Banks,401010,Banks,40101015,Regional Banks,0.650,model+crosswalk,
SBNY,SIGNATURE BANK (NY),,40,Financials,4010,Banks,401010,Banks,40101015,Regional Banks,0.650,model+crosswalk,
SBR,Sabine Royalty Trust,6792,10,Energy,1010,Energy,101020,"Oil, Gas & Consumable Fuels",10102040,Oil & Gas Storage & Transportation,0.750,yahoo+sic,
SBRA,"Sabra Healthcare REIT, Inc.",6798,60,Real Estate,6010,Equity Real Estate Investment Trusts (REITs),601050,Health Care REITs,60105010,Health Care REITs,0.942,model+crosswalk,
SBSI,"Southside Bancshares, Inc.",6022,40,Financials,4010,Banks,401010,Banks,40101015,Regional Banks,0.900,model+crosswalk,
SBUX,Starbucks Corp,5810,25,Consumer Discretionary,2530,Consumer Services,253010,"Hotels, Restaurants & Leisure",25301040,Restaurants,0.900,model+crosswalk,
SBXD,SilverBox Corp IV,6770,,,,,,,,,,,shell_company
SBXE,SilverBox Corp V,6770,,,,,,,,,,,shell_company
SCCO,Southern Copper Corporation,1000,15,Materials,1510,Materials,151040,Metals & Mining,15104025,Copper,0.750,yahoo+sic,
SCHL,Scholastic Corp,2731,50,Communication Services,5020,Media & Entertainment,502010,Media,50201040,Publishing,0.600,model+crosswalk,
SCHW,The Charles Schwab Corporation,6211,40,Financials,4020,Financial Services,402030,Capital Markets,40203010,Asset Management & Custody Banks,0.900,model+crosswalk,
SCI,Service Corporation International,7200,25,Consumer Discretionary,2530,Consumer Services,253020,Diversified Consumer Services,25302020,Specialized Consumer Services,0.901,model+crosswalk,
SCII,SC II Acquisition Corp. Class A ordinary share,6770,,,,,,,,,,,shell_company
SCKT,"Socket Mobile, Inc. New",3571,45,Information Technology,4520,Technology Hardware & Equipment,452030,"Electronic Equipment, Instruments & Components",45203010,Electronic Equipment & Instruments,0.750,yahoo+sic,
SCL,Stepan Co.,2840,15,Materials,1510,Materials,151010,Chemicals,15101050,Specialty Chemicals,0.634,model+crosswalk,
SCLX,Scilex Holding Company Common Stock,2836,35,Health Care,3520,"Pharmaceuticals, Biotechnology & Life Sciences",352020,Pharmaceuticals,35202010,Pharmaceuticals,0.750,yahoo+sic,
SCM,STELLUS CAPITAL INVESTMENT CORPORATION,,40,Financials,4020,Financial Services,402030,Capital Markets,40203010,Asset Management & Custody Banks,0.650,model+crosswalk,
SCNX,"Scienture Holdings, Inc. Common Stock",2834,30,Consumer Staples,3010,Consumer Staples Distribution & Retail,301010,Consumer Staples Distribution & Retail,30101010,Drug Retail,0.600,yahoo,
SCOR,"comScore, Inc. Common Stock",7389,45,Information Technology,4510,Software & Services,451030,Software,45103010,Application Software,0.600,model+crosswalk,
SCPJ,SCOPE INDUSTRIES CALIF,,20,Industrials,2020,Commercial & Professional Services,202010,Commercial Services & Supplies,20201050,Environmental & Facilities Services,0.650,model+crosswalk,
SCPQ,Social Commerce Partners Corporation Class A Ordinary Shares,6770,,,,,,,,,,,shell_company
SCPS,SCOPUS BIOPHARMA INC,,35,Health Care,3520,"Pharmaceuticals, Biotechnology & Life Sciences",352010,Biotechnology,35201010,Biotechnology,0.650,model+crosswalk,
SCSC,Scansource Inc,5045,45,Information Technology,4520,Technology Hardware & Equipment,452030,"Electronic Equipment, Instruments & Components",45203030,Technology Distributors,0.900,model+crosswalk,
SCTQ,SPECTRA SYS CORP,,45,Information Technology,4510,Software & Services,451030,Software,45103010,Application Software,0.650,model+crosswalk,
SCTX,Scribe Therapeutics Inc. Common Stock,,35,Health Care,3520,"Pharmaceuticals, Biotechnology & Life Sciences",352010,Biotechnology,35201010,Biotechnology,0.650,model+crosswalk,
SCWO,374Water Inc. Common Stock,3621,20,Industrials,2020,Commercial & Professional Services,202010,Commercial Services & Supplies,20201050,Environmental & Facilities Services,0.700,model+crosswalk,
SCYT,SECURITY BANCRP INC TN,,40,Financials,4010,Banks,401010,Banks,40101015,Regional Banks,0.650,yahoo,
SCYX,"SCYNEXIS, Inc.",2834,35,Health Care,3520,"Pharmaceuticals, Biotechnology & Life Sciences",352020,Pharmaceuticals,35202010,Pharmaceuticals,0.750,model+crosswalk,
SCZM,Santacruz Silver Mining Ltd. Common Shares,1040,15,Materials,1510,Materials,151040,Metals & Mining,15104020,Diversified Metals & Mining,0.750,yahoo+sic,
SD,"SandRidge Energy, Inc.",1311,10,Energy,1010,Energy,101020,"Oil, Gas & Consumable Fuels",10102020,Oil & Gas Exploration & Production,0.902,model+crosswalk,
SDA,SunCar Technology Group Inc. Class A Ordinary Shares,7500,25,Consumer Discretionary,2550,Consumer Discretionary Distribution & Retail,255040,Specialty Retail,25504050,Automotive Retail,0.700,yahoo+sic,
SDAEF,SUMIDA CORP,,45,Information Technology,4520,Technology Hardware & Equipment,452030,"Electronic Equipment, Instruments & Components",45203015,Electronic Components,0.874,model+crosswalk,
SDCH,SIDECHANNEL INC,,45,Information Technology,4510,Software & Services,451030,Software,45103020,Systems Software,0.694,model+crosswalk,
SDEV,Stablecoin Development Corporation,2834,40,Financials,4020,Financial Services,402030,Capital Markets,40203010,Asset Management & Custody Banks,0.600,yahoo,
SDGR,"Schrodinger, Inc. Common Stock",2834,35,Health Care,3510,Health Care Equipment & Services,351030,Health Care Technology,35103010,Health Care Technology,0.700,yahoo+sic,
SDHC,Smith Douglas Homes Corp.,1531,60,Real Estate,6020,Real Estate Management & Development,602010,Real Estate Management & Development,60201030,Real Estate Development,0.600,yahoo,
SDHI,Siddhi Acquisition Corp Class A Common stock,6770,,,,,,,,,,,shell_company
SDHY,PGIM Short Duration High Yield Opportunities Fund,,,,,,,,,,,,not_common_equity
SDNKF,SODA NIKKA CO LTD,,,,,,,,,,,,no_evidence
SDOT,Sadot Group Inc. Common Stock,5810,30,Consumer Staples,3020,"Food, Beverage & Tobacco",302020,Food Products,30202010,Agricultural Products & Services,0.600,yahoo,
SDRL,Seadrill Limited,1381,10,Energy,1010,Energy,101010,Energy Equipment & Services,10101010,Oil & Gas Drilling,0.910,model+crosswalk,
SDST,Stardust Power Inc. Common Stock,3330,20,Industrials,2010,Capital Goods,201040,Electrical Equipment,20104010,Electrical Components & Equipment,0.600,model+crosswalk,
SEAC,SEACHANGE INTL INC,,45,Information Technology,4510,Software & Services,451030,Software,45103010,Application Software,0.692,model+crosswalk,
SEAT,Vivid Seats Inc. Class A Common Stock,7990,50,Communication Services,5020,Media & Entertainment,502030,Interactive Media & Services,50203010,Interactive Media & Services,0.750,model+crosswalk,
SEB,Seaboard Corporation,5150,20,Industrials,2010,Capital Goods,201050,Industrial Conglomerates,20105010,Industrial Conglomerates,0.600,yahoo,
SEBC,SOESTRN BANKING CORP,,40,Financials,4010,Banks,401010,Banks,40101015,Regional Banks,0.650,model+crosswalk,
SECZ,Securitize Corp.,6199,45,Information Technology,4510,Software & Services,451030,Software,45103010,Application Software,0.600,model+crosswalk,
SEDG,"SolarEdge Technologies, Inc.",3674,20,Industrials,2010,Capital Goods,201040,Electrical Equipment,20104010,Electrical Components & Equipment,0.600,yahoo,
SEED,Origin Agritech Limited,0100,15,Materials,1510,Materials,151010,Chemicals,15101030,Fertilizers & Agricultural Chemicals,0.600,model+crosswalk,
SEER,"Seer, Inc. Class A Common Stock",3826,35,Health Care,3520,"Pharmaceuticals, Biotechnology & Life Sciences",352010,Biotechnology,35201010,Biotechnology,0.750,yahoo+sic,
SEG,Seaport Entertainment Group Inc.,7990,60,Real Estate,6020,Real Estate Management & Development,602010,Real Estate Management & Development,60201020,Real Estate Operating Companies,0.600,yahoo,
SEGG,Sports Entertainment Gaming Global Corporation Common Stock,7372,25,Consumer Discretionary,2530,Consumer Services,253010,"Hotels, Restaurants & Leisure",25301010,Casinos & Gaming,0.600,model+crosswalk,
SEI,"Solaris Energy Infrastructure, Inc.",3533,10,Energy,1010,Energy,101010,Energy Equipment & Services,10101020,Oil & Gas Equipment & Services,0.900,model+crosswalk,
SEIC,SEI Investments Co,6211,40,Financials,4020,Financial Services,402030,Capital Markets,40203010,Asset Management & Custody Banks,0.900,model+crosswalk,
SELF,"Global Self Storage, Inc. Common Stock",6798,60,Real Estate,6010,Equity Real Estate Investment Trusts (REITs),601080,Specialized REITs,60108020,Self-Storage REITs,0.952,model+crosswalk,
SENEA,Seneca Foods Corp,2033,30,Consumer Staples,3020,"Food, Beverage & Tobacco",302020,Food Products,30202030,Packaged Foods & Meats,0.900,model+crosswalk,
SENEB,Seneca Foods Corp,2033,30,Consumer Staples,3020,"Food, Beverage & Tobacco",302020,Food Products,30202030,Packaged Foods & Meats,0.900,model+crosswalk,
SENS,"Senseonics Holdings, Inc. Common Stock",3823,35,Health Care,3510,Health Care Equipment & Services,351010,Health Care Equipment & Supplies,35101010,Health Care Equipment,0.600,model+crosswalk,
SEPLF,SEPLAT ENERGY PLC,,10,Energy,1010,Energy,101020,"Oil, Gas & Consumable Fuels",10102020,Oil & Gas Exploration & Production,0.650,model+crosswalk,
SEPN,"Septerna, Inc. Common Stock",2834,35,Health Care,3520,"Pharmaceuticals, Biotechnology & Life Sciences",352010,Biotechnology,35201010,Biotechnology,0.900,model+crosswalk,
SER,"Serina Therapeutics, Inc.",2834,35,Health Care,3520,"Pharmaceuticals, Biotechnology & Life Sciences",352010,Biotechnology,35201010,Biotechnology,0.900,model+crosswalk,
SERA,"Sera Prognostics, Inc. Class A Common Stock",8071,35,Health Care,3510,Health Care Equipment & Services,351010,Health Care Equipment & Supplies,35101010,Health Care Equipment,0.750,model+crosswalk,
SERV,Serve Robotics Inc. Common Stock,3569,20,Industrials,2030,Transportation,203010,Air Freight & Logistics,20301010,Air Freight & Logistics,0.700,yahoo+sic,
SES,SES AI Corporation,3690,25,Consumer Discretionary,2510,Automobiles & Components,251010,Automobile Components,25101010,Automotive Parts & Equipment,0.600,yahoo,
SEV,Aptera Motors Corp. Class B Common Stock,3711,25,Consumer Discretionary,2510,Automobiles & Components,251020,Automobiles,25102010,Automobile Manufacturers,0.550,model+crosswalk,
SEVN,Seven Hills Realty Trust Common Stock,6798,40,Financials,4020,Financial Services,402040,Mortgage Real Estate Investment Trusts,40204010,Mortgage REITs,0.900,model+crosswalk,
SEZL,Sezzle Inc. Common Stock,7389,40,Financials,4020,Financial Services,402010,Financial Services,40201060,Transaction & Payment Processing Services,0.900,model+crosswalk,
SF,Stifel Financial Corp.,6211,40,Financials,4020,Financial Services,402030,Capital Markets,40203010,Asset Management & Custody Banks,0.900,model+crosswalk,
SFBC,"Sound Financial Bancorp, Inc.",6035,40,Financials,4010,Banks,401010,Banks,40101015,Regional Banks,0.900,model+crosswalk,
SFBS,ServisFirst Bancshares Inc.,6022,40,Financials,4010,Banks,401010,Banks,40101015,Regional Banks,0.900,model+crosswalk,
SFCO,SOUTHERN FINL CORP,,40,Financials,4010,Banks,401010,Banks,40101015,Regional Banks,0.650,model+crosswalk,
SFD,"Smithfield Foods, Inc. Common Stock",2011,30,Consumer Staples,3020,"Food, Beverage & Tobacco",302020,Food Products,30202030,Packaged Foods & Meats,0.900,model+crosswalk,
SFDL,SECURITY FEDERAL CORP,,40,Financials,4010,Banks,401010,Banks,40101015,Regional Banks,0.650,model+crosswalk,
SFES,SAFEGUARD SCIENTIFICS INC,,40,Financials,4020,Financial Services,402030,Capital Markets,40203010,Asset Management & Custody Banks,0.650,model+crosswalk,
SFHG,Samfine Creation Holdings Group Limited Class A Ordinary Share,2750,20,Industrials,2020,Commercial & Professional Services,202010,Commercial Services & Supplies,20201010,Commercial Printing,0.900,model+crosswalk,
SFIGA,STAR FINCL GROUP INC A,,40,Financials,4010,Banks,401010,Banks,40101015,Regional Banks,0.650,model+crosswalk,
SFIX,"Stitch Fix, Inc. Class A Common Stock",5961,25,Consumer Discretionary,2550,Consumer Discretionary Distribution & Retail,255040,Specialty Retail,25504010,Apparel Retail,0.900,model+crosswalk,
SFL,SFL Corporation Ltd.,4412,20,Industrials,2030,Transportation,203030,Marine Transportation,20303010,Marine Transportation,0.900,model+crosswalk,
SFM,"Sprouts Farmers Market, Inc.",5411,30,Consumer Staples,3010,Consumer Staples Distribution & Retail,301010,Consumer Staples Distribution & Retail,30101030,Food Retail,0.900,model+crosswalk,
SFNC,Simmons First National Corp,6021,40,Financials,4010,Banks,401010,Banks,40101015,Regional Banks,0.900,model+crosswalk,
SFST,"Southern First Bancshares, Inc.",6021,40,Financials,4010,Banks,401010,Banks,40101015,Regional Banks,0.900,model+crosswalk,
SFTTF,SHIFT INC,,45,Information Technology,4510,Software & Services,451030,Software,45103010,Application Software,0.853,model+crosswalk,
SFWL,Shengfeng Development Limited Class A Ordinary Shares,4210,20,Industrials,2030,Transportation,203040,Ground Transportation,20304030,Cargo Ground Transportation,0.900,model+crosswalk,
SG,"Sweetgreen, Inc.",5812,25,Consumer Discretionary,2530,Consumer Services,253010,"Hotels, Restaurants & Leisure",25301040,Restaurants,0.900,model+crosswalk,
SGA,"Saga Communications, Inc. Class A Common Stock (FL)",4832,50,Communication Services,5020,Media & Entertainment,502010,Media,50201020,Broadcasting,0.900,model+crosswalk,
SGC,"Superior Group of Companies, Inc. Common Stock",2300,25,Consumer Discretionary,2520,Consumer Durables & Apparel,252030,"Textiles, Apparel & Luxury Goods",25203010,"Apparel, Accessories & Luxury Goods",0.900,model+crosswalk,
SGDH,AI METAVERSE HOLDINGS CP,,,,,,,,,,,,no_evidence
SGHC,Super Group (SGHC) Limited,7990,25,Consumer Discretionary,2530,Consumer Services,253010,"Hotels, Restaurants & Leisure",25301010,Casinos & Gaming,0.900,model+crosswalk,
SGHT,"Sight Sciences, Inc. Common Stock",3841,35,Health Care,3510,Health Care Equipment & Services,351010,Health Care Equipment & Supplies,35101010,Health Care Equipment,0.900,model+crosswalk,
SGI,Somnigroup International Inc.,2510,25,Consumer Discretionary,2520,Consumer Durables & Apparel,252010,Household Durables,25201020,Home Furnishings,0.900,model+crosswalk,
SGLA,SINO GREEN LAND CORP,,20,Industrials,2020,Commercial & Professional Services,202010,Commercial Services & Supplies,20201050,Environmental & Facilities Services,0.650,model+crosswalk,
SGLY,Singularity Future Technology Ltd. Common Stock,4731,20,Industrials,2030,Transportation,203010,Air Freight & Logistics,20301010,Air Freight & Logistics,0.900,model+crosswalk,
SGMD,SUGARMADE INC,,15,Materials,1510,Materials,151050,Paper & Forest Products,15105020,Paper Products,0.650,model+crosswalk,
SGML,Sigma Lithium Corporation Common Shares,1000,15,Materials,1510,Materials,151040,Metals & Mining,15104020,Diversified Metals & Mining,0.900,model+crosswalk,
SGMT,Sagimet Biosciences Inc. Series A Common Stock,2834,35,Health Care,3520,"Pharmaceuticals, Biotechnology & Life Sciences",352010,Biotechnology,35201010,Biotechnology,0.900,model+crosswalk,
SGP,"SpyGlass Pharma, Inc. Common Stock",3841,35,Health Care,3520,"Pharmaceuticals, Biotechnology & Life Sciences",352010,Biotechnology,35201010,Biotechnology,0.700,yahoo+sic,
SGRX,SANGRIX INC. Class A Ordinary Shares,,45,Information Technology,4510,Software & Services,451020,IT Services,45102010,IT Consulting & Other Services,0.650,model+crosswalk,
SGRY,"Surgery Partners, Inc. Common Stock",8062,35,Health Care,3510,Health Care Equipment & Services,351020,Health Care Providers & Services,35102015,Health Care Services,0.750,yahoo+sic,
SGU,"Star Group, L.P. Common Units Representing Limited Partner Interest",5990,10,Energy,1010,Energy,101020,"Oil, Gas & Consumable Fuels",10102030,Oil & Gas Refining & Marketing,0.600,model+crosswalk,
SHAK,Shake Shack Inc.,5810,25,Consumer Discretionary,2530,Consumer Services,253010,"Hotels, Restaurants & Leisure",25301040,Restaurants,0.900,model+crosswalk,
SHAZ,"SharonAI Holdings, Inc. Class A Common Stock",7374,45,Information Technology,4510,Software & Services,451020,IT Services,45102010,IT Consulting & Other Services,0.750,yahoo+sic,
SHBI,Shore Bancshares Inc,6021,40,Financials,4010,Banks,401010,Banks,40101015,Regional Banks,0.900,model+crosswalk,
SHC,Sotera Health Company Common Stock,8090,35,Health Care,3510,Health Care Equipment & Services,351020,Health Care Providers & Services,35102015,Health Care Services,0.900,model+crosswalk,
SHEN,Shenandoah Telecom Co,4813,50,Communication Services,5010,Telecommunication Services,501020,Wireless Telecommunication Services,50102010,Wireless Telecommunication Services,0.750,yahoo+sic,
SHFS,"SHF Holdings, Inc. Class A Common Stock",6199,40,Financials,4010,Banks,401010,Banks,40101015,Regional Banks,0.700,model+crosswalk,
SHGY,SEARCHGUY.COM INC NEW,,50,Communication Services,5020,Media & Entertainment,502030,Interactive Media & Services,50203010,Interactive Media & Services,0.650,model+crosswalk,
SHICF,SHIBAURA MECHATRONICS CP,,,,,,,,,,,,no_evidence
SHIM,Shimmick Corporation Common Stock,1600,20,Industrials,2010,Capital Goods,201030,Construction & Engineering,20103010,Construction & Engineering,0.900,model+crosswalk,
SHIP,Seanergy Maritime Holdings Corp.,4412,20,Industrials,2030,Transportation,203030,Marine Transportation,20303010,Marine Transportation,0.954,model+crosswalk,
SHKGF,SHIZUOKAGAS CO LTD,,,,,,,,,,,,no_evidence
SHLS,"Shoals Technologies Group, Inc. Class A Common Stock",3674,20,Industrials,2010,Capital Goods,201040,Electrical Equipment,20104010,Electrical Components & Equipment,0.600,yahoo,
SHMD,SCHMID Group N.V. Class A Ordinary Shares,3590,20,Industrials,2010,Capital Goods,201060,Machinery,20106020,Industrial Machinery & Supplies & Components,0.900,model+crosswalk,
SHNMF,SHIN MAINT HLDGS CO LTD,,,,,,,,,,,,no_evidence
SHO,"Sunstone Hotel Investors, Inc.",7011,60,Real Estate,6010,Equity Real Estate Investment Trusts (REITs),601030,Hotel & Resort REITs,60103010,Hotel & Resort REITs,0.600,model+crosswalk,
SHOE,"Shoe Station Group, Inc. Common Stock",5661,25,Consumer Discretionary,2550,Consumer Discretionary Distribution & Retail,255040,Specialty Retail,25504010,Apparel Retail,0.900,model+crosswalk,
SHOO,Steven Madden Ltd,3140,25,Consumer Discretionary,2520,Consumer Durables & Apparel,252030,"Textiles, Apparel & Luxury Goods",25203010,"Apparel, Accessories & Luxury Goods",0.750,model+crosswalk,
SHOP,Shopify Inc. Class A subordinate voting shares,7372,45,Information Technology,4510,Software & Services,451030,Software,45103010,Application Software,0.600,model+crosswalk,
SHOT,RMG ML Sports Holdings Class A Ordinary Shares,,,,,,,,,,,,shell_company
SHPH,"Shuttle Pharmaceuticals Holdings, Inc. Common Stock",2834,35,Health Care,3520,"Pharmaceuticals, Biotechnology & Life Sciences",352020,Pharmaceuticals,35202010,Pharmaceuticals,0.750,model+crosswalk,
SHRG,SHARING SERVICES GLBL CP,,30,Consumer Staples,3020,"Food, Beverage & Tobacco",302020,Food Products,30202030,Packaged Foods & Meats,0.650,model+crosswalk,
SHW,The Sherwin-Williams Company,5200,15,Materials,1510,Materials,151010,Chemicals,15101050,Specialty Chemicals,0.600,model+crosswalk,
SI,"Shoulder Innovations, Inc.",3841,35,Health Care,3510,Health Care Equipment & Services,351010,Health Care Equipment & Supplies,35101010,Health Care Equipment,0.550,model+crosswalk,
SIBN,"SI-BONE, Inc. Common Stock",3841,35,Health Care,3510,Health Care Equipment & Services,351010,Health Care Equipment & Supplies,35101010,Health Care Equipment,0.900,model+crosswalk,
SIDU,"Sidus Space, Inc. Class A Common Stock",4812,20,Industrials,2010,Capital Goods,201010,Aerospace & Defense,20101010,Aerospace & Defense,0.600,model+crosswalk,
SIEB,Siebert Financial Corp,6211,40,Financials,4020,Financial Services,402030,Capital Markets,40203020,Investment Banking & Brokerage,0.900,model+crosswalk,
SIF,"SIFCO Industries, Inc.",3724,20,Industrials,2010,Capital Goods,201010,Aerospace & Defense,20101010,Aerospace & Defense,0.900,model+crosswalk,
SIG,Signet Jewelers Limited,5944,25,Consumer Discretionary,2520,Consumer Durables & Apparel,252030,"Textiles, Apparel & Luxury Goods",25203010,"Apparel, Accessories & Luxury Goods",0.700,model+crosswalk,
SIGA,SIGA Technologies Inc.,2834,35,Health Care,3520,"Pharmaceuticals, Biotechnology & Life Sciences",352020,Pharmaceuticals,35202010,Pharmaceuticals,0.900,model+crosswalk,
SIGI,Selective Insurance Group,6331,40,Financials,4030,Insurance,403010,Insurance,40301040,Property & Casualty Insurance,0.900,model+crosswalk,
SII,Sprott Inc.,6199,40,Financials,4020,Financial Services,402030,Capital Markets,40203010,Asset Management & Custody Banks,0.900,model+crosswalk,
SILC,Silicom Ltd,3576,45,Information Technology,4520,Technology Hardware & Equipment,452010,Communications Equipment,45201020,Communications Equipment,0.900,model+crosswalk,
SILO,"Silo Pharma, Inc. Common Stock",2834,35,Health Care,3520,"Pharmaceuticals, Biotechnology & Life Sciences",352010,Biotechnology,35201010,Biotechnology,0.900,model+crosswalk,
SIMA,SIM Acquisition Corp. I Class A Ordinary Shares,6770,,,,,,,,,,,shell_company
SINC,SINCERITY APPLIED MAT,,15,Materials,1510,Materials,151010,Chemicals,15101050,Specialty Chemicals,0.682,model+crosswalk,
SIND,Sinda Ltd.,1040,15,Materials,1510,Materials,151040,Metals & Mining,15104030,Gold,0.750,model+crosswalk,
SINT,"SiNtx Technologies, Inc. Common Stock",3841,35,Health Care,3510,Health Care Equipment & Services,351010,Health Care Equipment & Supplies,35101010,Health Care Equipment,0.900,model+crosswalk,
SION,"Sionna Therapeutics, Inc. Common Stock",2834,35,Health Care,3520,"Pharmaceuticals, Biotechnology & Life Sciences",352010,Biotechnology,35201010,Biotechnology,0.900,model+crosswalk,
SIRC,SOLAR INTEG ROOFING CORP,,45,Information Technology,4530,Semiconductors & Semiconductor Equipment,453010,Semiconductors & Semiconductor Equipment,45301020,Semiconductors,0.650,model+crosswalk,
SIRI,"Sirius XM Holdings,  Inc",4832,50,Communication Services,5020,Media & Entertainment,502020,Entertainment,50202010,Movies & Entertainment,0.750,model+crosswalk,
SISI,SHINECO INC,,30,Consumer Staples,3020,"Food, Beverage & Tobacco",302020,Food Products,30202010,Agricultural Products & Services,0.867,model+crosswalk,
SITC,SITE Centers Corp. Common Shares,6798,60,Real Estate,6010,Equity Real Estate Investment Trusts (REITs),601070,Retail REITs,60107010,Retail REITs,0.833,model+crosswalk,
SITE,"SiteOne Landscape Supply, Inc.",5040,20,Industrials,2010,Capital Goods,201070,Trading Companies & Distributors,20107010,Trading Companies & Distributors,0.900,model+crosswalk,
SITM,SiTime Corporation Common Stock,3674,45,Information Technology,4530,Semiconductors & Semiconductor Equipment,453010,Semiconductors & Semiconductor Equipment,45301020,Semiconductors,0.900,model+crosswalk,
SJ,Scienjoy Holding Corporation Class A Ordinary Shares,7374,50,Communication Services,5020,Media & Entertainment,502030,Interactive Media & Services,50203010,Interactive Media & Services,0.900,model+crosswalk,
SJM,The J.M. Smucker Company,2033,30,Consumer Staples,3020,"Food, Beverage & Tobacco",302020,Food Products,30202030,Packaged Foods & Meats,0.900,model+crosswalk,
SJT,San Juan Basin Royalty Trust UBI,6792,10,Energy,1010,Energy,101020,"Oil, Gas & Consumable Fuels",10102020,Oil & Gas Exploration & Production,0.900,model+crosswalk,
SKE,Skeena Resources Limited,1040,15,Materials,1510,Materials,151040,Metals & Mining,15104020,Diversified Metals & Mining,0.750,yahoo+sic,
SKIL,Skillsoft Corp.,7372,25,Consumer Discretionary,2530,Consumer Services,253020,Diversified Consumer Services,25302010,Education Services,0.600,yahoo,
SKIN,SkinHealth Systems Inc. Class A Common Stock,3841,30,Consumer Staples,3030,Household & Personal Products,303010,Household Products,30301010,Household Products,0.600,yahoo,
SKK,SKK Holdings Limited Class A Ordinary Shares,1623,20,Industrials,2010,Capital Goods,201030,Construction & Engineering,20103010,Construction & Engineering,0.900,model+crosswalk,
SKKRF,SKRR EXPL INC,,15,Materials,1510,Materials,151040,Metals & Mining,15104020,Diversified Metals & Mining,0.778,model+crosswalk,
SKT,Tanger Inc.,6798,60,Real Estate,6010,Equity Real Estate Investment Trusts (REITs),601070,Retail REITs,60107010,Retail REITs,0.900,model+crosswalk,
SKWD,"Skyward Specialty Insurance Group, Inc. Common Stock",6331,40,Financials,4030,Insurance,403010,Insurance,40301040,Property & Casualty Insurance,0.915,model+crosswalk,
SKY,"Champion Homes, Inc.",2451,25,Consumer Discretionary,2520,Consumer Durables & Apparel,252010,Household Durables,25201030,Homebuilding,0.900,model+crosswalk,
SKYA,"SkyAI, Inc. Common Stock",3841,40,Financials,4020,Financial Services,402010,Financial Services,40201060,Transaction & Payment Processing Services,0.600,model+crosswalk,
SKYE,"Skye Bioscience, Inc. Common Stock",2834,35,Health Care,3520,"Pharmaceuticals, Biotechnology & Life Sciences",352010,Biotechnology,35201010,Biotechnology,0.900,model+crosswalk,
SKYH,Sky Harbour Group Corporation,6500,60,Real Estate,6020,Real Estate Management & Development,602010,Real Estate Management & Development,60201030,Real Estate Development,0.750,model+crosswalk,
SKYI,SKY CENTURY INV INC,,35,Health Care,3520,"Pharmaceuticals, Biotechnology & Life Sciences",352020,Pharmaceuticals,35202010,Pharmaceuticals,0.740,model+crosswalk,
SKYQ,Sky Quarry Inc. Common Stock,4955,10,Energy,1010,Energy,101020,"Oil, Gas & Consumable Fuels",10102010,Integrated Oil & Gas,0.600,yahoo,
SKYW,Skywest Inc,4512,20,Industrials,2030,Transportation,203020,Passenger Airlines,20302010,Passenger Airlines,0.900,model+crosswalk,
SKYX,SKYX Platforms Corp. Common Stock,3640,20,Industrials,2010,Capital Goods,201040,Electrical Equipment,20104010,Electrical Components & Equipment,0.900,model+crosswalk,
SLAB,Silicon Laboratories Inc,3674,45,Information Technology,4530,Semiconductors & Semiconductor Equipment,453010,Semiconductors & Semiconductor Equipment,45301020,Semiconductors,0.900,model+crosswalk,
SLB,SLB Limited,1389,10,Energy,1010,Energy,101010,Energy Equipment & Services,10101020,Oil & Gas Equipment & Services,0.900,model+crosswalk,
SLBK,SKYLINE BANKSHARES INC,,40,Financials,4010,Banks,401010,Banks,40101015,Regional Banks,0.650,model+crosswalk,
SLBT,SL Science Holding Limited Ordinary Shares,2836,35,Health Care,3520,"Pharmaceuticals, Biotechnology & Life Sciences",352010,Biotechnology,35201010,Biotechnology,0.900,model+crosswalk,
SLDB,Solid Biosciences Inc. Common Stock,2836,35,Health Care,3520,"Pharmaceuticals, Biotechnology & Life Sciences",352010,Biotechnology,35201010,Biotechnology,0.900,model+crosswalk,
SLDE,"Slide Insurance Holdings, Inc. Common Stock",6331,40,Financials,4030,Insurance,403010,Insurance,40301040,Property & Casualty Insurance,0.923,model+crosswalk,
SLDP,"Solid Power, Inc. Class A Common Stock",3690,25,Consumer Discretionary,2510,Automobiles & Components,251010,Automobile Components,25101010,Automotive Parts & Equipment,0.600,yahoo,
SLE,"Super League Enterprise, Inc. Common Stock",7373,50,Communication Services,5020,Media & Entertainment,502030,Interactive Media & Services,50203010,Interactive Media & Services,0.600,model+crosswalk,
SLF,Sun Life Financial Inc.,6311,40,Financials,4030,Insurance,403010,Insurance,40301030,Multi-line Insurance,0.750,yahoo+sic,
SLG,SL Green Realty Corp.,6798,60,Real Estate,6010,Equity Real Estate Investment Trusts (REITs),601040,Office REITs,60104010,Office REITs,0.900,model+crosswalk,
SLGB,Smart Logistics Global Limited Class A Ordinary Shares,4731,20,Industrials,2030,Transportation,203010,Air Freight & Logistics,20301010,Air Freight & Logistics,0.900,model+crosswalk,
SLGL,Sol-Gel Technologies Ltd. Ordinary Shares,2834,35,Health Care,3520,"Pharmaceuticals, Biotechnology & Life Sciences",352010,Biotechnology,35201010,Biotechnology,0.900,model+crosswalk,
SLGN,Silgan Holdings Inc,3411,15,Materials,1510,Materials,151030,Containers & Packaging,15103010,"Metal, Glass & Plastic Containers",0.900,model+crosswalk,
SLI,Standard Lithium Ltd.,2800,15,Materials,1510,Materials,151040,Metals & Mining,15104020,Diversified Metals & Mining,0.750,model+crosswalk,
SLM,SLM Corporation,6141,40,Financials,4020,Financial Services,402020,Consumer Finance,40202010,Consumer Finance,0.900,model+crosswalk,
SLMT,Brera Holdings PLC Class B Ordinary Shares,6199,45,Information Technology,4510,Software & Services,451030,Software,45103020,Systems Software,0.600,model+crosswalk,
SLND,"Southland Holdings, Inc.",1600,20,Industrials,2010,Capital Goods,201030,Construction & Engineering,20103010,Construction & Engineering,0.900,model+crosswalk,
SLNG,"Stabilis Solutions, Inc. Common Stock",4924,10,Energy,1010,Energy,101020,"Oil, Gas & Consumable Fuels",10102010,Integrated Oil & Gas,0.600,yahoo,
SLNH,"Soluna Holdings, Inc. Common Stock",6199,40,Financials,4020,Financial Services,402030,Capital Markets,40203020,Investment Banking & Brokerage,0.600,yahoo,
SLP,"Simulations Plus, Inc.",7373,35,Health Care,3510,Health Care Equipment & Services,351030,Health Care Technology,35103010,Health Care Technology,0.600,yahoo,
SLQT,"SelectQuote, Inc.",6411,40,Financials,4030,Insurance,403010,Insurance,40301010,Insurance Brokers,0.900,model+crosswalk,
SLRC,SLR Investment Corp. Common Stock,,40,Financials,4020,Financial Services,402030,Capital Markets,40203010,Asset Management & Custody Banks,0.650,model+crosswalk,
SLS,"SELLAS Life Sciences Group, Inc. Common Stock",2834,35,Health Care,3520,"Pharmaceuticals, Biotechnology & Life Sciences",352010,Biotechnology,35201010,Biotechnology,0.900,model+crosswalk,
SLSCF,SOLASTO CORP,,,,,,,,,,,,no_evidence
SLSN,"Solesence, Inc. Common Stock",2844,30,Consumer Staples,3030,Household & Personal Products,303020,Personal Care Products,30302010,Personal Care Products,0.900,model+crosswalk,
SLSR,Solaris Resources Inc.,1040,15,Materials,1510,Materials,151040,Metals & Mining,15104030,Gold,0.750,model+crosswalk,
SLVAF,SOLVAC SA,,,,,,,,,,,,no_evidence
SLVM,Sylvamo Corporation,2621,15,Materials,1510,Materials,151050,Paper & Forest Products,15105020,Paper Products,0.928,model+crosswalk,
SLXN,Silexion Therapeutics Corp Ordinary Shares,2836,35,Health Care,3520,"Pharmaceuticals, Biotechnology & Life Sciences",352010,Biotechnology,35201010,Biotechnology,0.900,model+crosswalk,
SM,SM Energy Company,1311,10,Energy,1010,Energy,101020,"Oil, Gas & Consumable Fuels",10102020,Oil & Gas Exploration & Production,0.938,model+crosswalk,
SMA,"SmartStop Self Storage REIT, Inc.",6798,60,Real Estate,6010,Equity Real Estate Investment Trusts (REITs),601025,Industrial REITs,60102510,Industrial REITs,0.750,model+crosswalk,
SMAL,SUMMIT BANCSHS CALIF,,40,Financials,4010,Banks,401010,Banks,40101015,Regional Banks,0.650,yahoo,
SMBC,Southern Missouri Bancorp,6036,40,Financials,4010,Banks,401010,Banks,40101015,Regional Banks,0.900,model+crosswalk,
SMBK,"SmartFinancial, Inc.",6021,40,Financials,4010,Banks,401010,Banks,40101015,Regional Banks,0.917,model+crosswalk,
SMC,Summit Midstream Corporation,4922,10,Energy,1010,Energy,101020,"Oil, Gas & Consumable Fuels",10102040,Oil & Gas Storage & Transportation,0.900,model+crosswalk,
SMCI,"Super Micro Computer, Inc. Common Stock",3571,45,Information Technology,4520,Technology Hardware & Equipment,452020,"Technology Hardware, Storage & Peripherals",45202030,"Technology Hardware, Storage & Peripherals",0.900,model+crosswalk,
SMFL,SMART FOR LIFE INC,,30,Consumer Staples,3020,"Food, Beverage & Tobacco",302020,Food Products,30202030,Packaged Foods & Meats,0.658,model+crosswalk,
SMG,The Scotts Miracle-Gro Company,2870,15,Materials,1510,Materials,151010,Chemicals,15101030,Fertilizers & Agricultural Chemicals,0.900,model+crosswalk,
SMHI,SEACOR Marine Holdings Inc. Common Stock,4412,20,Industrials,2030,Transportation,203030,Marine Transportation,20303010,Marine Transportation,0.900,model+crosswalk,
SMID,Smith-Midland Corporation Common Stock,3272,15,Materials,1510,Materials,151020,Construction Materials,15102010,Construction Materials,0.900,model+crosswalk,
SMJF,SMJ International Holdings Inc.,5030,25,Consumer Discretionary,2520,Consumer Durables & Apparel,252030,"Textiles, Apparel & Luxury Goods",25203030,Textiles,0.600,yahoo,
SMMT,Summit Therapeutics Inc. Common Stock,2834,35,Health Care,3520,"Pharmaceuticals, Biotechnology & Life Sciences",352010,Biotechnology,35201010,Biotechnology,0.900,model+crosswalk,
SMP,Standard Motor Products,3714,25,Consumer Discretionary,2510,Automobiles & Components,251010,Automobile Components,25101010,Automotive Parts & Equipment,0.900,model+crosswalk,
SMPL,The Simply Good Foods Company Common Stock,2000,30,Consumer Staples,3020,"Food, Beverage & Tobacco",302020,Food Products,30202030,Packaged Foods & Meats,0.900,model+crosswalk,
SMR,NuScale Power Corporation,3443,20,Industrials,2010,Capital Goods,201060,Machinery,20106020,Industrial Machinery & Supplies & Components,0.900,model+crosswalk,
SMRT,"SmartRent, Inc.",7373,45,Information Technology,4510,Software & Services,451030,Software,45103010,Application Software,0.750,model+crosswalk,
SMSI,Smith Micro Software Inc,7372,45,Information Technology,4510,Software & Services,451030,Software,45103010,Application Software,0.900,model+crosswalk,
SMTC,Semtech Corp,3674,45,Information Technology,4530,Semiconductors & Semiconductor Equipment,453010,Semiconductors & Semiconductor Equipment,45301020,Semiconductors,0.900,model+crosswalk,
SMTI,Sanara MedTech Inc. Common Stock,3842,35,Health Care,3510,Health Care Equipment & Services,351010,Health Care Equipment & Supplies,35101010,Health Care Equipment,0.750,yahoo+sic,
SMTK,"SmartKem, Inc. Common Stock",3674,45,Information Technology,4530,Semiconductors & Semiconductor Equipment,453010,Semiconductors & Semiconductor Equipment,45301010,Semiconductor Materials & Equipment,0.750,yahoo+sic,
SMWB,Similarweb Ltd.,7370,45,Information Technology,4510,Software & Services,451030,Software,45103010,Application Software,0.900,model+crosswalk,
SMX,SMX (Security Matters) Public Limited Company Ordinary Shares,3590,20,Industrials,2020,Commercial & Professional Services,202010,Commercial Services & Supplies,20201070,Diversified Support Services,0.700,yahoo+sic,
SMXT,Solarmax Technology Inc. Common Stock,1700,20,Industrials,2010,Capital Goods,201040,Electrical Equipment,20104010,Electrical Components & Equipment,0.750,yahoo+sic,
SN,"SharkNinja, Inc.",3630,25,Consumer Discretionary,2520,Consumer Durables & Apparel,252010,Household Durables,25201040,Household Appliances,0.900,model+crosswalk,
SNA,Snap-on Incorporated,3420,20,Industrials,2010,Capital Goods,201060,Machinery,20106020,Industrial Machinery & Supplies & Components,0.900,model+crosswalk,
SNAL,"Snail, Inc. Class A Common Stock",7372,50,Communication Services,5020,Media & Entertainment,502020,Entertainment,50202020,Interactive Home Entertainment,0.600,yahoo,
SNAP,Snap Inc.,7370,50,Communication Services,5020,Media & Entertainment,502030,Interactive Media & Services,50203010,Interactive Media & Services,0.900,model+crosswalk,
SNBH,SENTIENT BRANDS HLDGS INC,,30,Consumer Staples,3020,"Food, Beverage & Tobacco",302020,Food Products,30202030,Packaged Foods & Meats,0.889,model+crosswalk,
SND,"Smart Sand, Inc. Common Stock",1400,10,Energy,1010,Energy,101010,Energy Equipment & Services,10101020,Oil & Gas Equipment & Services,0.900,model+crosswalk,
SNDA,"Sonida Senior Living, Inc.",8050,35,Health Care,3510,Health Care Equipment & Services,351020,Health Care Providers & Services,35102015,Health Care Services,0.750,yahoo+sic,
SNDK,Sandisk Corporation Common Stock,3572,45,Information Technology,4520,Technology Hardware & Equipment,452020,"Technology Hardware, Storage & Peripherals",45202030,"Technology Hardware, Storage & Peripherals",0.900,model+crosswalk,
SNDL,Sundial Growers Inc. Common Shares,2833,30,Consumer Staples,3030,Household & Personal Products,303020,Personal Care Products,30302010,Personal Care Products,0.550,sic,
SNDR,"Schneider National, Inc.",4213,20,Industrials,2030,Transportation,203040,Ground Transportation,20304030,Cargo Ground Transportation,0.900,model+crosswalk,
SNDX,"Syndax Pharmaceuticals, Inc.",2834,35,Health Care,3520,"Pharmaceuticals, Biotechnology & Life Sciences",352010,Biotechnology,35201010,Biotechnology,0.900,model+crosswalk,
SNES,"SenesTech, Inc. Common Stock",2870,15,Materials,1510,Materials,151010,Chemicals,15101050,Specialty Chemicals,0.750,model+crosswalk,
SNEX,StoneX Group Inc. Common Stock,6200,40,Financials,4020,Financial Services,402030,Capital Markets,40203020,Investment Banking & Brokerage,0.750,model+crosswalk,
SNFCA,Security National Financial Co,6199,40,Financials,4030,Insurance,403010,Insurance,40301020,Life & Health Insurance,0.700,model+crosswalk,
SNGX,"Soligenix, Inc. Common Stock",2834,35,Health Care,3520,"Pharmaceuticals, Biotechnology & Life Sciences",352010,Biotechnology,35201010,Biotechnology,0.900,model+crosswalk,
SNKKF,SINKO KOGYO CO LTD,,,,,,,,,,,,no_evidence
SNLC,SECURITY NATL CP SIOUX CY,,40,Financials,4010,Banks,401010,Banks,40101015,Regional Banks,0.650,model+crosswalk,
SNOA,"Sonoma Pharmaceuticals, Inc. Common Stock",3841,35,Health Care,3520,"Pharmaceuticals, Biotechnology & Life Sciences",352020,Pharmaceuticals,35202010,Pharmaceuticals,0.700,model+crosswalk,
SNOW,Snowflake Inc.,7372,45,Information Technology,4510,Software & Services,451030,Software,45103010,Application Software,0.900,model+crosswalk,
SNPS,Synopsys Inc,7372,45,Information Technology,4510,Software & Services,451030,Software,45103020,Systems Software,0.750,yahoo+sic,
SNPW,SUN PACIFIC HOLDING CORP,,,,,,,,,,,,shell_company
SNSC,SunScout Holding Limited,,45,Information Technology,4530,Semiconductors & Semiconductor Equipment,453010,Semiconductors & Semiconductor Equipment,45301020,Semiconductors,0.650,yahoo,
SNSNF,SANSAN INC,,45,Information Technology,4510,Software & Services,451030,Software,45103010,Application Software,0.987,model+crosswalk,
SNT,Senstar Technologies Corporation Common Shares,3669,20,Industrials,2020,Commercial & Professional Services,202010,Commercial Services & Supplies,20201080,Security & Alarm Services,0.600,yahoo,
SNTG,Sentage Holdings Inc. Class A Ordinary Shares,6199,40,Financials,4020,Financial Services,402010,Financial Services,40201060,Transaction & Payment Processing Services,0.900,model+crosswalk,
SNTI,"Senti Biosciences Holdings, Inc. Common Stock",2836,35,Health Care,3520,"Pharmaceuticals, Biotechnology & Life Sciences",352010,Biotechnology,35201010,Biotechnology,0.900,model+crosswalk,
SNWV,"SANUWAVE Health, Inc. Common Stock",3841,35,Health Care,3510,Health Care Equipment & Services,351010,Health Care Equipment & Supplies,35101020,Health Care Supplies,0.900,model+crosswalk,
SNX,TD SYNNEX Corporation,5045,45,Information Technology,4520,Technology Hardware & Equipment,452030,"Electronic Equipment, Instruments & Components",45203030,Technology Distributors,0.900,model+crosswalk,
SNYR,Synergy CHC Corp. Common Stock,2833,35,Health Care,3510,Health Care Equipment & Services,351020,Health Care Providers & Services,35102010,Health Care Distributors,0.600,yahoo,
SO,The Southern Company,4911,55,Utilities,5510,Utilities,551010,Electric Utilities,55101010,Electric Utilities,0.750,model+crosswalk,
SOAR,"Volato Group, Inc.",4522,20,Industrials,2030,Transportation,203020,Passenger Airlines,20302010,Passenger Airlines,0.900,model+crosswalk,
SOBO,South Bow Corporation,4610,10,Energy,1010,Energy,101020,"Oil, Gas & Consumable Fuels",10102040,Oil & Gas Storage & Transportation,0.900,model+crosswalk,
SOBR,"SOBR Safe, Inc. Common Stock",2721,45,Information Technology,4520,Technology Hardware & Equipment,452030,"Electronic Equipment, Instruments & Components",45203010,Electronic Equipment & Instruments,0.600,model+crosswalk,
SOBS,SOLVAY BANK SOLVAY NY,,40,Financials,4010,Banks,401010,Banks,40101015,Regional Banks,0.650,model+crosswalk,
SOC,Sable Offshore Corp.,1311,10,Energy,1010,Energy,101020,"Oil, Gas & Consumable Fuels",10102020,Oil & Gas Exploration & Production,0.897,model,
SOCA,Solarius Capital Acquisition Corp. Class A Ordinary Share,6770,,,,,,,,,,,shell_company
SOFI,"SoFi Technologies, Inc. Common Stock",6199,40,Financials,4020,Financial Services,402010,Financial Services,40201060,Transaction & Payment Processing Services,0.900,model+crosswalk,
SOLS,Solstice Advanced Materials Inc. Common Stock,2800,15,Materials,1510,Materials,151010,Chemicals,15101050,Specialty Chemicals,0.900,model+crosswalk,
SOLV,Solventum Corporation,3841,35,Health Care,3510,Health Care Equipment & Services,351010,Health Care Equipment & Supplies,35101020,Health Care Supplies,0.750,yahoo+sic,
SOMC,STHN MICH BANCORP INC,,40,Financials,4010,Banks,401010,Banks,40101015,Regional Banks,0.650,model+crosswalk,
SOME,SOMERSET TR HOLDING CO,,40,Financials,4010,Banks,401010,Banks,40101015,Regional Banks,0.650,model+crosswalk,
SON,Sonoco Products Company,2650,15,Materials,1510,Materials,151030,Containers & Packaging,15103020,Paper & Plastic Packaging Products & Materials,0.953,model+crosswalk,
SONM,"DNA X, Inc. Common Stock",3661,40,Financials,4020,Financial Services,402030,Capital Markets,40203020,Investment Banking & Brokerage,0.600,model+crosswalk,
SONO,"Sonos, Inc. Common Stock",3651,25,Consumer Discretionary,2520,Consumer Durables & Apparel,252010,Household Durables,25201010,Consumer Electronics,0.900,model+crosswalk,
SONX,SONENDO INC,,35,Health Care,3510,Health Care Equipment & Services,351010,Health Care Equipment & Supplies,35101010,Health Care Equipment,0.918,model+crosswalk,
SOPH,SOPHiA GENETICS SA Ordinary Shares,7374,35,Health Care,3510,Health Care Equipment & Services,351030,Health Care Technology,35103010,Health Care Technology,0.600,yahoo,
SORA,AsiaStrategy Ordinary Shares,5094,25,Consumer Discretionary,2520,Consumer Durables & Apparel,252030,"Textiles, Apparel & Luxury Goods",25203010,"Apparel, Accessories & Luxury Goods",0.700,model+crosswalk,
SORN,Soren Acquisition Corp. Class A Ordinary Shares,6770,,,,,,,,,,,shell_company
SOS,SOS Limited,6200,40,Financials,4020,Financial Services,402030,Capital Markets,40203020,Investment Banking & Brokerage,0.900,model+crosswalk,
SOTK,Sono-Tek Corporation Common Stock,3559,35,Health Care,3510,Health Care Equipment & Services,351010,Health Care Equipment & Supplies,35101010,Health Care Equipment,0.600,yahoo,
SOUL,Soulpower Acquisition Corporation,6770,,,,,,,,,,,shell_company
SOUN,"SoundHound AI, Inc. Class A Common Stock",7372,45,Information Technology,4510,Software & Services,451030,Software,45103010,Application Software,0.900,model+crosswalk,
SOWG,Sow Good Inc. Common Stock,2000,30,Consumer Staples,3020,"Food, Beverage & Tobacco",302020,Food Products,30202030,Packaged Foods & Meats,0.900,model+crosswalk,
SPAI,Safe Pro Group Inc. Common Stock,3842,20,Industrials,2010,Capital Goods,201010,Aerospace & Defense,20101010,Aerospace & Defense,0.600,model+crosswalk,
SPB,"Spectrum Brands Holdings, Inc.",3690,30,Consumer Staples,3030,Household & Personal Products,303020,Personal Care Products,30302010,Personal Care Products,0.600,model+crosswalk,
SPCB,"SuperCom, Ltd",3674,45,Information Technology,4510,Software & Services,451030,Software,45103020,Systems Software,0.700,yahoo+sic,
SPCE,"Virgin Galactic Holdings, Inc.",4700,20,Industrials,2010,Capital Goods,201010,Aerospace & Defense,20101010,Aerospace & Defense,0.700,model+crosswalk,
SPCX,Space Exploration Technologies Corp. Class A Common Stock,7370,20,Industrials,2010,Capital Goods,201010,Aerospace & Defense,20101010,Aerospace & Defense,0.600,model+crosswalk,
SPEG,Silver Pegasus Acquisition Corp Class A Ordinary Shares,6770,,,,,,,,,,,shell_company
SPFI,"South Plains Financial, Inc. Common Stock",6022,40,Financials,4010,Banks,401010,Banks,40101015,Regional Banks,0.941,model+crosswalk,
SPG,"Simon Property Group, Inc.",6798,60,Real Estate,6010,Equity Real Estate Investment Trusts (REITs),601070,Retail REITs,60107010,Retail REITs,0.900,model+crosswalk,
SPGI,S&P Global Inc.,7320,40,Financials,4020,Financial Services,402030,Capital Markets,40203040,Financial Exchanges & Data,0.600,model+crosswalk,
SPH,Suburban Propane Partners L P,5900,10,Energy,1010,Energy,101020,"Oil, Gas & Consumable Fuels",10102040,Oil & Gas Storage & Transportation,0.600,model+crosswalk,
SPHL,Springview Holdings Ltd Class A Ordinary Shares,1520,25,Consumer Discretionary,2520,Consumer Durables & Apparel,252010,Household Durables,25201030,Homebuilding,0.900,model+crosswalk,
SPHR,Sphere Entertainment Co.,7900,50,Communication Services,5020,Media & Entertainment,502020,Entertainment,50202010,Movies & Entertainment,0.900,model+crosswalk,
SPIR,"Spire Global, Inc.",4899,20,Industrials,2020,Commercial & Professional Services,202010,Commercial Services & Supplies,20201070,Diversified Support Services,0.600,yahoo,
SPKL,Spark I Acquisition Corp. Class A Ordinary Share,6770,,,,,,,,,,,shell_company
SPMC,"Sound Point Meridian Capital, Inc.",,40,Financials,4020,Financial Services,402030,Capital Markets,40203010,Asset Management & Custody Banks,0.650,model+crosswalk,
SPNT,SiriusPoint Ltd.,6331,40,Financials,4030,Insurance,403010,Insurance,40301050,Reinsurance,0.750,yahoo+sic,
SPOI,SPO NETWORKS INC,,,,,,,,,,,,shell_company
SPOK,"Spok Holdings, Inc",4812,35,Health Care,3510,Health Care Equipment & Services,351030,Health Care Technology,35103010,Health Care Technology,0.600,yahoo,
SPOT,Spotify Technology S.A.,4832,50,Communication Services,5020,Media & Entertainment,502030,Interactive Media & Services,50203010,Interactive Media & Services,0.750,model+crosswalk,
SPPL,SIMPPLE LTD. Ordinary Shares,8744,20,Industrials,2010,Capital Goods,201060,Machinery,20106020,Industrial Machinery & Supplies & Components,0.700,model+crosswalk,
SPRB,"Spruce Biosciences, Inc. Common Stock",2834,35,Health Care,3520,"Pharmaceuticals, Biotechnology & Life Sciences",352010,Biotechnology,35201010,Biotechnology,0.900,model+crosswalk,
SPRC,SciSparc Ltd. Ordinary Shares,2834,35,Health Care,3520,"Pharmaceuticals, Biotechnology & Life Sciences",352010,Biotechnology,35201010,Biotechnology,0.900,model+crosswalk,
SPRO,"Spero Therapeutics, Inc. Common Stock",2834,35,Health Care,3520,"Pharmaceuticals, Biotechnology & Life Sciences",352010,Biotechnology,35201010,Biotechnology,0.900,model+crosswalk,
SPRU,Spruce Power Holding Corporation,4911,20,Industrials,2010,Capital Goods,201040,Electrical Equipment,20104010,Electrical Components & Equipment,0.600,yahoo,
SPRY,"ARS Pharmaceuticals, Inc. Common Stock",2834,35,Health Care,3520,"Pharmaceuticals, Biotechnology & Life Sciences",352010,Biotechnology,35201010,Biotechnology,0.900,model+crosswalk,
SPSC,"SPS Commerce, Inc.",7372,45,Information Technology,4510,Software & Services,451030,Software,45103010,Application Software,0.900,model+crosswalk,
SPT,"Sprout Social, Inc Class A Common Stock",7372,45,Information Technology,4510,Software & Services,451030,Software,45103010,Application Software,0.900,model+crosswalk,
SPTX,"Seaport Therapeutics, Inc. Common Stock",2834,35,Health Care,3520,"Pharmaceuticals, Biotechnology & Life Sciences",352010,Biotechnology,35201010,Biotechnology,0.900,model+crosswalk,
SPWH,"Sportsman's Warehouse Holdings, Inc.",5940,25,Consumer Discretionary,2550,Consumer Discretionary Distribution & Retail,255040,Specialty Retail,25504020,Computer & Electronics Retail,0.750,yahoo+sic,
SPWR,SunPower Inc. Common Stock,1700,20,Industrials,2010,Capital Goods,201040,Electrical Equipment,20104010,Electrical Components & Equipment,0.750,yahoo+sic,
SPXC,"SPX Technologies, Inc.",3540,20,Industrials,2010,Capital Goods,201020,Building Products,20102010,Building Products,0.750,model+crosswalk,
SQFT,"Presidio Property Trust, Inc. Class A Common Stock",6798,60,Real Estate,6010,Equity Real Estate Investment Trusts (REITs),601010,Diversified REITs,60101010,Diversified REITs,0.750,yahoo+sic,
SR,Spire Inc.,4924,55,Utilities,5510,Utilities,551020,Gas Utilities,55102010,Gas Utilities,0.900,model+crosswalk,
SRAD,Sportradar Group AG Class A Ordinary Shares,7370,45,Information Technology,4510,Software & Services,451030,Software,45103010,Application Software,0.900,model+crosswalk,
SRBK,"SR Bancorp, Inc. Common stock",6036,40,Financials,4010,Banks,401010,Banks,40101015,Regional Banks,0.900,model+crosswalk,
SRCE,1st Source Corp,6022,40,Financials,4010,Banks,401010,Banks,40101015,Regional Banks,0.900,model+crosswalk,
SRE,Sempra,4932,55,Utilities,5510,Utilities,551030,Multi-Utilities,55103010,Multi-Utilities,0.750,yahoo+sic,
SRFM,Surf Air Mobility Inc.,4522,20,Industrials,2030,Transportation,203020,Passenger Airlines,20302010,Passenger Airlines,0.900,model+crosswalk,
SRG,"Seritage Growth Properties Class A common shares of beneficial interest, par value $0.01",6500,60,Real Estate,6020,Real Estate Management & Development,602010,Real Estate Management & Development,60201040,Real Estate Services,0.750,model+crosswalk,
SRI,"Stoneridge, Inc",3714,25,Consumer Discretionary,2510,Automobiles & Components,251010,Automobile Components,25101010,Automotive Parts & Equipment,0.900,model+crosswalk,
SRL,Scully Royalty Ltd. Common Shares,6795,40,Financials,4020,Financial Services,402030,Capital Markets,40203020,Investment Banking & Brokerage,0.600,model+crosswalk,
SRLY,STHN REALTY CO CAL,,10,Energy,1010,Energy,101020,"Oil, Gas & Consumable Fuels",10102020,Oil & Gas Exploration & Production,0.650,model+crosswalk,
SRNE,SORRENTO THERAPEUTICS INC,,35,Health Care,3520,"Pharmaceuticals, Biotechnology & Life Sciences",352010,Biotechnology,35201010,Biotechnology,0.918,model+crosswalk,
SRNW,STRATOS RENEWABLE CORP,,,,,,,,,,,,shell_company
SRPBF,STARTS PUBLISHING CORP,,,,,,,,,,,,no_evidence
SRPT,"Sarepta Therapeutics,, Inc. Common Stock",2834,35,Health Care,3520,"Pharmaceuticals, Biotechnology & Life Sciences",352010,Biotechnology,35201010,Biotechnology,0.900,model+crosswalk,
SRRE,SUNRISE RL EST GROUP INC,,60,Real Estate,6020,Real Estate Management & Development,602010,Real Estate Management & Development,60201030,Real Estate Development,0.650,model+crosswalk,
SRRK,Scholar Rock Holding Corporation Common Stock,2836,35,Health Care,3520,"Pharmaceuticals, Biotechnology & Life Sciences",352010,Biotechnology,35201010,Biotechnology,0.900,model+crosswalk,
SRTA,"Strata Critical Medical, Inc. Class A Common Stock",8000,35,Health Care,3510,Health Care Equipment & Services,351020,Health Care Providers & Services,35102020,Health Care Facilities,0.900,model+crosswalk,
SRTS,"Sensus Healthcare, Inc",3841,35,Health Care,3510,Health Care Equipment & Services,351010,Health Care Equipment & Supplies,35101010,Health Care Equipment,0.900,model+crosswalk,
SRXH,SRX Global Inc,2080,30,Consumer Staples,3020,"Food, Beverage & Tobacco",302020,Food Products,30202030,Packaged Foods & Meats,0.750,model+crosswalk,
SRZN,"Surrozen, Inc. Common",2836,35,Health Care,3520,"Pharmaceuticals, Biotechnology & Life Sciences",352010,Biotechnology,35201010,Biotechnology,0.900,model+crosswalk,
SSAC,SPACSphere Acquisition Corp. Class A Ordinary Shares,6770,,,,,,,,,,,shell_company
SSB,SouthState Bank Corporation,6022,40,Financials,4010,Banks,401010,Banks,40101015,Regional Banks,0.903,model+crosswalk,
SSBI,Summit State Bank,,40,Financials,4010,Banks,401010,Banks,40101015,Regional Banks,0.650,model+crosswalk,
SSD,"Simpson Manufacturing Co., Inc.",3420,15,Materials,1510,Materials,151050,Paper & Forest Products,15105010,Forest Products,0.600,yahoo,
SSEA,Starry Sea Acquisition Corp Ordinary Shares,6770,,,,,,,,,,,shell_company
SSHLF,SUNAC SVCS HLDGS LTD,,60,Real Estate,6020,Real Estate Management & Development,602010,Real Estate Management & Development,60201040,Real Estate Services,0.650,model+crosswalk,
SSII,SS Innovations International Inc. Common Stock,3841,35,Health Care,3510,Health Care Equipment & Services,351010,Health Care Equipment & Supplies,35101010,Health Care Equipment,0.900,model+crosswalk,
SSM,Sono Group N.V. Ordinary Shares,3674,25,Consumer Discretionary,2510,Automobiles & Components,251020,Automobiles,25102010,Automobile Manufacturers,0.600,yahoo,
SSMR,Sunshine Silver Mining & Refining Company,1040,15,Materials,1510,Materials,151040,Metals & Mining,15104020,Diversified Metals & Mining,0.750,yahoo+sic,
SSNC,SS&C Technologies Inc,7372,45,Information Technology,4510,Software & Services,451030,Software,45103010,Application Software,0.900,model+crosswalk,
SSOK,SUNSTOCK INC,,25,Consumer Discretionary,2520,Consumer Durables & Apparel,252030,"Textiles, Apparel & Luxury Goods",25203010,"Apparel, Accessories & Luxury Goods",0.781,model+crosswalk,
SSP,The E.W. Scripps Company,4833,50,Communication Services,5020,Media & Entertainment,502010,Media,50201020,Broadcasting,0.900,model+crosswalk,
SSRM,SSR Mining Inc.,6795,15,Materials,1510,Materials,151040,Metals & Mining,15104030,Gold,0.900,model+crosswalk,
SST,"System1, Inc.",7370,20,Industrials,2020,Commercial & Professional Services,202020,Professional Services,20202030,Data Processing & Outsourced Services,0.600,yahoo,
SSTI,"SoundThinking, Inc. Common Stock",7372,45,Information Technology,4510,Software & Services,451030,Software,45103010,Application Software,0.600,model+crosswalk,
SSTK,"SHUTTERSTOCK, INC.",7374,50,Communication Services,5020,Media & Entertainment,502030,Interactive Media & Services,50203010,Interactive Media & Services,0.600,model+crosswalk,
SSYS,Stratasys Inc (ISRAEL),3577,45,Information Technology,4520,Technology Hardware & Equipment,452020,"Technology Hardware, Storage & Peripherals",45202030,"Technology Hardware, Storage & Peripherals",0.900,model+crosswalk,
ST,Sensata Technologies Holding plc,3823,45,Information Technology,4520,Technology Hardware & Equipment,452030,"Electronic Equipment, Instruments & Components",45203010,Electronic Equipment & Instruments,0.900,model+crosswalk,
STAA,Staar Surgical Co,3851,35,Health Care,3510,Health Care Equipment & Services,351010,Health Care Equipment & Supplies,35101010,Health Care Equipment,0.750,yahoo+sic,
STAB,STATERA BIOPHARMA INC,,35,Health Care,3520,"Pharmaceuticals, Biotechnology & Life Sciences",352010,Biotechnology,35201010,Biotechnology,0.650,model+crosswalk,
STAG,"STAG INDUSTRIAL, INC.",6798,60,Real Estate,6010,Equity Real Estate Investment Trusts (REITs),601025,Industrial REITs,60102510,Industrial REITs,0.900,model+crosswalk,
STAK,STAK Inc. Class A Ordinary Shares,3533,10,Energy,1010,Energy,101010,Energy Equipment & Services,10101020,Oil & Gas Equipment & Services,0.900,model+crosswalk,
STBA,S&T Bancorp Inc,6022,40,Financials,4010,Banks,401010,Banks,40101015,Regional Banks,0.936,model+crosswalk,
STC,Stewart Information Services Corporation,6361,40,Financials,4030,Insurance,403010,Insurance,40301040,Property & Casualty Insurance,0.900,model+crosswalk,
STCXF,MML ACQUISITION CORP,,50,Communication Services,5020,Media & Entertainment,502020,Entertainment,50202010,Movies & Entertainment,0.771,model+crosswalk,
STDN,"Standard Nuclear, Inc.",2810,15,Materials,1510,Materials,151010,Chemicals,15101050,Specialty Chemicals,0.750,model+crosswalk,
STE,STERIS plc,3842,35,Health Care,3510,Health Care Equipment & Services,351010,Health Care Equipment & Supplies,35101010,Health Care Equipment,0.750,yahoo+sic,
STEM,"Stem, Inc.",7373,55,Utilities,5510,Utilities,551050,Independent Power and Renewable Electricity Producers,55105020,Renewable Electricity,0.600,model+crosswalk,
STEP,StepStone Group Inc. Class A Common Stock,6282,40,Financials,4020,Financial Services,402030,Capital Markets,40203010,Asset Management & Custody Banks,0.900,model+crosswalk,
STEX,Streamex Corp. Common Stock,3845,40,Financials,4020,Financial Services,402030,Capital Markets,40203020,Investment Banking & Brokerage,0.600,model+crosswalk,
STFS,Star Fashion Culture Holdings Limited Class A Ordinary Shares,7310,50,Communication Services,5020,Media & Entertainment,502010,Media,50201010,Advertising,0.900,model+crosswalk,
STGW,Stagwell Inc. Class A Common Stock,7311,50,Communication Services,5020,Media & Entertainment,502010,Media,50201010,Advertising,0.900,model+crosswalk,
STHO,Star Holdings Shares of Beneficial Interest,6519,60,Real Estate,6020,Real Estate Management & Development,602010,Real Estate Management & Development,60201040,Real Estate Services,0.750,model+crosswalk,
STI,"Solidion Technology, Inc. Common Stock",3690,20,Industrials,2010,Capital Goods,201040,Electrical Equipment,20104010,Electrical Components & Equipment,0.900,model+crosswalk,
STIM,"Neuronetics, Inc. Common Stock",3841,35,Health Care,3510,Health Care Equipment & Services,351010,Health Care Equipment & Supplies,35101010,Health Care Equipment,0.900,model+crosswalk,
STIXF,SEMANTIX INC A,,45,Information Technology,4510,Software & Services,451030,Software,45103010,Application Software,0.987,model+crosswalk,
STKE,Sol Strategies Inc. Common Shares,6199,40,Financials,4020,Financial Services,402030,Capital Markets,40203020,Investment Banking & Brokerage,0.600,yahoo,
STKS,"The ONE Group Hospitality, Inc. Common Stock",5812,25,Consumer Discretionary,2530,Consumer Services,253010,"Hotels, Restaurants & Leisure",25301040,Restaurants,0.900,model+crosswalk,
STLA,Stellantis N.V.,3711,25,Consumer Discretionary,2510,Automobiles & Components,251020,Automobiles,25102010,Automobile Manufacturers,0.900,model+crosswalk,
STLD,Steel Dynamics Inc,3312,15,Materials,1510,Materials,151040,Metals & Mining,15104050,Steel,0.900,model+crosswalk,
STLE,STEELE BANCORP INC,,40,Financials,4010,Banks,401010,Banks,40101015,Regional Banks,0.650,model+crosswalk,
STLN,"Starling Oncology, Inc. Common Stock",,35,Health Care,3510,Health Care Equipment & Services,351020,Health Care Providers & Services,35102020,Health Care Facilities,0.826,model+crosswalk,
STM,STMicroelectronics N.V.,3674,45,Information Technology,4530,Semiconductors & Semiconductor Equipment,453010,Semiconductors & Semiconductor Equipment,45301020,Semiconductors,0.920,model+crosswalk,
STMH,STEM HLDGS INC,,35,Health Care,3520,"Pharmaceuticals, Biotechnology & Life Sciences",352020,Pharmaceuticals,35202010,Pharmaceuticals,0.826,model+crosswalk,
STN,"Stantec, Inc.",8711,20,Industrials,2010,Capital Goods,201030,Construction & Engineering,20103010,Construction & Engineering,0.900,model+crosswalk,
STNE,StoneCo Ltd. Class A Common Shares,7374,40,Financials,4020,Financial Services,402010,Financial Services,40201060,Transaction & Payment Processing Services,0.900,model+crosswalk,
STNG,Scorpio Tankers Inc.,4412,10,Energy,1010,Energy,101020,"Oil, Gas & Consumable Fuels",10102040,Oil & Gas Storage & Transportation,0.600,yahoo,
STOK,"Stoke Therapeutics, Inc. Common Stock",2834,35,Health Care,3520,"Pharmaceuticals, Biotechnology & Life Sciences",352010,Biotechnology,35201010,Biotechnology,0.900,model+crosswalk,
STRA,"Strategic Education, Inc. Common Stock",8200,25,Consumer Discretionary,2530,Consumer Services,253020,Diversified Consumer Services,25302010,Education Services,0.900,model+crosswalk,
STRL,"Sterling Infrastructure, Inc. Common Stock",1600,20,Industrials,2010,Capital Goods,201030,Construction & Engineering,20103010,Construction & Engineering,0.900,model+crosswalk,
STRO,"Sutro Biopharma, Inc.",2836,35,Health Care,3520,"Pharmaceuticals, Biotechnology & Life Sciences",352010,Biotechnology,35201010,Biotechnology,0.900,model+crosswalk,
STRR,"Star Equity Holdings, Inc. Common Stock",7363,20,Industrials,2020,Commercial & Professional Services,202020,Professional Services,20202010,Human Resource & Employment Services,0.900,model+crosswalk,
STRT,Strattec Security Corp,3714,25,Consumer Discretionary,2510,Automobiles & Components,251010,Automobile Components,25101010,Automotive Parts & Equipment,0.900,model+crosswalk,
STRW,"Strawberry Fields REIT, Inc.",6798,60,Real Estate,6010,Equity Real Estate Investment Trusts (REITs),601050,Health Care REITs,60105010,Health Care REITs,0.900,model+crosswalk,
STRZ,Starz Entertainment Corp. Common Shares,7812,50,Communication Services,5020,Media & Entertainment,502020,Entertainment,50202010,Movies & Entertainment,0.900,model+crosswalk,
STT,State Street Corporation,6022,40,Financials,4020,Financial Services,402030,Capital Markets,40203010,Asset Management & Custody Banks,0.700,model+crosswalk,
STTK,"Shattuck Labs, Inc. Common Stock",2834,35,Health Care,3520,"Pharmaceuticals, Biotechnology & Life Sciences",352010,Biotechnology,35201010,Biotechnology,0.900,model+crosswalk,
STUB,"StubHub Holdings, Inc.",7990,50,Communication Services,5020,Media & Entertainment,502030,Interactive Media & Services,50203010,Interactive Media & Services,0.750,model+crosswalk,
STVN,Stevanato Group S.p.A.,3841,35,Health Care,3510,Health Care Equipment & Services,351010,Health Care Equipment & Supplies,35101020,Health Care Supplies,0.750,model+crosswalk,
STWD,"STARWOOD PROPERTY TRUST, INC.",6798,40,Financials,4020,Financial Services,402040,Mortgage Real Estate Investment Trusts,40204010,Mortgage REITs,0.939,model+crosswalk,
STX,Seagate Technology Holdings PLC Ordinary Shares (Ireland),3572,45,Information Technology,4520,Technology Hardware & Equipment,452020,"Technology Hardware, Storage & Peripherals",45202030,"Technology Hardware, Storage & Peripherals",0.900,model+crosswalk,
STXS,"Stereotaxis, Inc. Common Stock",3845,35,Health Care,3510,Health Care Equipment & Services,351010,Health Care Equipment & Supplies,35101010,Health Care Equipment,0.900,model+crosswalk,
STZ,"Constellation Brands, Inc.",2080,30,Consumer Staples,3020,"Food, Beverage & Tobacco",302010,Beverages,30201010,Brewers,0.900,model+crosswalk,
SU,"Suncor Energy, Inc.",2911,10,Energy,1010,Energy,101020,"Oil, Gas & Consumable Fuels",10102010,Integrated Oil & Gas,0.750,yahoo+sic,
SUGP,SU Group Holdings Limited Class A Ordinary Shares,7381,20,Industrials,2020,Commercial & Professional Services,202010,Commercial Services & Supplies,20201080,Security & Alarm Services,0.900,model+crosswalk,
SUI,"Sun Communities, Inc",6798,60,Real Estate,6010,Equity Real Estate Investment Trusts (REITs),601060,Residential REITs,60106020,Single-Family Residential REITs,0.900,model+crosswalk,
SUIC,SUIC WORLDWIDE HOLDINGS,,45,Information Technology,4510,Software & Services,451020,IT Services,45102010,IT Consulting & Other Services,0.650,model+crosswalk,
SUIG,Sui Group Holdings Limited Common Stock,6199,40,Financials,4020,Financial Services,402020,Consumer Finance,40202010,Consumer Finance,0.750,yahoo+sic,
SUJA,"Suja Life, Inc. Class A Common Stock",2080,30,Consumer Staples,3020,"Food, Beverage & Tobacco",302010,Beverages,30201030,Soft Drinks & Non-alcoholic Beverages,0.900,model+crosswalk,
SUMA,SUMA Acquisition Corporation Class A Ordinary Shares,6770,,,,,,,,,,,shell_company
SUN,SUNOCO L.P.,2911,10,Energy,1010,Energy,101020,"Oil, Gas & Consumable Fuels",10102030,Oil & Gas Refining & Marketing,0.900,model+crosswalk,
SUNB,"Sunbelt Rentals Holdings, Inc.",7359,20,Industrials,2010,Capital Goods,201070,Trading Companies & Distributors,20107010,Trading Companies & Distributors,0.900,model+crosswalk,
SUNC,SunocoCorp LLC,2911,10,Energy,1010,Energy,101020,"Oil, Gas & Consumable Fuels",10102040,Oil & Gas Storage & Transportation,0.750,yahoo+sic,
SUNE,"SUNation Energy, Inc. Common Stock",1700,20,Industrials,2010,Capital Goods,201040,Electrical Equipment,20104010,Electrical Components & Equipment,0.750,yahoo+sic,
SUNS,"Sunrise Realty Trust, Inc. Common Stock",6798,40,Financials,4020,Financial Services,402040,Mortgage Real Estate Investment Trusts,40204010,Mortgage REITs,0.900,model+crosswalk,
SUPN,"Supernus Pharmaceuticals, Inc.",2834,35,Health Care,3520,"Pharmaceuticals, Biotechnology & Life Sciences",352020,Pharmaceuticals,35202010,Pharmaceuticals,0.900,model+crosswalk,
SUPX,SuperX AI Technology Limited Ordinary Shares,8742,45,Information Technology,4510,Software & Services,451020,IT Services,45102030,Internet Services & Infrastructure,0.600,model+crosswalk,
SURG,"SurgePays, Inc. Common Stock",4813,50,Communication Services,5010,Telecommunication Services,501020,Wireless Telecommunication Services,50102010,Wireless Telecommunication Services,0.750,yahoo+sic,
SVA,"Sinovac Biotech, Ltd",2834,35,Health Care,3520,"Pharmaceuticals, Biotechnology & Life Sciences",352010,Biotechnology,35201010,Biotechnology,0.550,model+crosswalk,
SVAQ,Silicon Valley Acquisition Corp. Class A Ordinary Shares,6770,,,,,,,,,,,shell_company
SVBT,SVB&T CORP,,40,Financials,4010,Banks,401010,Banks,40101015,Regional Banks,0.650,model+crosswalk,
SVC,Service Properties Trust Common Stock,6798,60,Real Estate,6010,Equity Real Estate Investment Trusts (REITs),601030,Hotel & Resort REITs,60103010,Hotel & Resort REITs,0.900,model+crosswalk,
SVCC,Stellar V Capital Corp. Class A Ordinary Shares,6770,,,,,,,,,,,shell_company
SVCO,"Silvaco Group, Inc. Common Stock",7372,45,Information Technology,4510,Software & Services,451030,Software,45103010,Application Software,0.900,model+crosswalk,
SVIA,"Silvia, Inc. Common Stock",6199,40,Financials,4020,Financial Services,402030,Capital Markets,40203020,Investment Banking & Brokerage,0.750,model+crosswalk,
SVIV,Spring Valley Acquisition Corp. IV Class A Ordinary Shares,6770,,,,,,,,,,,shell_company
SVM,Silvercorp Metals Inc. Common Shares,1040,15,Materials,1510,Materials,151040,Metals & Mining,15104045,Silver,0.903,model+crosswalk,
SVMB,JINGBO TECHNOLOGY INC,,45,Information Technology,4510,Software & Services,451030,Software,45103010,Application Software,0.915,model+crosswalk,
SVRA,Savara Inc.,2834,35,Health Care,3520,"Pharmaceuticals, Biotechnology & Life Sciences",352010,Biotechnology,35201010,Biotechnology,0.900,model+crosswalk,
SVRN,"SVRN, Inc. Common Stock",4412,40,Financials,4020,Financial Services,402030,Capital Markets,40203010,Asset Management & Custody Banks,0.600,yahoo,
SVV,"Savers Value Village, Inc.",5900,25,Consumer Discretionary,2550,Consumer Discretionary Distribution & Retail,255040,Specialty Retail,25504010,Apparel Retail,0.750,yahoo+sic,
SVVC,FIRSTHAND TEC VAL FUND,,,,,,,,,,,,not_common_equity
SW,Smurfit Westrock plc,2650,15,Materials,1510,Materials,151030,Containers & Packaging,15103020,Paper & Plastic Packaging Products & Materials,0.909,model+crosswalk,
SWAG,"Stran & Company, Inc. Common Stock",7311,50,Communication Services,5020,Media & Entertainment,502010,Media,50201010,Advertising,0.900,model+crosswalk,
SWBI,"Smith & Wesson Brands, Inc. Common Stock",3480,20,Industrials,2010,Capital Goods,201010,Aerospace & Defense,20101010,Aerospace & Defense,0.600,model+crosswalk,
SWDR,STARWOOD RL EST INC CL I,,,,,,,,,,,,no_evidence
SWDS,STARWOOD REAL ESTATE S,,,,,,,,,,,,no_evidence
SWGHF,SAWAI GROUP HLDGS CO LTD,,35,Health Care,3520,"Pharmaceuticals, Biotechnology & Life Sciences",352020,Pharmaceuticals,35202010,Pharmaceuticals,0.650,model+crosswalk,
SWIM,"Latham Group, Inc. Common Stock",3089,20,Industrials,2010,Capital Goods,201020,Building Products,20102010,Building Products,0.600,model+crosswalk,
SWK,"Stanley Black & Decker, Inc.",3420,20,Industrials,2010,Capital Goods,201060,Machinery,20106020,Industrial Machinery & Supplies & Components,0.900,model+crosswalk,
SWKHL,SWK Holdings Corporation 9.00% Senior Notes due 2027,6159,,,,,,,,,,,not_common_equity
SWKS,Skyworks Solutions Inc,3674,45,Information Technology,4530,Semiconductors & Semiconductor Equipment,453010,Semiconductors & Semiconductor Equipment,45301020,Semiconductors,0.900,model+crosswalk,
SWMR,"Swarmer, Inc Common Stock",7372,45,Information Technology,4510,Software & Services,451030,Software,45103020,Systems Software,0.900,model+crosswalk,
SWRD,"Stewards, Inc. Common Stock",6153,40,Financials,4020,Financial Services,402020,Consumer Finance,40202010,Consumer Finance,0.750,model+crosswalk,
SWVL,Swvl Holdings Corp Class A Common Shares,7389,20,Industrials,2030,Transportation,203040,Ground Transportation,20304010,Rail Transportation,0.600,yahoo,
SWX,"Southwest Gas Holdings, Inc.",4923,55,Utilities,5510,Utilities,551020,Gas Utilities,55102010,Gas Utilities,0.900,model+crosswalk,
SXC,SUNCOKE ENERGY INC,3312,15,Materials,1510,Materials,151040,Metals & Mining,15104050,Steel,0.910,model+crosswalk,
SXI,Standex International Corporation,3580,20,Industrials,2010,Capital Goods,201040,Electrical Equipment,20104020,Heavy Electrical Equipment,0.750,yahoo+sic,
SXT,Sensient Technology Corporation,2860,15,Materials,1510,Materials,151010,Chemicals,15101050,Specialty Chemicals,0.900,model+crosswalk,
SXTC,"China SXT Pharmaceuticals, Inc. Class A Ordinary Shares",2834,35,Health Care,3520,"Pharmaceuticals, Biotechnology & Life Sciences",352020,Pharmaceuticals,35202010,Pharmaceuticals,0.900,model+crosswalk,
SXTP,"60 Degrees Pharmaceuticals, Inc. Common Stock",2834,35,Health Care,3520,"Pharmaceuticals, Biotechnology & Life Sciences",352010,Biotechnology,35201010,Biotechnology,0.750,model+crosswalk,
SYBT,"Stock Yards Bancorp, Inc.",6022,40,Financials,4010,Banks,401010,Banks,40101015,Regional Banks,0.900,model+crosswalk,
SYF,SYNCHRONY FINANCIAL,6199,40,Financials,4020,Financial Services,402010,Financial Services,40201060,Transaction & Payment Processing Services,0.900,model+crosswalk,
SYK,Stryker Corporation,3841,35,Health Care,3510,Health Care Equipment & Services,351010,Health Care Equipment & Supplies,35101020,Health Care Supplies,0.900,model+crosswalk,
SYM,Symbotic Inc. Class A Common Stock,3569,20,Industrials,2010,Capital Goods,201060,Machinery,20106020,Industrial Machinery & Supplies & Components,0.900,model+crosswalk,
SYNA,Synaptics Inc,3674,45,Information Technology,4530,Semiconductors & Semiconductor Equipment,453010,Semiconductors & Semiconductor Equipment,45301020,Semiconductors,0.900,model+crosswalk,
SYNX,Silynxcom Ltd.,3651,45,Information Technology,4520,Technology Hardware & Equipment,452010,Communications Equipment,45201020,Communications Equipment,0.600,model+crosswalk,
SYPOF,SYSTEMPRO CO LTD,,45,Information Technology,4510,Software & Services,451020,IT Services,45102010,IT Consulting & Other Services,0.650,model+crosswalk,
SYPR,Sypris Solutions Inc,3823,25,Consumer Discretionary,2510,Automobiles & Components,251010,Automobile Components,25101010,Automotive Parts & Equipment,0.600,yahoo,
SYRE,"Spyre Therapeutics, Inc. Common Stock",2834,35,Health Care,3520,"Pharmaceuticals, Biotechnology & Life Sciences",352010,Biotechnology,35201010,Biotechnology,0.900,model+crosswalk,
SYRS,SYROS PHARMACEUTICALS INC,,35,Health Care,3520,"Pharmaceuticals, Biotechnology & Life Sciences",352010,Biotechnology,35201010,Biotechnology,0.858,model+crosswalk,
SYY,Sysco Corporation,5140,30,Consumer Staples,3010,Consumer Staples Distribution & Retail,301010,Consumer Staples Distribution & Retail,30101020,Food Distributors,0.900,model+crosswalk,
SZZL,Sizzle Acquisition Corp. II Class A ordinary shares,6770,,,,,,,,,,,shell_company
T,AT&T Inc.,4813,50,Communication Services,5010,Telecommunication Services,501020,Wireless Telecommunication Services,50102010,Wireless Telecommunication Services,0.750,model+crosswalk,
TAC,TransAlta Corporation,4911,55,Utilities,5510,Utilities,551050,Independent Power and Renewable Electricity Producers,55105010,Independent Power Producers & Energy Traders,0.750,model+crosswalk,
TACH,Titan Acquisition Corp. Class A Ordinary Shares,6770,,,,,,,,,,,shell_company
TACO,Berto Acquisition Corp. Ordinary Shares,6770,,,,,,,,,,,shell_company
TACT,Transact Technologies Inc,3577,45,Information Technology,4520,Technology Hardware & Equipment,452030,"Electronic Equipment, Instruments & Components",45203010,Electronic Equipment & Instruments,0.900,model+crosswalk,
TAIT,TAITRON COMPONENTS INC A,,45,Information Technology,4520,Technology Hardware & Equipment,452030,"Electronic Equipment, Instruments & Components",45203030,Technology Distributors,0.721,model+crosswalk,
TALO,"Talos Energy, Inc. Common Stock",1311,10,Energy,1010,Energy,101020,"Oil, Gas & Consumable Fuels",10102020,Oil & Gas Exploration & Production,0.940,model+crosswalk,
TANH,Tantech Holdings Ltd. Class A Common Shares,2860,30,Consumer Staples,3030,Household & Personal Products,303010,Household Products,30301010,Household Products,0.600,yahoo,
TAOP,Taoping Inc. BVI Ordinary Shares (0 par),7372,45,Information Technology,4510,Software & Services,451030,Software,45103020,Systems Software,0.750,yahoo+sic,
TAOX,Tao Synergies Inc. Common Stock,6199,40,Financials,4020,Financial Services,402030,Capital Markets,40203020,Investment Banking & Brokerage,0.750,yahoo+sic,
TAP,Molson Coors Beverage Company Class B,2082,30,Consumer Staples,3020,"Food, Beverage & Tobacco",302010,Beverages,30201010,Brewers,0.932,model+crosswalk,
TAP.A,Molson Coors Beverage Company Class A,2082,30,Consumer Staples,3020,"Food, Beverage & Tobacco",302010,Beverages,30201010,Brewers,0.932,model+crosswalk,
TARA,"Protara Therapeutics, Inc. Common Stock",2836,35,Health Care,3520,"Pharmaceuticals, Biotechnology & Life Sciences",352010,Biotechnology,35201010,Biotechnology,0.900,model+crosswalk,
TARS,"Tarsus Pharmaceuticals, Inc. Common Stock",2836,35,Health Care,3520,"Pharmaceuticals, Biotechnology & Life Sciences",352010,Biotechnology,35201010,Biotechnology,0.900,model+crosswalk,
TASK,"TaskUs, Inc. Class A Common Stock",7374,20,Industrials,2020,Commercial & Professional Services,202020,Professional Services,20202030,Data Processing & Outsourced Services,0.600,yahoo,
TATT,TAT Technologies Ltd,3724,20,Industrials,2010,Capital Goods,201010,Aerospace & Defense,20101010,Aerospace & Defense,0.900,model+crosswalk,
TAVI,Tavia Acquisition Corp. Ordinary Shares,6770,,,,,,,,,,,shell_company
TAYD,Taylor Devices Inc,3569,20,Industrials,2010,Capital Goods,201060,Machinery,20106010,Construction Machinery & Heavy Transportation Equipment,0.750,yahoo+sic,
TBBB,BBB Foods Inc.,5411,30,Consumer Staples,3010,Consumer Staples Distribution & Retail,301010,Consumer Staples Distribution & Retail,30101040,Consumer Staples Merchandise Retail,0.750,yahoo+sic,
TBBK,The Bancorp Inc.,6021,40,Financials,4010,Banks,401010,Banks,40101015,Regional Banks,0.900,model+crosswalk,
TBCH,Turtle Beach Corporation Common Stock,3669,25,Consumer Discretionary,2520,Consumer Durables & Apparel,252010,Household Durables,25201010,Consumer Electronics,0.600,yahoo,
TBI,"Trueblue, Inc.",7363,20,Industrials,2020,Commercial & Professional Services,202020,Professional Services,20202010,Human Resource & Employment Services,0.900,model+crosswalk,
TBLA,Taboola.com Ltd. Ordinary Shares,7370,50,Communication Services,5020,Media & Entertainment,502030,Interactive Media & Services,50203010,Interactive Media & Services,0.600,model+crosswalk,
TBLD,Thornburg Income Builder Opportunities Trust Common Stock,,,,,,,,,,,,not_common_equity
TBN,Tamboran Resources Corporation,1311,10,Energy,1010,Energy,101020,"Oil, Gas & Consumable Fuels",10102020,Oil & Gas Exploration & Production,0.900,model+crosswalk,
TBPH,"Theravance Biopharma, Inc.",2834,35,Health Care,3520,"Pharmaceuticals, Biotechnology & Life Sciences",352010,Biotechnology,35201010,Biotechnology,0.900,model+crosswalk,
TBTC,TABLE TRAC INC,,25,Consumer Discretionary,2530,Consumer Services,253010,"Hotels, Restaurants & Leisure",25301010,Casinos & Gaming,0.650,model+crosswalk,
TCBI,"Texas Capital Bancshares, Inc.",6022,40,Financials,4010,Banks,401010,Banks,40101015,Regional Banks,0.902,model+crosswalk,
TCBK,Trico Bancshares,6022,40,Financials,4010,Banks,401010,Banks,40101015,Regional Banks,0.904,model+crosswalk,
TCBS,"Texas Community Bancshares, Inc. Common Stock",6036,40,Financials,4010,Banks,401010,Banks,40101015,Regional Banks,0.900,model+crosswalk,
TCBX,"Third Coast Bancshares, Inc. Common Stock",6036,40,Financials,4010,Banks,401010,Banks,40101015,Regional Banks,0.900,model+crosswalk,
TCGX,TCGX Acquisition Corp. Class A Ordinary Shares,,,,,,,,,,,,shell_company
TCI,"Transcontinental Realty Investors, Inc.",6798,60,Real Estate,6020,Real Estate Management & Development,602010,Real Estate Management & Development,60201040,Real Estate Services,0.700,yahoo+sic,
TCMD,"Tactile Systems Technology, Inc.",3841,35,Health Care,3510,Health Care Equipment & Services,351010,Health Care Equipment & Supplies,35101010,Health Care Equipment,0.900,model+crosswalk,
TCPC,BlackRock TCP Capital Corp. Common Stock,,40,Financials,4020,Financial Services,402030,Capital Markets,40203010,Asset Management & Custody Banks,0.650,model+crosswalk,
TCRT,"Alaunos Therapeutics, Inc. Common Stock",2834,35,Health Care,3520,"Pharmaceuticals, Biotechnology & Life Sciences",352010,Biotechnology,35201010,Biotechnology,0.900,model+crosswalk,
TCRX,"TScan Therapeutics, Inc. Common Stock",2836,35,Health Care,3520,"Pharmaceuticals, Biotechnology & Life Sciences",352010,Biotechnology,35201010,Biotechnology,0.900,model+crosswalk,
TCX,"Tucows, Inc",7374,45,Information Technology,4510,Software & Services,451020,IT Services,45102030,Internet Services & Infrastructure,0.900,model+crosswalk,
TD,Toronto Dominion Bank,6029,40,Financials,4010,Banks,401010,Banks,40101010,Diversified Banks,0.750,yahoo+sic,
TDAC,Translational Development Acquisition Corp. Ordinary Shares,6770,,,,,,,,,,,shell_company
TDAY,"USA TODAY Co., Inc.",2711,50,Communication Services,5020,Media & Entertainment,502010,Media,50201040,Publishing,0.902,model+crosswalk,
TDC,TERADATA CORPORATION,7372,45,Information Technology,4510,Software & Services,451030,Software,45103010,Application Software,0.900,model+crosswalk,
TDCB,THIRD CENTURY BANCORP,,40,Financials,4010,Banks,401010,Banks,40101015,Regional Banks,0.650,model+crosswalk,
TDG,TransDigm Group Incorporated,3728,20,Industrials,2010,Capital Goods,201010,Aerospace & Defense,20101010,Aerospace & Defense,0.900,model+crosswalk,
TDIC,Dreamland Limited Class A Ordinary Shares,8741,50,Communication Services,5020,Media & Entertainment,502010,Media,50201010,Advertising,0.600,model+crosswalk,
TDLKF,TRADELINK ELEC COMMERCE,,,,,,,,,,,,no_evidence
TDOC,"Teladoc Health, Inc.",8011,35,Health Care,3510,Health Care Equipment & Services,351020,Health Care Providers & Services,35102015,Health Care Services,0.750,model+crosswalk,
TDS,Telephone and Data Systems Inc.,4813,50,Communication Services,5010,Telecommunication Services,501020,Wireless Telecommunication Services,50102010,Wireless Telecommunication Services,0.750,yahoo+sic,
TDTH,Trident Digital Tech Holdings Ltd Class B Ordinary Shares,7389,45,Information Technology,4510,Software & Services,451020,IT Services,45102010,IT Consulting & Other Services,0.600,yahoo,
TDUP,ThredUp Inc. Class A Common Stock,5961,25,Consumer Discretionary,2550,Consumer Discretionary Distribution & Retail,255040,Specialty Retail,25504010,Apparel Retail,0.900,model+crosswalk,
TDW,"Tidewater, Inc.",4400,10,Energy,1010,Energy,101010,Energy Equipment & Services,10101020,Oil & Gas Equipment & Services,0.600,model+crosswalk,
TDWD,Tailwind 2.0 Acquisition Corp. Class A Ordinary Shares,6770,,,,,,,,,,,shell_company
TDY,Teledyne Technologies Incorporated,3812,35,Health Care,3510,Health Care Equipment & Services,351010,Health Care Equipment & Supplies,35101010,Health Care Equipment,0.600,yahoo,
TE,T1 Energy Inc.,3674,20,Industrials,2010,Capital Goods,201040,Electrical Equipment,20104010,Electrical Components & Equipment,0.600,yahoo,
TEAD,Teads Holding Co. Common Stock,7370,50,Communication Services,5020,Media & Entertainment,502030,Interactive Media & Services,50203010,Interactive Media & Services,0.600,model+crosswalk,
TEAM,Atlassian Corporation Class A Common Stock,7372,45,Information Technology,4510,Software & Services,451030,Software,45103010,Application Software,0.900,model+crosswalk,
TECH,Bio-Techne Corp.,2836,35,Health Care,3520,"Pharmaceuticals, Biotechnology & Life Sciences",352010,Biotechnology,35201010,Biotechnology,0.900,model+crosswalk,
TECK,Teck Resources Limited,1400,15,Materials,1510,Materials,151040,Metals & Mining,15104025,Copper,0.750,yahoo+sic,
TECX,"Tectonic Therapeutic, Inc. Common Stock",2836,35,Health Care,3520,"Pharmaceuticals, Biotechnology & Life Sciences",352010,Biotechnology,35201010,Biotechnology,0.900,model+crosswalk,
TEIHF,TIANLI ED INTL HLDGS LTD,,,,,,,,,,,,no_evidence
TEKFF,GIG WKS INC,,,,,,,,,,,,no_evidence
TEL,TE Connectivity plc,5065,45,Information Technology,4520,Technology Hardware & Equipment,452030,"Electronic Equipment, Instruments & Components",45203015,Electronic Components,0.750,model+crosswalk,
TELA,"TELA Bio, Inc. Common Stock",3841,35,Health Care,3510,Health Care Equipment & Services,351010,Health Care Equipment & Supplies,35101010,Health Care Equipment,0.900,model+crosswalk,
TELO,"Telomir Pharmaceuticals, Inc. Common Stock",2834,35,Health Care,3520,"Pharmaceuticals, Biotechnology & Life Sciences",352010,Biotechnology,35201010,Biotechnology,0.900,model+crosswalk,
TEM,"Tempus AI, Inc. Class A Common Stock",7370,35,Health Care,3510,Health Care Equipment & Services,351030,Health Care Technology,35103010,Health Care Technology,0.600,yahoo,
TEN,Tsakos Energy Navigation Ltd.,4412,10,Energy,1010,Energy,101020,"Oil, Gas & Consumable Fuels",10102040,Oil & Gas Storage & Transportation,0.600,yahoo,
TENB,"Tenable Holdings, Inc.",7372,45,Information Technology,4510,Software & Services,451030,Software,45103020,Systems Software,0.900,model+crosswalk,
TENX,"Tenax Therapeutics, Inc.",2834,35,Health Care,3520,"Pharmaceuticals, Biotechnology & Life Sciences",352010,Biotechnology,35201010,Biotechnology,0.900,model+crosswalk,
TER,"Teradyne, Inc. Common Stock",3825,45,Information Technology,4530,Semiconductors & Semiconductor Equipment,453010,Semiconductors & Semiconductor Equipment,45301010,Semiconductor Materials & Equipment,0.700,model+crosswalk,
TEVA,Teva Pharmaceutical Industries Limited,2834,35,Health Care,3520,"Pharmaceuticals, Biotechnology & Life Sciences",352020,Pharmaceuticals,35202010,Pharmaceuticals,0.900,model+crosswalk,
TEX,Terex Corporation,3537,20,Industrials,2010,Capital Goods,201060,Machinery,20106015,Agricultural & Farm Machinery,0.750,yahoo+sic,
TFC,Truist Financial Corporation,6021,40,Financials,4010,Banks,401010,Banks,40101015,Regional Banks,0.900,model+crosswalk,
TFII,TFI International Inc.,4210,20,Industrials,2030,Transportation,203040,Ground Transportation,20304030,Cargo Ground Transportation,0.900,model+crosswalk,
TFIN,"Triumph Financial, Inc.",6022,40,Financials,4010,Banks,401010,Banks,40101015,Regional Banks,0.900,model+crosswalk,
TFPM,Triple Flag Precious Metals Corp.,6795,15,Materials,1510,Materials,151040,Metals & Mining,15104030,Gold,0.900,model+crosswalk,
TFSL,TFS Financial Corporation,6035,40,Financials,4010,Banks,401010,Banks,40101015,Regional Banks,0.900,model+crosswalk,
TFX,Teleflex Incorporated,3841,35,Health Care,3510,Health Care Equipment & Services,351010,Health Care Equipment & Supplies,35101020,Health Care Supplies,0.750,yahoo+sic,
TG,Tredegar Corporation,3350,20,Industrials,2010,Capital Goods,201060,Machinery,20106020,Industrial Machinery & Supplies & Components,0.600,model+crosswalk,
TGB,Trekor Metals Limited,1040,15,Materials,1510,Materials,151040,Metals & Mining,15104025,Copper,0.750,yahoo+sic,
TGE,The Generation Essentials Group,2721,40,Financials,4020,Financial Services,402030,Capital Markets,40203010,Asset Management & Custody Banks,0.600,yahoo,
TGEN,Tecogen Inc.,3585,20,Industrials,2010,Capital Goods,201040,Electrical Equipment,20104010,Electrical Components & Equipment,0.750,yahoo+sic,
TGHL,The GrowHub Limited Class A Ordinary Shares,7374,45,Information Technology,4510,Software & Services,451030,Software,45103020,Systems Software,0.600,yahoo,
TGL,Treasure Global Inc. Common Stock,7389,40,Financials,4020,Financial Services,402010,Financial Services,40201060,Transaction & Payment Processing Services,0.900,model+crosswalk,
TGLS,Tecnoglass Holdings Inc.,3211,20,Industrials,2010,Capital Goods,201020,Building Products,20102010,Building Products,0.900,model+crosswalk,
TGT,Target Corporation,5331,30,Consumer Staples,3010,Consumer Staples Distribution & Retail,301010,Consumer Staples Distribution & Retail,30101040,Consumer Staples Merchandise Retail,0.900,model+crosswalk,
TGTX,"TG Therapeutics, Inc.",2834,35,Health Care,3520,"Pharmaceuticals, Biotechnology & Life Sciences",352010,Biotechnology,35201010,Biotechnology,0.900,model+crosswalk,
TH,Target Hospitality Corp. Common Stock,7000,20,Industrials,2020,Commercial & Professional Services,202020,Professional Services,20202010,Human Resource & Employment Services,0.600,yahoo,
THC,Tenet Healthcare Corporation New,8062,35,Health Care,3510,Health Care Equipment & Services,351020,Health Care Providers & Services,35102015,Health Care Services,0.750,yahoo+sic,
THCH,TH International Limited Ordinary shares,5812,25,Consumer Discretionary,2530,Consumer Services,253010,"Hotels, Restaurants & Leisure",25301040,Restaurants,0.900,model+crosswalk,
THEO,BOA Acquisition Corp. II Class A Ordinary Shares,6770,,,,,,,,,,,shell_company
THFF,First Financial Corporation Common Stock,6022,40,Financials,4010,Banks,401010,Banks,40101015,Regional Banks,0.908,model+crosswalk,
THG,"The Hanover Insurance Group, Inc.",6331,40,Financials,4030,Insurance,403010,Insurance,40301040,Property & Casualty Insurance,0.904,model+crosswalk,
THH,TryHard Holdings Limited Ordinary Shares,7990,20,Industrials,2020,Commercial & Professional Services,202010,Commercial Services & Supplies,20201070,Diversified Support Services,0.600,yahoo,
THM,"International Tower Hill Mines, Ltd.",1000,15,Materials,1510,Materials,151040,Metals & Mining,15104030,Gold,0.900,model+crosswalk,
THO,"Thor Industries, Inc.",3716,25,Consumer Discretionary,2520,Consumer Durables & Apparel,252020,Leisure Products,25202010,Leisure Products,0.900,model+crosswalk,
THRM,Gentherm Inc,3714,25,Consumer Discretionary,2510,Automobiles & Components,251010,Automobile Components,25101010,Automotive Parts & Equipment,0.900,model+crosswalk,
THRY,"Thryv Holdings, Inc. Common Stock",7310,45,Information Technology,4510,Software & Services,451030,Software,45103010,Application Software,0.600,model+crosswalk,
THVB,THOMASVILLE BNCSHS INC,,40,Financials,4010,Banks,401010,Banks,40101015,Regional Banks,0.650,model+crosswalk,
TIC,"TIC Solutions, Inc",7389,20,Industrials,2020,Commercial & Professional Services,202010,Commercial Services & Supplies,20201050,Environmental & Facilities Services,0.750,yahoo+sic,
TIGO,Millicom International Cellular S.A. Common Stock,4812,50,Communication Services,5010,Telecommunication Services,501020,Wireless Telecommunication Services,50102010,Wireless Telecommunication Services,0.900,model+crosswalk,
TII,Titan Mining Corporation,1040,15,Materials,1510,Materials,151040,Metals & Mining,15104020,Diversified Metals & Mining,0.750,yahoo+sic,
TIL,"Instil Bio, Inc. Common Stock",2836,35,Health Care,3520,"Pharmaceuticals, Biotechnology & Life Sciences",352010,Biotechnology,35201010,Biotechnology,0.900,model+crosswalk,
TILE,Interface Inc,2273,20,Industrials,2010,Capital Goods,201020,Building Products,20102010,Building Products,0.600,yahoo,
TIPT,Tiptree Inc. Common Stock,6331,40,Financials,4020,Financial Services,402030,Capital Markets,40203010,Asset Management & Custody Banks,0.700,yahoo+sic,
TISI,"Team, Inc.",7600,20,Industrials,2020,Commercial & Professional Services,202010,Commercial Services & Supplies,20201070,Diversified Support Services,0.902,model+crosswalk,
TITN,Titan Machinery Inc.,5990,20,Industrials,2010,Capital Goods,201070,Trading Companies & Distributors,20107010,Trading Companies & Distributors,0.600,yahoo,
TJGC,TJGC Group Limited Class A Ordinary Shares,7311,50,Communication Services,5020,Media & Entertainment,502010,Media,50201010,Advertising,0.900,model+crosswalk,
TJX,"TJX Companies, Inc. (The)",5651,25,Consumer Discretionary,2550,Consumer Discretionary Distribution & Retail,255040,Specialty Retail,25504010,Apparel Retail,0.900,model+crosswalk,
TK,Teekay Corporation Ltd.,4412,10,Energy,1010,Energy,101020,"Oil, Gas & Consumable Fuels",10102040,Oil & Gas Storage & Transportation,0.600,yahoo,
TKLS,TRUTANKLESS INC,,25,Consumer Discretionary,2520,Consumer Durables & Apparel,252010,Household Durables,25201020,Home Furnishings,0.650,model+crosswalk,
TKMO,TEKUMO INC,,45,Information Technology,4510,Software & Services,451030,Software,45103010,Application Software,0.987,model+crosswalk,
TKNO,"Alpha Teknova, Inc. Common Stock",2835,35,Health Care,3520,"Pharmaceuticals, Biotechnology & Life Sciences",352020,Pharmaceuticals,35202010,Pharmaceuticals,0.700,model+crosswalk,
TKO,"TKO Group Holdings, Inc.",7900,50,Communication Services,5020,Media & Entertainment,502020,Entertainment,50202010,Movies & Entertainment,0.900,model+crosswalk,
TKR,The Timken Company,3562,20,Industrials,2010,Capital Goods,201060,Machinery,20106020,Industrial Machinery & Supplies & Components,0.900,model+crosswalk,
TKSDF,TAKARA STANDARD CO,,,,,,,,,,,,no_evidence
TKUNF,TIKUN OLAM CNNBIT PHM LTD,,35,Health Care,3520,"Pharmaceuticals, Biotechnology & Life Sciences",352020,Pharmaceuticals,35202010,Pharmaceuticals,0.884,model+crosswalk,
TKYRF,TOKYO ROPE MFG CO LTD,,,,,,,,,,,,no_evidence
TLAC,Three Lions Acquisition Corp. Ordinary Shares,,,,,,,,,,,,shell_company
TLF,"Tandy Leather Factory, Inc. Common Stock",3100,25,Consumer Discretionary,2550,Consumer Discretionary Distribution & Retail,255040,Specialty Retail,25504040,Other Specialty Retail,0.700,model+crosswalk,
TLIH,Ten-League International Holdings Limited Ordinary Shares,5080,20,Industrials,2010,Capital Goods,201070,Trading Companies & Distributors,20107010,Trading Companies & Distributors,0.900,model+crosswalk,
TLN,Talen Energy Corporation Common Stock,4911,55,Utilities,5510,Utilities,551050,Independent Power and Renewable Electricity Producers,55105010,Independent Power Producers & Energy Traders,0.918,model+crosswalk,
TLNC,Talon Capital Corp. Class A Ordinary Shares,6770,,,,,,,,,,,shell_company
TLPH,"Talphera, Inc. Common Stock",2834,35,Health Care,3520,"Pharmaceuticals, Biotechnology & Life Sciences",352020,Pharmaceuticals,35202010,Pharmaceuticals,0.750,model+crosswalk,
TLRY,"Tilray Brands, Inc. Common Stock",2833,35,Health Care,3520,"Pharmaceuticals, Biotechnology & Life Sciences",352020,Pharmaceuticals,35202010,Pharmaceuticals,0.600,model+crosswalk,
TLS,Telos Corporation Common Stock,7373,45,Information Technology,4510,Software & Services,451030,Software,45103020,Systems Software,0.900,model+crosswalk,
TLSA,Tiziana Life Sciences Ltd. Common Shares,2834,35,Health Care,3520,"Pharmaceuticals, Biotechnology & Life Sciences",352010,Biotechnology,35201010,Biotechnology,0.900,model+crosswalk,
TLSI,"TriSalus Life Sciences, Inc. Common Stock",3841,35,Health Care,3510,Health Care Equipment & Services,351010,Health Care Equipment & Supplies,35101010,Health Care Equipment,0.900,model+crosswalk,
TLYS,Tilly's Inc.,5600,25,Consumer Discretionary,2550,Consumer Discretionary Distribution & Retail,255040,Specialty Retail,25504010,Apparel Retail,0.900,model+crosswalk,
TMAK,TOUCHMARK BANCSHARES INC,,40,Financials,4010,Banks,401010,Banks,40101015,Regional Banks,0.650,model+crosswalk,
TMC,TMC the metals company Inc. Common Stock,1000,15,Materials,1510,Materials,151040,Metals & Mining,15104020,Diversified Metals & Mining,0.900,model+crosswalk,
TMCI,"Treace Medical Concepts, Inc. Common Stock",3841,35,Health Care,3510,Health Care Equipment & Services,351010,Health Care Equipment & Supplies,35101010,Health Care Equipment,0.900,model+crosswalk,
TMCR,The Metals Royalty Company Inc. Common Stock,1040,15,Materials,1510,Materials,151040,Metals & Mining,15104020,Diversified Metals & Mining,0.750,yahoo+sic,
TMDE,TMD Energy Limited,5172,10,Energy,1010,Energy,101020,"Oil, Gas & Consumable Fuels",10102040,Oil & Gas Storage & Transportation,0.900,model+crosswalk,
TMDX,"TransMedics Group, Inc. Common Stock",3845,35,Health Care,3510,Health Care Equipment & Services,351010,Health Care Equipment & Supplies,35101010,Health Care Equipment,0.900,model+crosswalk,
TMGI,TRANSGLOBAL MGMT GRP INC,,20,Industrials,2010,Capital Goods,201050,Industrial Conglomerates,20105010,Industrial Conglomerates,0.650,yahoo,
TMIUF,TOKYO SEIMITSU LTD,,45,Information Technology,4530,Semiconductors & Semiconductor Equipment,453010,Semiconductors & Semiconductor Equipment,45301010,Semiconductor Materials & Equipment,0.707,model+crosswalk,
TMO,"Thermo Fisher Scientific, Inc.",3829,35,Health Care,3520,"Pharmaceuticals, Biotechnology & Life Sciences",352030,Life Sciences Tools & Services,35203010,Life Sciences Tools & Services,0.600,model+crosswalk,
TMOHF,TOMOE ENGINEERING CO,,20,Industrials,2010,Capital Goods,201030,Construction & Engineering,20103010,Construction & Engineering,0.350,keywords,
TMP,Tompkins Financial Corporation,6022,40,Financials,4010,Banks,401010,Banks,40101015,Regional Banks,0.900,model+crosswalk,
TMQ,Trilogy Metals Inc,1040,15,Materials,1510,Materials,151040,Metals & Mining,15104020,Diversified Metals & Mining,0.750,yahoo+sic,
TMS,Teamshares Inc. Common Stock,5900,40,Financials,4020,Financial Services,402010,Financial Services,40201020,Diversified Financial Services,0.600,yahoo,
TMTS,Spartacus Acquisition Corp. II Class A Ordinary Shares,6770,,,,,,,,,,,shell_company
TMUS,"T-Mobile US, Inc.",4812,50,Communication Services,5010,Telecommunication Services,501020,Wireless Telecommunication Services,50102010,Wireless Telecommunication Services,0.900,model+crosswalk,
TMUSI,"T-Mobile US, Inc. 5.500% Senior Notes due June 2070",4812,,,,,,,,,,,not_common_equity
TMUSL,"T-Mobile US, Inc. 6.250% Senior Notes due 2069",4812,,,,,,,,,,,not_common_equity
TMUSZ,"T-Mobile US, Inc. 5.500% Senior Notes due March 2070",4812,,,,,,,,,,,not_common_equity
TNC,TENNANT COMPANY,3580,20,Industrials,2010,Capital Goods,201060,Machinery,20106020,Industrial Machinery & Supplies & Components,0.900,model+crosswalk,
TNCFF,NISSAN TOKYO SALES HLDGS,,,,,,,,,,,,no_evidence
TNDM,"Tandem Diabetes Care, Inc.",3841,35,Health Care,3510,Health Care Equipment & Services,351010,Health Care Equipment & Supplies,35101020,Health Care Supplies,0.900,model+crosswalk,
TNET,"TRINET GROUP, INC.",7389,20,Industrials,2020,Commercial & Professional Services,202020,Professional Services,20202010,Human Resource & Employment Services,0.750,model+crosswalk,
TNGX,"Tango Therapeutics, Inc.",2834,35,Health Care,3520,"Pharmaceuticals, Biotechnology & Life Sciences",352010,Biotechnology,35201010,Biotechnology,0.900,model+crosswalk,
TNK,Teekay Tankers Ltd.,4400,10,Energy,1010,Energy,101020,"Oil, Gas & Consumable Fuels",10102040,Oil & Gas Storage & Transportation,0.600,model+crosswalk,
TNL,Travel + Leisure Co.,7011,25,Consumer Discretionary,2530,Consumer Services,253010,"Hotels, Restaurants & Leisure",25301020,"Hotels, Resorts & Cruise Lines",0.900,model+crosswalk,
TNMG,TNL Mediagene Ordinary Shares,7310,50,Communication Services,5020,Media & Entertainment,502010,Media,50201040,Publishing,0.750,yahoo+sic,
TNON,"Tenon Medical, Inc. Common Stock",3841,35,Health Care,3510,Health Care Equipment & Services,351010,Health Care Equipment & Supplies,35101010,Health Care Equipment,0.900,model+crosswalk,
TNXP,Tonix Pharmaceuticals Holding Corp.,2834,35,Health Care,3520,"Pharmaceuticals, Biotechnology & Life Sciences",352010,Biotechnology,35201010,Biotechnology,0.900,model+crosswalk,
TNYA,"Tenaya Therapeutics, Inc. Common Stock",2836,35,Health Care,3520,"Pharmaceuticals, Biotechnology & Life Sciences",352010,Biotechnology,35201010,Biotechnology,0.900,model+crosswalk,
TOCLF,TOCALO CO LTD,,,,,,,,,,,,no_evidence
TOL,"Toll Brothers, Inc.",1531,25,Consumer Discretionary,2520,Consumer Durables & Apparel,252010,Household Durables,25201030,Homebuilding,0.900,model+crosswalk,
TOMZ,"TOMI Environmental Solutions, Inc.",2860,20,Industrials,2010,Capital Goods,201060,Machinery,20106020,Industrial Machinery & Supplies & Components,0.600,model+crosswalk,
TONT,Graf Global Corp.,6770,,,,,,,,,,,shell_company
TONX,TON Strategy Company Common Stock,6199,45,Information Technology,4510,Software & Services,451030,Software,45103010,Application Software,0.600,model+crosswalk,
TOOD,THERMWOOD CORP,,20,Industrials,2010,Capital Goods,201060,Machinery,20106020,Industrial Machinery & Supplies & Components,0.966,model+crosswalk,
TOON,"Kartoon Studios, Inc.",7812,50,Communication Services,5020,Media & Entertainment,502020,Entertainment,50202010,Movies & Entertainment,0.900,model+crosswalk,
TOP,TOP Financial Group Limited Class A Ordinary Shares,6200,40,Financials,4020,Financial Services,402030,Capital Markets,40203020,Investment Banking & Brokerage,0.900,model+crosswalk,
TOPP,Toppoint Holdings Inc.,4210,20,Industrials,2030,Transportation,203040,Ground Transportation,20304030,Cargo Ground Transportation,0.900,model+crosswalk,
TOPS,TOP Ships Inc.,4412,10,Energy,1010,Energy,101020,"Oil, Gas & Consumable Fuels",10102040,Oil & Gas Storage & Transportation,0.600,yahoo,
TORIF,ETERNAL HOSPITALITY GROUP,,25,Consumer Discretionary,2530,Consumer Services,253010,"Hotels, Restaurants & Leisure",25301040,Restaurants,0.650,model+crosswalk,
TORLF,TORIDOLL CORP KAKOGAWA,,25,Consumer Discretionary,2530,Consumer Services,253010,"Hotels, Restaurants & Leisure",25301040,Restaurants,0.941,model+crosswalk,
TORO,Toro Corp. Common Stock,4412,10,Energy,1010,Energy,101020,"Oil, Gas & Consumable Fuels",10102040,Oil & Gas Storage & Transportation,0.600,yahoo,
TOST,"Toast, Inc.",7374,40,Financials,4020,Financial Services,402010,Financial Services,40201060,Transaction & Payment Processing Services,0.900,model+crosswalk,
TOVX,"Theriva Biologics, Inc.",2834,35,Health Care,3520,"Pharmaceuticals, Biotechnology & Life Sciences",352010,Biotechnology,35201010,Biotechnology,0.900,model+crosswalk,
TOWCF,TOWA CORP,,45,Information Technology,4530,Semiconductors & Semiconductor Equipment,453010,Semiconductors & Semiconductor Equipment,45301010,Semiconductor Materials & Equipment,0.965,model+crosswalk,
TOWN,Towne Bank,,40,Financials,4010,Banks,401010,Banks,40101015,Regional Banks,0.650,model+crosswalk,
TOYO,"TOYO Co., Ltd Ordinary Shares",3674,45,Information Technology,4530,Semiconductors & Semiconductor Equipment,453010,Semiconductors & Semiconductor Equipment,45301010,Semiconductor Materials & Equipment,0.750,yahoo+sic,
TP,Ticketplus Ltd.,,45,Information Technology,4510,Software & Services,451030,Software,45103020,Systems Software,0.650,model+crosswalk,
TPB,"Turning Point Brands, Inc.",2100,30,Consumer Staples,3020,"Food, Beverage & Tobacco",302030,Tobacco,30203010,Tobacco,0.900,model+crosswalk,
TPC,Tutor Perini Corporation,1540,20,Industrials,2010,Capital Goods,201030,Construction & Engineering,20103010,Construction & Engineering,0.900,model+crosswalk,
TPCS,Techprecision Corporation,3440,20,Industrials,2010,Capital Goods,201060,Machinery,20106020,Industrial Machinery & Supplies & Components,0.750,model+crosswalk,
TPET,Trio Petroleum Corp.,1311,10,Energy,1010,Energy,101020,"Oil, Gas & Consumable Fuels",10102020,Oil & Gas Exploration & Production,0.900,model+crosswalk,
TPG,TPG Inc. Class A Common Stock,6282,40,Financials,4020,Financial Services,402030,Capital Markets,40203010,Asset Management & Custody Banks,0.900,model+crosswalk,
TPGXL,"TPG Operating Group II, L.P. 6.950% Fixed-Rate Junior Subordinated Notes due 2064",,,,,,,,,,,,not_common_equity
TPHS,TRINITY PLACE HLDGS INC,,60,Real Estate,6020,Real Estate Management & Development,602010,Real Estate Management & Development,60201030,Real Estate Development,0.650,model+crosswalk,
TPL,Texas Pacific Land Corporation,6792,10,Energy,1010,Energy,101020,"Oil, Gas & Consumable Fuels",10102020,Oil & Gas Exploration & Production,0.900,model+crosswalk,
TPR,"Tapestry, Inc. Common Stock",3100,25,Consumer Discretionary,2520,Consumer Durables & Apparel,252030,"Textiles, Apparel & Luxury Goods",25203010,"Apparel, Accessories & Luxury Goods",0.900,model+crosswalk,
TPRP,TOWER PROPERTIES CO NEW,,60,Real Estate,6020,Real Estate Management & Development,602010,Real Estate Management & Development,60201040,Real Estate Services,0.650,model+crosswalk,
TPST,"Tempest Therapeutics, Inc. Common Stock",2834,35,Health Care,3520,"Pharmaceuticals, Biotechnology & Life Sciences",352010,Biotechnology,35201010,Biotechnology,0.900,model+crosswalk,
TPVG,TRIPLEPOINT VENTURE GROWTH BDC CORP.,,40,Financials,4020,Financial Services,402030,Capital Markets,40203010,Asset Management & Custody Banks,0.650,model+crosswalk,
TR,"Tootsie Roll Industries, Inc.",2060,30,Consumer Staples,3020,"Food, Beverage & Tobacco",302020,Food Products,30202030,Packaged Foods & Meats,0.900,model+crosswalk,
TRAD,APEX Tech Acquisition Inc.,6770,,,,,,,,,,,shell_company
TRAK,"ReposiTrak, Inc.",7374,45,Information Technology,4510,Software & Services,451030,Software,45103010,Application Software,0.750,model+crosswalk,
TRAW,"Traws Pharma, Inc. Common Stock",2834,35,Health Care,3520,"Pharmaceuticals, Biotechnology & Life Sciences",352010,Biotechnology,35201010,Biotechnology,0.900,model+crosswalk,
TRAX,"First Tracks Biotherapeutics, Inc. Ordinary Shares",2834,35,Health Care,3520,"Pharmaceuticals, Biotechnology & Life Sciences",352010,Biotechnology,35201010,Biotechnology,0.900,model+crosswalk,
TRBG,TurboGen Ltd. Ordinary Shares,,20,Industrials,2010,Capital Goods,201060,Machinery,20106020,Industrial Machinery & Supplies & Components,0.650,model+crosswalk,
TRC,Tejon Ranch Co.,6500,20,Industrials,2010,Capital Goods,201050,Industrial Conglomerates,20105010,Industrial Conglomerates,0.600,yahoo,
TRCY,TRI CITY BANKSHARES CORP,,40,Financials,4010,Banks,401010,Banks,40101015,Regional Banks,0.650,model+crosswalk,
TRDA,"Entrada Therapeutics, Inc. Common Stock",2834,35,Health Care,3520,"Pharmaceuticals, Biotechnology & Life Sciences",352010,Biotechnology,35201010,Biotechnology,0.900,model+crosswalk,
TREE,"LendingTree, Inc.",6163,40,Financials,4030,Insurance,403010,Insurance,40301010,Insurance Brokers,0.700,yahoo+sic,
TREO,Tactical Resources Corp. Common Shares,,15,Materials,1510,Materials,151040,Metals & Mining,15104040,Precious Metals & Minerals,0.650,yahoo,
TREX,"Trex Company, Inc.",2400,20,Industrials,2010,Capital Goods,201020,Building Products,20102010,Building Products,0.600,model+crosswalk,
TRGP,Targa Resources Corp.,4922,10,Energy,1010,Energy,101020,"Oil, Gas & Consumable Fuels",10102040,Oil & Gas Storage & Transportation,0.900,model+crosswalk,
TRGS,TRG Latin America Acquisitions Corp. Class A Ordinary Shares,6770,,,,,,,,,,,shell_company
TRI,Thomson Reuters Corporation Common Shares,2741,20,Industrials,2020,Commercial & Professional Services,202010,Commercial Services & Supplies,20201070,Diversified Support Services,0.600,yahoo,
TRIN,Trinity Capital Inc.,,40,Financials,4020,Financial Services,402030,Capital Markets,40203010,Asset Management & Custody Banks,0.650,model+crosswalk,
TRIP,"TripAdvisor, Inc.",7370,25,Consumer Discretionary,2530,Consumer Services,253010,"Hotels, Restaurants & Leisure",25301020,"Hotels, Resorts & Cruise Lines",0.600,yahoo,
TRLV,Trulieve Cannabis Corp.,2833,35,Health Care,3520,"Pharmaceuticals, Biotechnology & Life Sciences",352020,Pharmaceuticals,35202010,Pharmaceuticals,0.600,model+crosswalk,
TRMB,Trimble Inc. Common Stock,3829,45,Information Technology,4520,Technology Hardware & Equipment,452030,"Electronic Equipment, Instruments & Components",45203010,Electronic Equipment & Instruments,0.900,model+crosswalk,
TRMD,TORM plc Class A Common Stock,4412,10,Energy,1010,Energy,101020,"Oil, Gas & Consumable Fuels",10102040,Oil & Gas Storage & Transportation,0.600,yahoo,
TRMK,Trustmark Corp,6021,40,Financials,4010,Banks,401010,Banks,40101015,Regional Banks,0.900,model+crosswalk,
TRN,"Trinity Industries, Inc.",3743,20,Industrials,2010,Capital Goods,201060,Machinery,20106010,Construction Machinery & Heavy Transportation Equipment,0.900,model+crosswalk,
TRNO,Terreno Realty Corporation,6500,60,Real Estate,6010,Equity Real Estate Investment Trusts (REITs),601025,Industrial REITs,60102510,Industrial REITs,0.750,model+crosswalk,
TRNR,Interactive Strength Inc. Common Stock,3600,25,Consumer Discretionary,2530,Consumer Services,253020,Diversified Consumer Services,25302010,Education Services,0.600,yahoo,
TRNS,Transcat Inc,3825,20,Industrials,2020,Commercial & Professional Services,202010,Commercial Services & Supplies,20201070,Diversified Support Services,0.600,yahoo,
TROLB,TOOTSIE ROLL INDUS B COM,,30,Consumer Staples,3020,"Food, Beverage & Tobacco",302020,Food Products,30202030,Packaged Foods & Meats,0.650,model+crosswalk,
TRON,Tron Inc. Common Stock,6199,25,Consumer Discretionary,2520,Consumer Durables & Apparel,252020,Leisure Products,25202010,Leisure Products,0.600,model+crosswalk,
TROO,"TROOPS, Inc. Ordinary Shares",6770,40,Financials,4020,Financial Services,402010,Financial Services,40201050,Commercial & Residential Mortgage Finance,0.600,yahoo,
TROUF,TROUBADOUR RESOURCES,,15,Materials,1510,Materials,151040,Metals & Mining,15104020,Diversified Metals & Mining,0.951,model+crosswalk,
TROW,T Rowe Price Group Inc,6282,40,Financials,4020,Financial Services,402030,Capital Markets,40203010,Asset Management & Custody Banks,0.900,model+crosswalk,
TROX,TRONOX LIMITED CL A ORDINARY SHARES,2810,15,Materials,1510,Materials,151010,Chemicals,15101050,Specialty Chemicals,0.750,model+crosswalk,
TRP,TC Energy Corporation,4922,10,Energy,1010,Energy,101020,"Oil, Gas & Consumable Fuels",10102040,Oil & Gas Storage & Transportation,0.900,model+crosswalk,
TRS,Trimas Corporation,3460,15,Materials,1510,Materials,151030,Containers & Packaging,15103010,"Metal, Glass & Plastic Containers",0.600,yahoo,
TRSBF,3SBIO INC ORD,,35,Health Care,3520,"Pharmaceuticals, Biotechnology & Life Sciences",352010,Biotechnology,35201010,Biotechnology,0.650,model+crosswalk,
TRSG,Tungray Technologies Inc Class A Ordinary Shares,3530,20,Industrials,2010,Capital Goods,201060,Machinery,20106020,Industrial Machinery & Supplies & Components,0.750,model+crosswalk,
TRST,Trustco Bank Corp NY,6022,40,Financials,4010,Banks,401010,Banks,40101015,Regional Banks,0.900,model+crosswalk,
TRT,Trio-Tech International Common Stock,3559,45,Information Technology,4530,Semiconductors & Semiconductor Equipment,453010,Semiconductors & Semiconductor Equipment,45301010,Semiconductor Materials & Equipment,0.900,model+crosswalk,
TRTX,"TPG RE Finance Trust, Inc. Common Stock",6798,40,Financials,4020,Financial Services,402040,Mortgage Real Estate Investment Trusts,40204010,Mortgage REITs,0.900,model+crosswalk,
TRU,TransUnion,7320,40,Financials,4020,Financial Services,402030,Capital Markets,40203040,Financial Exchanges & Data,0.600,yahoo,
TRUG,"TruGolf Holdings, Inc. Class A Common Stock",3949,50,Communication Services,5020,Media & Entertainment,502020,Entertainment,50202020,Interactive Home Entertainment,0.600,yahoo,
TRUP,"Trupanion, Inc.",6324,40,Financials,4030,Insurance,403010,Insurance,40301040,Property & Casualty Insurance,0.600,model+crosswalk,
TRUX,TRUXTON CORP,,40,Financials,4010,Banks,401010,Banks,40101015,Regional Banks,0.650,model+crosswalk,
TRV,"The Travelers Companies, Inc.",6331,40,Financials,4030,Insurance,403010,Insurance,40301040,Property & Casualty Insurance,0.900,model+crosswalk,
TRVI,"Trevi Therapeutics, Inc. Common Stock",2834,35,Health Care,3520,"Pharmaceuticals, Biotechnology & Life Sciences",352010,Biotechnology,35201010,Biotechnology,0.900,model+crosswalk,
TRWAF,TRAWELL CO SPA NEW,,20,Industrials,2030,Transportation,203050,Transportation Infrastructure,20305010,Airport Services,0.650,yahoo,
TRX,TRX Gold Corporation,1040,15,Materials,1510,Materials,151040,Metals & Mining,15104030,Gold,0.900,model+crosswalk,
TSAT,Telesat Corporation Class A Common Shares and Class B Variable Voting Shares,4899,45,Information Technology,4520,Technology Hardware & Equipment,452010,Communications Equipment,45201020,Communications Equipment,0.600,model+crosswalk,
TSBK,Timberland Bancorp Inc,6036,40,Financials,4010,Banks,401010,Banks,40101015,Regional Banks,0.900,model+crosswalk,
TSCO,Tractor Supply Co,5200,25,Consumer Discretionary,2550,Consumer Discretionary Distribution & Retail,255040,Specialty Retail,25504030,Home Improvement Retail,0.900,model+crosswalk,
TSEM,Tower Semiconductor Ltd,3674,45,Information Technology,4530,Semiconductors & Semiconductor Equipment,453010,Semiconductors & Semiconductor Equipment,45301020,Semiconductors,0.900,model+crosswalk,
TSHA,"Taysha Gene Therapies, Inc. Common Stock",2836,35,Health Care,3520,"Pharmaceuticals, Biotechnology & Life Sciences",352010,Biotechnology,35201010,Biotechnology,0.900,model+crosswalk,
TSKMF,TSUBAKIMOTO CHAIN CO,,20,Industrials,2010,Capital Goods,201060,Machinery,20106020,Industrial Machinery & Supplies & Components,0.890,model+crosswalk,
TSLA,"Tesla, Inc. Common Stock",3711,20,Industrials,2010,Capital Goods,201060,Machinery,20106010,Construction Machinery & Heavy Transportation Equipment,0.900,model+crosswalk,
TSLX,"Sixth Street Specialty Lending, Inc.",,40,Financials,4020,Financial Services,402030,Capital Markets,40203010,Asset Management & Custody Banks,0.650,model+crosswalk,
TSN,"Tyson Foods, Inc.",2015,30,Consumer Staples,3020,"Food, Beverage & Tobacco",302020,Food Products,30202010,Agricultural Products & Services,0.750,yahoo+sic,
TSPH,CREATEAI HOLDINGS INC  A,,45,Information Technology,4510,Software & Services,451030,Software,45103010,Application Software,0.929,model+crosswalk,
TSQ,"TOWNSQUARE MEDIA, INC.",4832,50,Communication Services,5020,Media & Entertainment,502010,Media,50201010,Advertising,0.750,yahoo+sic,
TSSHF,TESS HOLDINGS CO LTD,,,,,,,,,,,,no_evidence
TSSI,"TSS, Inc. Common Stock",8742,45,Information Technology,4510,Software & Services,451020,IT Services,45102030,Internet Services & Infrastructure,0.600,yahoo,
TT,Trane Technologies plc,3822,20,Industrials,2010,Capital Goods,201020,Building Products,20102010,Building Products,0.900,model+crosswalk,
TTAM,Titan America SA,1400,15,Materials,1510,Materials,151020,Construction Materials,15102010,Construction Materials,0.900,model+crosswalk,
TTAN,"ServiceTitan, Inc. Class A Common Stock",7372,45,Information Technology,4510,Software & Services,451030,Software,45103010,Application Software,0.900,model+crosswalk,
TTC,Toro Company (The),3524,20,Industrials,2010,Capital Goods,201060,Machinery,20106020,Industrial Machinery & Supplies & Components,0.750,model+crosswalk,
TTD,"The Trade Desk, Inc.",7370,50,Communication Services,5020,Media & Entertainment,502010,Media,50201010,Advertising,0.600,model+crosswalk,
TTE,TotalEnergies SE,1311,10,Energy,1010,Energy,101020,"Oil, Gas & Consumable Fuels",10102010,Integrated Oil & Gas,0.750,yahoo+sic,
TTEC,"TTEC Holdings, Inc. Common Stock",7363,20,Industrials,2020,Commercial & Professional Services,202020,Professional Services,20202030,Data Processing & Outsourced Services,0.750,yahoo+sic,
TTEK,Tetra Tech Inc,8711,20,Industrials,2010,Capital Goods,201030,Construction & Engineering,20103010,Construction & Engineering,0.900,model+crosswalk,
TTGT,"TechTarget, Inc. Common Stock",4822,45,Information Technology,4510,Software & Services,451020,IT Services,45102010,IT Consulting & Other Services,0.600,model+crosswalk,
TTI,"TETRA Technologies, Inc.",1311,10,Energy,1010,Energy,101010,Energy Equipment & Services,10101020,Oil & Gas Equipment & Services,0.750,model+crosswalk,
TTMI,TTM Technologies Inc,3672,45,Information Technology,4520,Technology Hardware & Equipment,452030,"Electronic Equipment, Instruments & Components",45203015,Electronic Components,0.750,model+crosswalk,
TTMZF,DATABLE TECHNOLOGY CORP,,45,Information Technology,4510,Software & Services,451030,Software,45103010,Application Software,0.785,model+crosswalk,
TTOO,T2 BIOSYSTEMS INC,,35,Health Care,3520,"Pharmaceuticals, Biotechnology & Life Sciences",352030,Life Sciences Tools & Services,35203010,Life Sciences Tools & Services,0.650,model+crosswalk,
TTRX,Turn Therapeutics Inc. Common Stock,2834,35,Health Care,3520,"Pharmaceuticals, Biotechnology & Life Sciences",352010,Biotechnology,35201010,Biotechnology,0.900,model+crosswalk,
TTSH,TILE SHOP HLDGS INC,,25,Consumer Discretionary,2550,Consumer Discretionary Distribution & Retail,255040,Specialty Retail,25504030,Home Improvement Retail,0.650,model+crosswalk,
TTWO,Take-Two Interactive Software Inc,7372,50,Communication Services,5020,Media & Entertainment,502020,Entertainment,50202020,Interactive Home Entertainment,0.900,model+crosswalk,
TTYP,TRINITY PETE TRUST CBI,,10,Energy,1010,Energy,101020,"Oil, Gas & Consumable Fuels",10102020,Oil & Gas Exploration & Production,0.650,model+crosswalk,
TU,Telus Corporation,4812,50,Communication Services,5010,Telecommunication Services,501020,Wireless Telecommunication Services,50102010,Wireless Telecommunication Services,0.900,model+crosswalk,
TUERF,TRUE NORTH COMMERCAL REIT,,60,Real Estate,6010,Equity Real Estate Investment Trusts (REITs),601040,Office REITs,60104010,Office REITs,0.650,model+crosswalk,
TULP,"Bloomia Holdings, Inc. Common Stock",0100,30,Consumer Staples,3020,"Food, Beverage & Tobacco",302020,Food Products,30202010,Agricultural Products & Services,0.900,model+crosswalk,
TUSK,"Mammoth Energy Services, Inc. Common Stock",1389,20,Industrials,2010,Capital Goods,201050,Industrial Conglomerates,20105010,Industrial Conglomerates,0.600,yahoo,
TVA,Texas Ventures Acquisition III Corp Class A Ordinary Share,6770,,,,,,,,,,,shell_company
TVAI,Thayer Ventures Acquisition Corporation II Class A Ordinary Shares,6770,,,,,,,,,,,shell_company
TVGN,Tevogen Inc. Common Stock,2836,35,Health Care,3520,"Pharmaceuticals, Biotechnology & Life Sciences",352010,Biotechnology,35201010,Biotechnology,0.900,model+crosswalk,
TVIV,Texas Ventures Acquisition IV Corp Class A Ordinary Shares,6770,,,,,,,,,,,shell_company
TVLF,TENNESSEE VLY FINL HL INC,,40,Financials,4010,Banks,401010,Banks,40101015,Regional Banks,0.650,yahoo,
TVNB,TURBOTVILLE NATL BK PA,,40,Financials,4010,Banks,401010,Banks,40101015,Regional Banks,0.650,yahoo,
TVRD,"Tvardi Therapeutics, Inc. Common Stock",2834,35,Health Care,3520,"Pharmaceuticals, Biotechnology & Life Sciences",352010,Biotechnology,35201010,Biotechnology,0.900,model+crosswalk,
TVTX,"Travere Therapeutics, Inc. Common Stock",2834,35,Health Care,3520,"Pharmaceuticals, Biotechnology & Life Sciences",352010,Biotechnology,35201010,Biotechnology,0.900,model+crosswalk,
TW,Tradeweb Markets Inc. Class A Common Stock,6200,40,Financials,4020,Financial Services,402030,Capital Markets,40203020,Investment Banking & Brokerage,0.900,model+crosswalk,
TWAV,"TaoWeave, Inc. Common Stock",7370,40,Financials,4020,Financial Services,402030,Capital Markets,40203010,Asset Management & Custody Banks,0.600,model+crosswalk,
TWFG,"TWFG, Inc. Common Stock",6411,40,Financials,4030,Insurance,403010,Insurance,40301010,Insurance Brokers,0.900,model+crosswalk,
TWG,Top Wealth Group Holding Limited Class A Ordinary Shares,2090,30,Consumer Staples,3010,Consumer Staples Distribution & Retail,301010,Consumer Staples Distribution & Retail,30101020,Food Distributors,0.700,yahoo+sic,
TWI,"Titan International, Inc.(Delaware)",3312,20,Industrials,2010,Capital Goods,201060,Machinery,20106015,Agricultural & Farm Machinery,0.600,yahoo,
TWIN,"Twin Disc, Incorporated",3560,20,Industrials,2010,Capital Goods,201060,Machinery,20106020,Industrial Machinery & Supplies & Components,0.900,model+crosswalk,
TWLO,Twilio Inc.,7372,45,Information Technology,4510,Software & Services,451030,Software,45103020,Systems Software,0.750,yahoo+sic,
TWLV,Twelve Seas Investment Company III Class A Ordinary Shares,6770,,,,,,,,,,,shell_company
TWMIF,TIDEWATER MIDSTRM & INFRA,,10,Energy,1010,Energy,101020,"Oil, Gas & Consumable Fuels",10102040,Oil & Gas Storage & Transportation,0.650,model+crosswalk,
TWST,Twist Bioscience Corporation Common Stock,2836,35,Health Care,3520,"Pharmaceuticals, Biotechnology & Life Sciences",352010,Biotechnology,35201010,Biotechnology,0.900,model+crosswalk,
TXG,"10x Genomics, Inc. Class A Common Stock",3826,35,Health Care,3510,Health Care Equipment & Services,351010,Health Care Equipment & Supplies,35101020,Health Care Supplies,0.700,yahoo+sic,
TXMD,"TherapeuticsMD, Inc.",2834,35,Health Care,3520,"Pharmaceuticals, Biotechnology & Life Sciences",352020,Pharmaceuticals,35202010,Pharmaceuticals,0.900,model+crosswalk,
TXN,Texas Instruments Incorporated,3674,45,Information Technology,4530,Semiconductors & Semiconductor Equipment,453010,Semiconductors & Semiconductor Equipment,45301020,Semiconductors,0.900,model+crosswalk,
TXNM,"TXNM Energy, Inc.",4911,55,Utilities,5510,Utilities,551010,Electric Utilities,55101010,Electric Utilities,0.900,model+crosswalk,
TXRH,"Texas Roadhouse, Inc.",5812,25,Consumer Discretionary,2530,Consumer Services,253010,"Hotels, Restaurants & Leisure",25301040,Restaurants,0.900,model+crosswalk,
TXT,"Textron, Inc.",3720,20,Industrials,2010,Capital Goods,201010,Aerospace & Defense,20101010,Aerospace & Defense,0.900,model+crosswalk,
TY,TRI-Continental Corporation,,40,Financials,4020,Financial Services,402030,Capital Markets,40203010,Asset Management & Custody Banks,0.650,model+crosswalk,
TYBT,TRINITY BANK NA,,40,Financials,4010,Banks,401010,Banks,40101015,Regional Banks,0.650,model+crosswalk,
TYCB,TAYLOR(CLVN B)BKG BRLN MD,,,,,,,,,,,,no_evidence
TYFG,TRI COUNTY FINCL GRP CORP,,40,Financials,4010,Banks,401010,Banks,40101015,Regional Banks,0.650,yahoo,
TYGO,"Tigo Energy, Inc. Common Stock",3674,20,Industrials,2010,Capital Goods,201040,Electrical Equipment,20104010,Electrical Components & Equipment,0.600,yahoo,
TYL,"Tyler Technologies, Inc.",7372,45,Information Technology,4510,Software & Services,451030,Software,45103010,Application Software,0.600,model+crosswalk,
TYRA,"Tyra Biosciences, Inc. Common Stock",2834,35,Health Care,3520,"Pharmaceuticals, Biotechnology & Life Sciences",352010,Biotechnology,35201010,Biotechnology,0.900,model+crosswalk,
TZOO,Travelzoo Common Stock,7310,50,Communication Services,5020,Media & Entertainment,502030,Interactive Media & Services,50203010,Interactive Media & Services,0.750,model+crosswalk,
U,Unity Software Inc.,7372,45,Information Technology,4510,Software & Services,451030,Software,45103010,Application Software,0.900,model+crosswalk,
UA,"Under Armour, Inc. Class C Common Stock, $0.0003 1/3 par value",2300,25,Consumer Discretionary,2520,Consumer Durables & Apparel,252030,"Textiles, Apparel & Luxury Goods",25203010,"Apparel, Accessories & Luxury Goods",0.900,model+crosswalk,
UAA,"Under Armour, Inc.",2300,25,Consumer Discretionary,2520,Consumer Durables & Apparel,252030,"Textiles, Apparel & Luxury Goods",25203010,"Apparel, Accessories & Luxury Goods",0.900,model+crosswalk,
UAC,United Acquisition Corp. I,6770,,,,,,,,,,,shell_company
UAL,"United Airlines Holdings, Inc. Common Stock",4512,20,Industrials,2030,Transportation,203020,Passenger Airlines,20302010,Passenger Airlines,0.900,model+crosswalk,
UAMY,United States Antimony Corporation,3330,15,Materials,1510,Materials,151040,Metals & Mining,15104020,Diversified Metals & Mining,0.900,model+crosswalk,
UAN,"CVR Partners, LP",2870,15,Materials,1510,Materials,151010,Chemicals,15101030,Fertilizers & Agricultural Chemicals,0.900,model+crosswalk,
UARWF,UNITED ARROWS LTD,,25,Consumer Discretionary,2550,Consumer Discretionary Distribution & Retail,255040,Specialty Retail,25504010,Apparel Retail,0.901,model+crosswalk,
UAVS,"AgEagle Aerial Systems, Inc.",3721,45,Information Technology,4520,Technology Hardware & Equipment,452020,"Technology Hardware, Storage & Peripherals",45202030,"Technology Hardware, Storage & Peripherals",0.600,yahoo,
UBAB,UNITED BNCRP OF AL INC  A,,40,Financials,4010,Banks,401010,Banks,40101015,Regional Banks,0.650,model+crosswalk,
UBCP,United Bancorp Inc/OH,6022,40,Financials,4010,Banks,401010,Banks,40101015,Regional Banks,0.956,model+crosswalk,
UBER,"Uber Technologies, Inc.",7389,45,Information Technology,4510,Software & Services,451030,Software,45103010,Application Software,0.900,model+crosswalk,
UBOH,UNITED BNCSHS CLMBUS GRVE,,40,Financials,4010,Banks,401010,Banks,40101015,Regional Banks,0.650,model+crosswalk,
UBS,UBS Group AG,6021,40,Financials,4010,Banks,401010,Banks,40101010,Diversified Banks,0.750,yahoo+sic,
UBSI,United Bankshares Inc,6022,40,Financials,4010,Banks,401010,Banks,40101015,Regional Banks,0.900,model+crosswalk,
UCAR,U Power Limited Class A Ordinary Shares,3690,25,Consumer Discretionary,2550,Consumer Discretionary Distribution & Retail,255040,Specialty Retail,25504050,Automotive Retail,0.600,yahoo,
UCB,"United Community Banks, Inc.",6022,40,Financials,4010,Banks,401010,Banks,40101015,Regional Banks,0.900,model+crosswalk,
UCFI,CN Healthy Food Tech Group Corp. Common Stock,2000,30,Consumer Staples,3020,"Food, Beverage & Tobacco",302020,Food Products,30202030,Packaged Foods & Meats,0.900,model+crosswalk,
UCTT,"Ultra Clean Holdings, Inc.",3674,45,Information Technology,4530,Semiconductors & Semiconductor Equipment,453010,Semiconductors & Semiconductor Equipment,45301010,Semiconductor Materials & Equipment,0.900,model+crosswalk,
UDR,"UDR, Inc.",6798,60,Real Estate,6010,Equity Real Estate Investment Trusts (REITs),601060,Residential REITs,60106010,Multi-Family Residential REITs,0.900,model+crosswalk,
UE,UBRAN EDGE PROPERTIES,6500,60,Real Estate,6010,Equity Real Estate Investment Trusts (REITs),601070,Retail REITs,60107010,Retail REITs,0.750,model+crosswalk,
UEC,Uranium Energy Corp.,1090,10,Energy,1010,Energy,101020,"Oil, Gas & Consumable Fuels",10102050,Coal & Consumable Fuels,0.900,model+crosswalk,
UEIC,Universal Electronics Inc,3651,25,Consumer Discretionary,2520,Consumer Durables & Apparel,252010,Household Durables,25201010,Consumer Electronics,0.909,model+crosswalk,
UFCP,UNION FINANCIAL CORP,,40,Financials,4010,Banks,401010,Banks,40101015,Regional Banks,0.650,model+crosswalk,
UFCS,United Fire Group Inc.,6331,40,Financials,4030,Insurance,403010,Insurance,40301040,Property & Casualty Insurance,0.977,model+crosswalk,
UFG,Uni-Fuels Holdings Limited Class A Ordinary Shares,5172,20,Industrials,2030,Transportation,203030,Marine Transportation,20303010,Marine Transportation,0.600,yahoo,
UFI,"UNIFI, Inc. New",2200,25,Consumer Discretionary,2520,Consumer Durables & Apparel,252030,"Textiles, Apparel & Luxury Goods",25203030,Textiles,0.900,model+crosswalk,
UFPI,"UFP Industries, Inc. Common Stock",2421,15,Materials,1510,Materials,151050,Paper & Forest Products,15105010,Forest Products,0.922,model+crosswalk,
UFPT,UFP Technologies Inc,3841,35,Health Care,3510,Health Care Equipment & Services,351010,Health Care Equipment & Supplies,35101020,Health Care Supplies,0.900,model+crosswalk,
UG,"United-Guardian, Inc.",2844,30,Consumer Staples,3030,Household & Personal Products,303020,Personal Care Products,30302010,Personal Care Products,0.900,model+crosswalk,
UGI,UGI Corporation,4932,10,Energy,1010,Energy,101020,"Oil, Gas & Consumable Fuels",10102040,Oil & Gas Storage & Transportation,0.600,yahoo,
UHAL,U-Haul Holding Company,7510,20,Industrials,2010,Capital Goods,201070,Trading Companies & Distributors,20107010,Trading Companies & Distributors,0.700,yahoo+sic,
UHAL.B,U-Haul Holding Company,7510,20,Industrials,2010,Capital Goods,201070,Trading Companies & Distributors,20107010,Trading Companies & Distributors,0.700,yahoo+sic,
UHS,"Universal Health Services, Inc. Class B",8062,35,Health Care,3510,Health Care Equipment & Services,351020,Health Care Providers & Services,35102020,Health Care Facilities,0.900,model+crosswalk,
UHT,Universal Health Realty Income Trust,6798,,,,,,,,,,,not_common_equity
UI,Ubiquiti Inc. Common Stock,3663,45,Information Technology,4520,Technology Hardware & Equipment,452010,Communications Equipment,45201020,Communications Equipment,0.900,model+crosswalk,
UIS,Unisys Corporation,7373,45,Information Technology,4510,Software & Services,451020,IT Services,45102010,IT Consulting & Other Services,0.900,model+crosswalk,
UK,Ucommune International Ltd Class A Ordinary Shares,7389,60,Real Estate,6020,Real Estate Management & Development,602010,Real Estate Management & Development,60201040,Real Estate Services,0.600,yahoo,
ULBI,Ultralife Corporation,3690,20,Industrials,2010,Capital Goods,201040,Electrical Equipment,20104010,Electrical Components & Equipment,0.900,model+crosswalk,
ULCC,"Frontier Group Holdings, Inc. Common Stock",4512,20,Industrials,2030,Transportation,203020,Passenger Airlines,20302010,Passenger Airlines,0.900,model+crosswalk,
ULH,"Universal Logistics Holdings, Inc. Common Stock",4213,20,Industrials,2030,Transportation,203040,Ground Transportation,20304030,Cargo Ground Transportation,0.900,model+crosswalk,
ULS,UL Solutions Inc.,8734,20,Industrials,2020,Commercial & Professional Services,202020,Professional Services,20202020,Research & Consulting Services,0.900,model+crosswalk,
ULTA,"Ulta Beauty, Inc. Common Stock",5990,25,Consumer Discretionary,2550,Consumer Discretionary Distribution & Retail,255040,Specialty Retail,25504040,Other Specialty Retail,0.900,model+crosswalk,
UMAC,"Unusual Machines, Inc.",3663,45,Information Technology,4520,Technology Hardware & Equipment,452020,"Technology Hardware, Storage & Peripherals",45202030,"Technology Hardware, Storage & Peripherals",0.750,yahoo+sic,
UMBF,UMB Financial Corp,6021,40,Financials,4010,Banks,401010,Banks,40101015,Regional Banks,0.900,model+crosswalk,
UMH,"UMH Properties, Inc.",6798,60,Real Estate,6010,Equity Real Estate Investment Trusts (REITs),601060,Residential REITs,60106020,Single-Family Residential REITs,0.900,model+crosswalk,
UNB,"Union Bankshares, Inc",6022,40,Financials,4010,Banks,401010,Banks,40101015,Regional Banks,0.900,model+crosswalk,
UNBK,UNITED NATL BK CAIRO GA,,40,Financials,4010,Banks,401010,Banks,40101015,Regional Banks,0.650,yahoo,
UNCY,"Unicycive Therapeutics, Inc. Common Stock",2834,35,Health Care,3520,"Pharmaceuticals, Biotechnology & Life Sciences",352010,Biotechnology,35201010,Biotechnology,0.900,model+crosswalk,
UNF,Unifirst Corp,7200,20,Industrials,2020,Commercial & Professional Services,202010,Commercial Services & Supplies,20201050,Environmental & Facilities Services,0.600,model+crosswalk,
UNFI,United Natural Foods Inc,5141,30,Consumer Staples,3010,Consumer Staples Distribution & Retail,301010,Consumer Staples Distribution & Retail,30101020,Food Distributors,0.900,model+crosswalk,
UNH,UNITEDHEALTH GROUP INCORPORATED (Delaware),6324,35,Health Care,3510,Health Care Equipment & Services,351020,Health Care Providers & Services,35102030,Managed Health Care,0.900,model+crosswalk,
UNIF,U&I FINANCIAL CORP,,40,Financials,4010,Banks,401010,Banks,40101015,Regional Banks,0.650,model+crosswalk,
UNIT,Uniti Group Inc. Common Stock,4813,60,Real Estate,6010,Equity Real Estate Investment Trusts (REITs),601080,Specialized REITs,60108010,Other Specialized REITs,0.600,yahoo,
UNLYF,UNILEVER PLC GBP,,30,Consumer Staples,3030,Household & Personal Products,303010,Household Products,30301010,Household Products,0.650,yahoo,
UNM,Unum Group,6321,40,Financials,4030,Insurance,403010,Insurance,40301020,Life & Health Insurance,0.900,model+crosswalk,
UNP,Union Pacific Corp.,4011,20,Industrials,2030,Transportation,203040,Ground Transportation,20304010,Rail Transportation,0.900,model+crosswalk,
UNPA,UNB CORP (PA),,40,Financials,4010,Banks,401010,Banks,40101015,Regional Banks,0.650,model+crosswalk,
UNTC,UNIT CORP,,10,Energy,1010,Energy,101020,"Oil, Gas & Consumable Fuels",10102020,Oil & Gas Exploration & Production,0.680,model+crosswalk,
UNTN,UNITED TENNESSEE BNKSHS,,40,Financials,4010,Banks,401010,Banks,40101015,Regional Banks,0.650,model+crosswalk,
UNTY,Unity Bancorp,6022,40,Financials,4010,Banks,401010,Banks,40101015,Regional Banks,0.900,model+crosswalk,
UONE,"Urban One, Inc. Class A Common Stock",4832,50,Communication Services,5020,Media & Entertainment,502010,Media,50201030,Cable & Satellite,0.750,yahoo+sic,
UONEK,"Urban One, Inc. Class D Common Stock",4832,50,Communication Services,5020,Media & Entertainment,502010,Media,50201030,Cable & Satellite,0.750,yahoo+sic,
UP,Wheels Up Experience Inc.,4522,20,Industrials,2030,Transportation,203020,Passenger Airlines,20302010,Passenger Airlines,0.750,model+crosswalk,
UPB,"Upstream Bio, Inc. Common Stock",2834,35,Health Care,3520,"Pharmaceuticals, Biotechnology & Life Sciences",352010,Biotechnology,35201010,Biotechnology,0.900,model+crosswalk,
UPBD,"Upbound Group, Inc. Common Stock",7359,45,Information Technology,4510,Software & Services,451030,Software,45103010,Application Software,0.600,model+crosswalk,
UPC,Universe Pharmaceuticals Inc. Class A Ordinary Shares,2834,35,Health Care,3520,"Pharmaceuticals, Biotechnology & Life Sciences",352020,Pharmaceuticals,35202010,Pharmaceuticals,0.900,model+crosswalk,
UPLD,"Upland Software, Inc.",7372,45,Information Technology,4510,Software & Services,451030,Software,45103010,Application Software,0.900,model+crosswalk,
UPS,"United Parcel Service, Inc. Class B",4210,20,Industrials,2030,Transportation,203040,Ground Transportation,20304030,Cargo Ground Transportation,0.900,model+crosswalk,
UPST,"Upstart Holdings, Inc. Common stock",6199,40,Financials,4020,Financial Services,402020,Consumer Finance,40202010,Consumer Finance,0.900,model+crosswalk,
UPWK,Upwork Inc. Common Stock,7374,50,Communication Services,5020,Media & Entertainment,502030,Interactive Media & Services,50203010,Interactive Media & Services,0.900,model+crosswalk,
UPXI,"Upexi, Inc. Common Stock",6199,50,Communication Services,5020,Media & Entertainment,502030,Interactive Media & Services,50203010,Interactive Media & Services,0.600,model+crosswalk,
URBN,Urban Outfitters Inc,5651,25,Consumer Discretionary,2550,Consumer Discretionary Distribution & Retail,255040,Specialty Retail,25504010,Apparel Retail,0.900,model+crosswalk,
URG,Ur-Energy Inc.,1040,10,Energy,1010,Energy,101020,"Oil, Gas & Consumable Fuels",10102050,Coal & Consumable Fuels,0.600,model+crosswalk,
URGN,UroGen Pharma Ltd. Ordinary Shares,2834,35,Health Care,3520,"Pharmaceuticals, Biotechnology & Life Sciences",352010,Biotechnology,35201010,Biotechnology,0.900,model+crosswalk,
URI,"United Rentals, Inc.",7359,20,Industrials,2010,Capital Goods,201070,Trading Companies & Distributors,20107010,Trading Companies & Distributors,0.900,model+crosswalk,
UROY,Uranium Royalty Corp. Common Stock,6221,10,Energy,1010,Energy,101020,"Oil, Gas & Consumable Fuels",10102050,Coal & Consumable Fuels,0.600,model+crosswalk,
USAC,USA COMPRESSION PARTNERS LP,4922,10,Energy,1010,Energy,101010,Energy Equipment & Services,10101020,Oil & Gas Equipment & Services,0.750,yahoo+sic,
USAR,"USA Rare Earth, Inc. Class A Common Stock",1000,15,Materials,1510,Materials,151040,Metals & Mining,15104040,Precious Metals & Minerals,0.750,yahoo+sic,
USAS,Americas Gold and Silver Corporation,1000,15,Materials,1510,Materials,151040,Metals & Mining,15104020,Diversified Metals & Mining,0.750,yahoo+sic,
USAU,U.S. Gold Corp. Common Stock,1000,15,Materials,1510,Materials,151040,Metals & Mining,15104030,Gold,0.900,model+crosswalk,
USB,U.S. Bancorp,6021,40,Financials,4010,Banks,401010,Banks,40101015,Regional Banks,0.900,model+crosswalk,
USBC,"USBC, Inc.",6199,45,Information Technology,4520,Technology Hardware & Equipment,452030,"Electronic Equipment, Instruments & Components",45203010,Electronic Equipment & Instruments,0.700,yahoo+sic,
USCB,"USCB Financial Holdings, Inc. Class A Common Stock",6022,40,Financials,4010,Banks,401010,Banks,40101015,Regional Banks,0.900,model+crosswalk,
USDE,StablecoinX Inc. Class A Common Stock,6199,40,Financials,4020,Financial Services,402030,Capital Markets,40203020,Investment Banking & Brokerage,0.750,model+crosswalk,
USDP,USD PARTNERS LP,,20,Industrials,2030,Transportation,203040,Ground Transportation,20304010,Rail Transportation,0.650,yahoo,
USEA,United Maritime Corporation Common Stock,4400,20,Industrials,2030,Transportation,203030,Marine Transportation,20303010,Marine Transportation,0.900,model+crosswalk,
USFD,US Foods Holding Corp.,5140,30,Consumer Staples,3010,Consumer Staples Distribution & Retail,301010,Consumer Staples Distribution & Retail,30101020,Food Distributors,0.900,model+crosswalk,
USGO,U.S. GoldMining Inc. Common stock,1040,15,Materials,1510,Materials,151040,Metals & Mining,15104020,Diversified Metals & Mining,0.750,yahoo+sic,
USIO,"Usio, Inc. Common Stock",6099,40,Financials,4020,Financial Services,402010,Financial Services,40201060,Transaction & Payment Processing Services,0.900,model+crosswalk,
USLM,United States Lime & Minerals,1400,15,Materials,1510,Materials,151020,Construction Materials,15102010,Construction Materials,0.900,model+crosswalk,
USMHF,UNITED SUPER MKTS HLDGS,,,,,,,,,,,,no_evidence
USMT,US METRO BANCORP,,40,Financials,4010,Banks,401010,Banks,40101015,Regional Banks,0.650,model+crosswalk,
USNA,USANA Health Sciences Inc,2833,30,Consumer Staples,3020,"Food, Beverage & Tobacco",302020,Food Products,30202030,Packaged Foods & Meats,0.700,model+crosswalk,
USPH,US Physical Therapy Inc,8000,35,Health Care,3510,Health Care Equipment & Services,351020,Health Care Providers & Services,35102015,Health Care Services,0.750,yahoo+sic,
UTHR,United Therapeutics Corp,2834,35,Health Care,3520,"Pharmaceuticals, Biotechnology & Life Sciences",352020,Pharmaceuticals,35202010,Pharmaceuticals,0.900,model+crosswalk,
UTI,"Universal Technical Institute, Inc.",8200,25,Consumer Discretionary,2530,Consumer Services,253020,Diversified Consumer Services,25302010,Education Services,0.900,model+crosswalk,
UTL,Unitil Corporation,4931,55,Utilities,5510,Utilities,551030,Multi-Utilities,55103010,Multi-Utilities,0.926,model+crosswalk,
UTMD,Utah Medical Products Inc,3841,35,Health Care,3510,Health Care Equipment & Services,351010,Health Care Equipment & Supplies,35101010,Health Care Equipment,0.750,yahoo+sic,
UTSI,UTStarcom Holdings Corp Ordinary Shares (Cayman Islands),3669,45,Information Technology,4520,Technology Hardware & Equipment,452010,Communications Equipment,45201020,Communications Equipment,0.900,model+crosswalk,
UTZ,"Utz Brands, Inc.",2090,30,Consumer Staples,3020,"Food, Beverage & Tobacco",302020,Food Products,30202030,Packaged Foods & Meats,0.900,model+crosswalk,
UUU,"Universal Safety Products, Inc.",5065,20,Industrials,2010,Capital Goods,201020,Building Products,20102010,Building Products,0.600,yahoo,
UUUU,Energy Fuels Inc.,1400,10,Energy,1010,Energy,101020,"Oil, Gas & Consumable Fuels",10102050,Coal & Consumable Fuels,0.600,model+crosswalk,
UVE,"UNIVERSAL INSURANCE HLDG, INC.",6331,40,Financials,4030,Insurance,403010,Insurance,40301040,Property & Casualty Insurance,0.900,model+crosswalk,
UVSP,Univest Financial Corporation Common Stock,6022,40,Financials,4010,Banks,401010,Banks,40101015,Regional Banks,0.900,model+crosswalk,
UVV,Universal Corporation,5150,30,Consumer Staples,3020,"Food, Beverage & Tobacco",302030,Tobacco,30203010,Tobacco,0.750,model+crosswalk,
UWHR,UWHARRIE CAPITAL CORP,,40,Financials,4010,Banks,401010,Banks,40101015,Regional Banks,0.650,model+crosswalk,
UWMC,UWM Holdings Corporation,6162,40,Financials,4020,Financial Services,402010,Financial Services,40201050,Commercial & Residential Mortgage Finance,0.907,model+crosswalk,
UYSC,UY Scuti Acquisition Corp. Ordinary Shares,6770,,,,,,,,,,,shell_company
UZX,Linkage Global Inc Class A Ordinary Shares,5961,25,Consumer Discretionary,2550,Consumer Discretionary Distribution & Retail,255030,Broadline Retail,25503030,Broadline Retail,0.900,model+crosswalk,
V,VISA Inc.,7389,40,Financials,4020,Financial Services,402010,Financial Services,40201060,Transaction & Payment Processing Services,0.900,model+crosswalk,
VABK,Virginia National Bankshares Corporation Common Stock,6021,40,Financials,4010,Banks,401010,Banks,40101015,Regional Banks,0.900,model+crosswalk,
VAC,MARRIOTT VACATIONS WORLDWIDE CORPORATION,6531,25,Consumer Discretionary,2530,Consumer Services,253010,"Hotels, Restaurants & Leisure",25301010,Casinos & Gaming,0.600,yahoo,
VACI,Viking Acquisition Corp. I,6770,,,,,,,,,,,shell_company
VADP,VADO CORP NEW,,50,Communication Services,5020,Media & Entertainment,502010,Media,50201010,Advertising,0.650,model+crosswalk,
VAI,Valor Energy Incorporated Common Stock,7510,20,Industrials,2030,Transportation,203040,Ground Transportation,20304040,Passenger Ground Transportation,0.900,model+crosswalk,
VAL,Valaris Limited,1381,10,Energy,1010,Energy,101010,Energy Equipment & Services,10101010,Oil & Gas Drilling,0.929,model+crosswalk,
VALU,Value Line Inc,6282,40,Financials,4020,Financial Services,402030,Capital Markets,40203040,Financial Exchanges & Data,0.750,yahoo+sic,
VANI,"Vivani Medical, Inc. Common Stock (DE)",3845,35,Health Care,3520,"Pharmaceuticals, Biotechnology & Life Sciences",352010,Biotechnology,35201010,Biotechnology,0.700,model+crosswalk,
VATE,INNOVATE Corp.,3440,20,Industrials,2010,Capital Goods,201030,Construction & Engineering,20103010,Construction & Engineering,0.750,model+crosswalk,
VAXX,VAXXINITY INC A,,35,Health Care,3520,"Pharmaceuticals, Biotechnology & Life Sciences",352010,Biotechnology,35201010,Biotechnology,0.863,model+crosswalk,
VBIO,"Valion Bio, Inc. Common Stock",3845,35,Health Care,3520,"Pharmaceuticals, Biotechnology & Life Sciences",352010,Biotechnology,35201010,Biotechnology,0.700,model+crosswalk,
VBNK,VersaBank Common Shares,6029,40,Financials,4010,Banks,401010,Banks,40101015,Regional Banks,0.900,model+crosswalk,
VC,VISTEON CORPORATION,3714,25,Consumer Discretionary,2510,Automobiles & Components,251010,Automobile Components,25101010,Automotive Parts & Equipment,0.900,model+crosswalk,
VCBD,VITALIBIS INC,,,,,,,,,,,,shell_company
VCEL,Vericel Corporation,2836,35,Health Care,3520,"Pharmaceuticals, Biotechnology & Life Sciences",352010,Biotechnology,35201010,Biotechnology,0.900,model+crosswalk,
VCHYF,V TECH CO LTD,,20,Industrials,2010,Capital Goods,201060,Machinery,20106020,Industrial Machinery & Supplies & Components,0.650,model+crosswalk,
VCIG,VCI Global Limited Ordinary Share,8744,20,Industrials,2020,Commercial & Professional Services,202020,Professional Services,20202020,Research & Consulting Services,0.750,model+crosswalk,
VCNX,VACCINEX INC,,35,Health Care,3520,"Pharmaceuticals, Biotechnology & Life Sciences",352010,Biotechnology,35201010,Biotechnology,0.863,model+crosswalk,
VCTR,"Victory Capital Holdings, Inc. Class A Common Stock",6282,40,Financials,4020,Financial Services,402030,Capital Markets,40203010,Asset Management & Custody Banks,0.900,model+crosswalk,
VCX,"Fundrise Innovation Fund, LLC",,,,,,,,,,,,not_common_equity
VCYT,"Veracyte, Inc.",8071,35,Health Care,3520,"Pharmaceuticals, Biotechnology & Life Sciences",352030,Life Sciences Tools & Services,35203010,Life Sciences Tools & Services,0.900,model+crosswalk,
VECA,Vernal Capital Acquisition Corp.,6770,,,,,,,,,,,shell_company
VECO,Veeco Instruments Inc,3559,45,Information Technology,4530,Semiconductors & Semiconductor Equipment,453010,Semiconductors & Semiconductor Equipment,45301010,Semiconductor Materials & Equipment,0.900,model+crosswalk,
VECRF,VECTOR INC TOKYO,,,,,,,,,,,,no_evidence
VEEA,Veea Inc. Common Stock,7373,45,Information Technology,4510,Software & Services,451020,IT Services,45102030,Internet Services & Infrastructure,0.900,model+crosswalk,
VEEE,Twin Vee PowerCats Co. Common Stock,3730,25,Consumer Discretionary,2520,Consumer Durables & Apparel,252020,Leisure Products,25202010,Leisure Products,0.600,model+crosswalk,
VEEV,Veeva Systems Inc.,7372,35,Health Care,3510,Health Care Equipment & Services,351030,Health Care Technology,35103010,Health Care Technology,0.600,yahoo,
VEL,"Velocity Financial, Inc.",6199,40,Financials,4020,Financial Services,402010,Financial Services,40201050,Commercial & Residential Mortgage Finance,0.750,model+crosswalk,
VELO,"Velo3D, Inc. Common stock",3559,45,Information Technology,4520,Technology Hardware & Equipment,452020,"Technology Hardware, Storage & Peripherals",45202030,"Technology Hardware, Storage & Peripherals",0.600,model+crosswalk,
VENU,Venu Holding Corporation,7900,25,Consumer Discretionary,2530,Consumer Services,253010,"Hotels, Restaurants & Leisure",25301040,Restaurants,0.600,yahoo,
VERA,"Vera Therapeutics, Inc. Class A Common Stock",2834,35,Health Care,3520,"Pharmaceuticals, Biotechnology & Life Sciences",352010,Biotechnology,35201010,Biotechnology,0.900,model+crosswalk,
VERF,VERSAILLES FINANCIAL CORP,,40,Financials,4010,Banks,401010,Banks,40101015,Regional Banks,0.703,model+crosswalk,
VERI,"Veritone, Inc. Common Stock",7374,45,Information Technology,4510,Software & Services,451030,Software,45103020,Systems Software,0.600,yahoo,
VERKF,VERKKOKAUPPA COM OYJ,,,,,,,,,,,,no_evidence
VERU,Veru Inc.,2834,35,Health Care,3520,"Pharmaceuticals, Biotechnology & Life Sciences",352010,Biotechnology,35201010,Biotechnology,0.900,model+crosswalk,
VERX,"Vertex, Inc. Class A Common Stock",7372,45,Information Technology,4510,Software & Services,451030,Software,45103010,Application Software,0.900,model+crosswalk,
VET,VERMILION ENERGY INC.,1311,10,Energy,1010,Energy,101020,"Oil, Gas & Consumable Fuels",10102020,Oil & Gas Exploration & Production,0.900,model+crosswalk,
VFC,V.F. Corporation,2320,25,Consumer Discretionary,2520,Consumer Durables & Apparel,252030,"Textiles, Apparel & Luxury Goods",25203010,"Apparel, Accessories & Luxury Goods",0.550,model+crosswalk,
VFF,"Village Farms International, Inc. Common Shares",0100,30,Consumer Staples,3020,"Food, Beverage & Tobacco",302020,Food Products,30202010,Agricultural Products & Services,0.900,model+crosswalk,
VFS,VinFast Auto Ltd. Ordinary Shares,3711,25,Consumer Discretionary,2510,Automobiles & Components,251020,Automobiles,25102020,Motorcycle Manufacturers,0.750,yahoo+sic,
VG,"Venture Global, Inc.",4924,10,Energy,1010,Energy,101020,"Oil, Gas & Consumable Fuels",10102040,Oil & Gas Storage & Transportation,0.600,model+crosswalk,
VGAS,"Verde Clean Fuels, Inc. Class A Common Stock",2860,55,Utilities,5510,Utilities,551050,Independent Power and Renewable Electricity Producers,55105020,Renewable Electricity,0.600,yahoo,
VGNT,Versigent PLC,3714,25,Consumer Discretionary,2510,Automobiles & Components,251010,Automobile Components,25101010,Automotive Parts & Equipment,0.900,model+crosswalk,
VGZ,Vista Gold Corp.,1040,15,Materials,1510,Materials,151040,Metals & Mining,15104030,Gold,0.900,model+crosswalk,
VHC,VirnetX Holding Corp Common Stock,6794,45,Information Technology,4510,Software & Services,451020,IT Services,45102030,Internet Services & Infrastructure,0.700,yahoo+sic,
VHCP,Vine Hill Capital Investment Corp. II Class A Ordinary Shares,6770,,,,,,,,,,,shell_company
VHI,"Valhi, Inc.",2810,15,Materials,1510,Materials,151010,Chemicals,15101010,Commodity Chemicals,0.900,model+crosswalk,
VHLD,VECTOR 21 HLDGS INC,,,,,,,,,,,,shell_company
VHUB,"VenHub Global, Inc. Common Stock",3590,30,Consumer Staples,3010,Consumer Staples Distribution & Retail,301010,Consumer Staples Distribution & Retail,30101030,Food Retail,0.600,model+crosswalk,
VIA,"Via Transportation, Inc.",7372,45,Information Technology,4510,Software & Services,451030,Software,45103010,Application Software,0.900,model+crosswalk,
VIAV,Viavi Solutions Inc. Common Stock,3674,45,Information Technology,4520,Technology Hardware & Equipment,452010,Communications Equipment,45201020,Communications Equipment,0.700,model+crosswalk,
VICI,VICI Properties Inc. Common Stock,6798,60,Real Estate,6010,Equity Real Estate Investment Trusts (REITs),601010,Diversified REITs,60101010,Diversified REITs,0.750,yahoo+sic,
VICR,Vicor Corp,3679,45,Information Technology,4520,Technology Hardware & Equipment,452030,"Electronic Equipment, Instruments & Components",45203020,Electronic Manufacturing Services,0.750,yahoo+sic,
VIDA,VIDA Global Inc.,7372,40,Financials,4020,Financial Services,402010,Financial Services,40201060,Transaction & Payment Processing Services,0.900,model+crosswalk,
VIELF,VIEL ET CIE,,,,,,,,,,,,no_evidence
VII,Viking Acquisition Corp. II,,,,,,,,,,,,shell_company
VIK,Viking Holdings Ltd,4400,25,Consumer Discretionary,2530,Consumer Services,253010,"Hotels, Restaurants & Leisure",25301020,"Hotels, Resorts & Cruise Lines",0.600,yahoo,
VINC,VINCERX PHARMA INC,,35,Health Care,3520,"Pharmaceuticals, Biotechnology & Life Sciences",352010,Biotechnology,35201010,Biotechnology,0.650,model+crosswalk,
VINP,Vinci Compass Investments Ltd. Class A Common Shares,6282,40,Financials,4020,Financial Services,402030,Capital Markets,40203010,Asset Management & Custody Banks,0.900,model+crosswalk,
VIP,Vulcan Infrastructure and Power Inc. Class A Common Stock,6199,40,Financials,4020,Financial Services,402030,Capital Markets,40203020,Investment Banking & Brokerage,0.750,model+crosswalk,
VIR,"Vir Biotechnology, Inc. Common Stock",2836,35,Health Care,3520,"Pharmaceuticals, Biotechnology & Life Sciences",352010,Biotechnology,35201010,Biotechnology,0.900,model+crosswalk,
VIRC,Virco Mfg. Corporation,2531,25,Consumer Discretionary,2520,Consumer Durables & Apparel,252010,Household Durables,25201020,Home Furnishings,0.600,model+crosswalk,
VIRT,"Virtu Financial, Inc. Class A",6211,40,Financials,4020,Financial Services,402030,Capital Markets,40203020,Investment Banking & Brokerage,0.900,model+crosswalk,
VISL,VISLINK TECHNOLOGIES INC,,45,Information Technology,4520,Technology Hardware & Equipment,452010,Communications Equipment,45201020,Communications Equipment,0.874,model+crosswalk,
VISM,VISIUM TECHNOLOGIES INC,,45,Information Technology,4510,Software & Services,451030,Software,45103020,Systems Software,0.650,model+crosswalk,
VISN,"Vistance Networks, Inc. Common Stock",3663,45,Information Technology,4520,Technology Hardware & Equipment,452010,Communications Equipment,45201020,Communications Equipment,0.900,model+crosswalk,
VITL,"Vital Farms, Inc. Common Stock",2000,30,Consumer Staples,3020,"Food, Beverage & Tobacco",302020,Food Products,30202010,Agricultural Products & Services,0.750,yahoo+sic,
VIVK,"Vivakor, Inc. Common Stock",4953,10,Energy,1010,Energy,101020,"Oil, Gas & Consumable Fuels",10102010,Integrated Oil & Gas,0.600,yahoo,
VIVO,VivoPower PLC Class A Ordinary Shares,4931,45,Information Technology,4510,Software & Services,451020,IT Services,45102030,Internet Services & Infrastructure,0.600,yahoo,
VIVS,"VivoSim Labs, Inc. Common Stock",2836,35,Health Care,3520,"Pharmaceuticals, Biotechnology & Life Sciences",352010,Biotechnology,35201010,Biotechnology,0.900,model+crosswalk,
VKTX,"Viking Therapeutics, Inc",2834,35,Health Care,3520,"Pharmaceuticals, Biotechnology & Life Sciences",352010,Biotechnology,35201010,Biotechnology,0.900,model+crosswalk,
VLGEA,Village Super Market,5411,30,Consumer Staples,3010,Consumer Staples Distribution & Retail,301010,Consumer Staples Distribution & Retail,30101030,Food Retail,0.900,model+crosswalk,
VLN,Valens Semiconductor Ltd.,3674,45,Information Technology,4530,Semiconductors & Semiconductor Equipment,453010,Semiconductors & Semiconductor Equipment,45301020,Semiconductors,0.900,model+crosswalk,
VLNT,VALLANT FINANCIAL INC,,40,Financials,4010,Banks,401010,Banks,40101015,Regional Banks,0.694,model+crosswalk,
VLO,Valero Energy Corporation,2911,10,Energy,1010,Energy,101020,"Oil, Gas & Consumable Fuels",10102030,Oil & Gas Refining & Marketing,0.900,model+crosswalk,
VLOS,Velos Acquisition I Corp. Class A Ordinary shares,6770,,,,,,,,,,,shell_company
VLTO,Veralto Corporation,3825,20,Industrials,2010,Capital Goods,201060,Machinery,20106020,Industrial Machinery & Supplies & Components,0.600,model+crosswalk,
VLY,Valley National Bancorp,6021,40,Financials,4010,Banks,401010,Banks,40101015,Regional Banks,0.900,model+crosswalk,
VMAR,Vision Marine Technologies Inc. Common Shares,3730,25,Consumer Discretionary,2520,Consumer Durables & Apparel,252020,Leisure Products,25202010,Leisure Products,0.600,model+crosswalk,
VMC,Vulcan Materials Company(Holding Company),1400,15,Materials,1510,Materials,151020,Construction Materials,15102010,Construction Materials,0.600,model+crosswalk,
VMD,"Viemed Healthcare, Inc. Common Shares",8090,35,Health Care,3510,Health Care Equipment & Services,351010,Health Care Equipment & Supplies,35101010,Health Care Equipment,0.750,yahoo+sic,
VMET,Versamet Royalties Corporation Common Stock,6795,15,Materials,1510,Materials,151040,Metals & Mining,15104030,Gold,0.900,model+crosswalk,
VMI,"Valmont Industries, Inc.",3440,20,Industrials,2010,Capital Goods,201050,Industrial Conglomerates,20105010,Industrial Conglomerates,0.750,yahoo+sic,
VMRK,Vivmark Residential,6798,60,Real Estate,6010,Equity Real Estate Investment Trusts (REITs),601060,Residential REITs,60106010,Multi-Family Residential REITs,0.900,model+crosswalk,
VNCE,Vince Holding Corp. Common Stock,5600,25,Consumer Discretionary,2520,Consumer Durables & Apparel,252030,"Textiles, Apparel & Luxury Goods",25203010,"Apparel, Accessories & Luxury Goods",0.700,yahoo+sic,
VNDA,Vanda Pharmaceuticals Inc.,2834,35,Health Care,3520,"Pharmaceuticals, Biotechnology & Life Sciences",352010,Biotechnology,35201010,Biotechnology,0.900,model+crosswalk,
VNME,Vendome Acquisition Corporation I Class A Ordinary Shares,6770,,,,,,,,,,,shell_company
VNO,Vornado Realty Trust,6798,60,Real Estate,6010,Equity Real Estate Investment Trusts (REITs),601040,Office REITs,60104010,Office REITs,0.900,model+crosswalk,
VNOM,"Viper Energy, Inc. Class A Common Stock",1311,10,Energy,1010,Energy,101020,"Oil, Gas & Consumable Fuels",10102020,Oil & Gas Exploration & Production,0.879,model,
VNRX,VolitionRx Limited,2835,35,Health Care,3510,Health Care Equipment & Services,351010,Health Care Equipment & Supplies,35101010,Health Care Equipment,0.900,model+crosswalk,
VNT,Vontier Corporation,3824,45,Information Technology,4520,Technology Hardware & Equipment,452030,"Electronic Equipment, Instruments & Components",45203010,Electronic Equipment & Instruments,0.900,model+crosswalk,
VNTA,VENTANA GLOBAL INC,,40,Financials,4020,Financial Services,402020,Consumer Finance,40202010,Consumer Finance,0.650,model+crosswalk,
VNTG,Vantage Corp,4731,20,Industrials,2030,Transportation,203030,Marine Transportation,20303010,Marine Transportation,0.750,model+crosswalk,
VNTRF,VENATOR MATERIALS PLC,,15,Materials,1510,Materials,151010,Chemicals,15101050,Specialty Chemicals,0.970,model+crosswalk,
VOC,VOC ENERGY TRUST,1311,10,Energy,1010,Energy,101020,"Oil, Gas & Consumable Fuels",10102020,Oil & Gas Exploration & Production,0.900,model+crosswalk,
VOGX,Vogenx Inc Common Stock,,35,Health Care,3520,"Pharmaceuticals, Biotechnology & Life Sciences",352010,Biotechnology,35201010,Biotechnology,0.781,model+crosswalk,
VOR,Vor Biopharma Inc. Common Stock,2836,35,Health Care,3520,"Pharmaceuticals, Biotechnology & Life Sciences",352010,Biotechnology,35201010,Biotechnology,0.900,model+crosswalk,
VOXR,Vox Royalty Corp. Common Stock,1040,15,Materials,1510,Materials,151040,Metals & Mining,15104030,Gold,0.750,model+crosswalk,
VOYA,"VOYA FINANCIAL, INC.",6311,40,Financials,4020,Financial Services,402010,Financial Services,40201020,Diversified Financial Services,0.700,yahoo+sic,
VOYG,"Voyager Technologies, Inc.",3760,20,Industrials,2010,Capital Goods,201010,Aerospace & Defense,20101010,Aerospace & Defense,0.900,model+crosswalk,
VPG,"Vishay Precision Group, Inc.",3670,45,Information Technology,4520,Technology Hardware & Equipment,452030,"Electronic Equipment, Instruments & Components",45203010,Electronic Equipment & Instruments,0.750,model+crosswalk,
VRA,"Vera Bradley, Inc.",3100,25,Consumer Discretionary,2520,Consumer Durables & Apparel,252030,"Textiles, Apparel & Luxury Goods",25203010,"Apparel, Accessories & Luxury Goods",0.900,model+crosswalk,
VRAX,Virax Biolabs Group Limited Ordinary Shares,2835,35,Health Care,3520,"Pharmaceuticals, Biotechnology & Life Sciences",352010,Biotechnology,35201010,Biotechnology,0.900,model+crosswalk,
VRCA,Verrica Pharmaceuticals Inc. Common Stock,2834,35,Health Care,3520,"Pharmaceuticals, Biotechnology & Life Sciences",352010,Biotechnology,35201010,Biotechnology,0.900,model+crosswalk,
VRDN,"Viridian Therapeutics, Inc. Common Stock",2834,35,Health Care,3520,"Pharmaceuticals, Biotechnology & Life Sciences",352010,Biotechnology,35201010,Biotechnology,0.900,model+crosswalk,
VREX,Varex Imaging Corporation Common Stock,3679,35,Health Care,3510,Health Care Equipment & Services,351010,Health Care Equipment & Supplies,35101010,Health Care Equipment,0.600,model+crosswalk,
VRM,"Vroom, Inc. Common Stock",5500,40,Financials,4020,Financial Services,402020,Consumer Finance,40202010,Consumer Finance,0.600,yahoo,
VRME,"VerifyMe, Inc. Common Stock",6199,20,Industrials,2020,Commercial & Professional Services,202010,Commercial Services & Supplies,20201080,Security & Alarm Services,0.600,yahoo,
VRNS,"Varonis Systems, Inc.",7372,45,Information Technology,4510,Software & Services,451030,Software,45103020,Systems Software,0.900,model+crosswalk,
VRPX,VIRPAX PHARMS INC,,35,Health Care,3520,"Pharmaceuticals, Biotechnology & Life Sciences",352010,Biotechnology,35201010,Biotechnology,0.650,model+crosswalk,
VRRM,Verra Mobility Corporation Class A Common Stock,4700,45,Information Technology,4510,Software & Services,451020,IT Services,45102010,IT Consulting & Other Services,0.600,model+crosswalk,
VRSK,"Verisk Analytics, Inc. Common Stock",7374,20,Industrials,2020,Commercial & Professional Services,202020,Professional Services,20202020,Research & Consulting Services,0.750,yahoo+sic,
VRSN,VeriSign Inc,7371,45,Information Technology,4510,Software & Services,451020,IT Services,45102030,Internet Services & Infrastructure,0.900,model+crosswalk,
VRT,Vertiv Holdings Co Class A Common Stock,3679,20,Industrials,2010,Capital Goods,201040,Electrical Equipment,20104010,Electrical Components & Equipment,0.600,model+crosswalk,
VRTS,"Virtus Investment Partners, Inc.",6282,40,Financials,4020,Financial Services,402030,Capital Markets,40203010,Asset Management & Custody Banks,0.900,model+crosswalk,
VRTX,Vertex Pharmaceuticals Inc,2834,35,Health Care,3520,"Pharmaceuticals, Biotechnology & Life Sciences",352010,Biotechnology,35201010,Biotechnology,0.900,model+crosswalk,
VRXA,Veraxa Biotech AG Ordinary Shares,2834,35,Health Care,3520,"Pharmaceuticals, Biotechnology & Life Sciences",352010,Biotechnology,35201010,Biotechnology,0.900,model+crosswalk,
VS,Versus Systems Inc. Common Stock,7374,45,Information Technology,4510,Software & Services,451030,Software,45103010,Application Software,0.600,model+crosswalk,
VSAT,Viasat Inc,4899,45,Information Technology,4520,Technology Hardware & Equipment,452010,Communications Equipment,45201020,Communications Equipment,0.600,model+crosswalk,
VSEC,VSE Corp,8711,20,Industrials,2010,Capital Goods,201010,Aerospace & Defense,20101010,Aerospace & Defense,0.750,model+crosswalk,
VSH,"Vishay Intertechnology, Inc.",3670,45,Information Technology,4530,Semiconductors & Semiconductor Equipment,453010,Semiconductors & Semiconductor Equipment,45301020,Semiconductors,0.700,yahoo+sic,
VSIOF,VISION INC,,,,,,,,,,,,no_evidence
VSME,VS Media Holdings Limited Class A Ordinary Shares,7311,50,Communication Services,5020,Media & Entertainment,502010,Media,50201010,Advertising,0.900,model+crosswalk,
VSNT,"Versant Media Group, Inc. Class A Common Stock",4833,25,Consumer Discretionary,2530,Consumer Services,253010,"Hotels, Restaurants & Leisure",25301030,Leisure Facilities,0.600,yahoo,
VST,Vistra Corp.,4911,55,Utilities,5510,Utilities,551050,Independent Power and Renewable Electricity Producers,55105010,Independent Power Producers & Energy Traders,0.750,model+crosswalk,
VSTM,"Verastem, Inc.",2834,35,Health Care,3520,"Pharmaceuticals, Biotechnology & Life Sciences",352010,Biotechnology,35201010,Biotechnology,0.900,model+crosswalk,
VSTS,Vestis Corporation,5190,20,Industrials,2020,Commercial & Professional Services,202010,Commercial Services & Supplies,20201070,Diversified Support Services,0.600,yahoo,
VSXY,Victorias Secret & Co.,5621,25,Consumer Discretionary,2550,Consumer Discretionary Distribution & Retail,255040,Specialty Retail,25504010,Apparel Retail,0.900,model+crosswalk,
VTAK,"Catheter Precision, Inc.",3841,35,Health Care,3510,Health Care Equipment & Services,351010,Health Care Equipment & Supplies,35101010,Health Care Equipment,0.900,model+crosswalk,
VTEPF,VIDENDUM PLC,,25,Consumer Discretionary,2520,Consumer Durables & Apparel,252010,Household Durables,25201010,Consumer Electronics,0.650,model+crosswalk,
VTEX,VTEX,7372,45,Information Technology,4510,Software & Services,451030,Software,45103010,Application Software,0.900,model+crosswalk,
VTGN,"Vistagen Therapeutics, Inc. Common Stock",2834,35,Health Care,3520,"Pharmaceuticals, Biotechnology & Life Sciences",352010,Biotechnology,35201010,Biotechnology,0.900,model+crosswalk,
VTIX,Virtuix Holdings Inc. Class A Common Stock,3577,45,Information Technology,4520,Technology Hardware & Equipment,452020,"Technology Hardware, Storage & Peripherals",45202030,"Technology Hardware, Storage & Peripherals",0.900,model+crosswalk,
VTOL,Bristow Group Inc.,4522,10,Energy,1010,Energy,101010,Energy Equipment & Services,10101020,Oil & Gas Equipment & Services,0.600,model+crosswalk,
VTR,"Ventas, Inc.",6798,60,Real Estate,6010,Equity Real Estate Investment Trusts (REITs),601050,Health Care REITs,60105010,Health Care REITs,0.900,model+crosswalk,
VTRS,Viatris Inc. Common Stock,2834,35,Health Care,3520,"Pharmaceuticals, Biotechnology & Life Sciences",352020,Pharmaceuticals,35202010,Pharmaceuticals,0.900,model+crosswalk,
VTS,"Vitesse Energy, Inc..",1311,10,Energy,1010,Energy,101020,"Oil, Gas & Consumable Fuels",10102020,Oil & Gas Exploration & Production,0.900,model+crosswalk,
VTSI,"VirTra, Inc. Common Stock",3990,45,Information Technology,4510,Software & Services,451030,Software,45103010,Application Software,0.600,model+crosswalk,
VTVT,vTv Therapeutics Inc. Class A Common Stock,2834,35,Health Care,3520,"Pharmaceuticals, Biotechnology & Life Sciences",352010,Biotechnology,35201010,Biotechnology,0.900,model+crosswalk,
VTXB,VORTEX BRANDS CO,,40,Financials,4020,Financial Services,402030,Capital Markets,40203020,Investment Banking & Brokerage,0.650,model+crosswalk,
VUZI,Vuzix Corporation,3663,25,Consumer Discretionary,2520,Consumer Durables & Apparel,252010,Household Durables,25201010,Consumer Electronics,0.600,yahoo,
VVOS,"Vivos Therapeutics, Inc. Common Stock",3841,35,Health Care,3510,Health Care Equipment & Services,351010,Health Care Equipment & Supplies,35101010,Health Care Equipment,0.900,model+crosswalk,
VVV,Valvoline Inc.,2990,25,Consumer Discretionary,2550,Consumer Discretionary Distribution & Retail,255040,Specialty Retail,25504050,Automotive Retail,0.600,model+crosswalk,
VVX,"V2X, Inc.",8744,20,Industrials,2010,Capital Goods,201010,Aerospace & Defense,20101010,Aerospace & Defense,0.700,model+crosswalk,
VWAV,"VisionWave Holdings, Inc. Common Stock",7372,20,Industrials,2010,Capital Goods,201010,Aerospace & Defense,20101010,Aerospace & Defense,0.600,model+crosswalk,
VXRT,VAXART INC,,35,Health Care,3520,"Pharmaceuticals, Biotechnology & Life Sciences",352010,Biotechnology,35201010,Biotechnology,0.863,model+crosswalk,
VYGPF,CARTA HOLDINGS INC,,,,,,,,,,,,no_evidence
VYGR,"Voyager Therapeutics, Inc. Common Stock",2836,35,Health Care,3520,"Pharmaceuticals, Biotechnology & Life Sciences",352010,Biotechnology,35201010,Biotechnology,0.900,model+crosswalk,
VYLR,Vylor Inc.,,,,,,,,,,,,shell_company
VYST,VYSTAR CORP,,20,Industrials,2010,Capital Goods,201060,Machinery,20106020,Industrial Machinery & Supplies & Components,0.650,model+crosswalk,
VYX,NCR Voyix Corporation,3578,20,Industrials,2020,Commercial & Professional Services,202020,Professional Services,20202030,Data Processing & Outsourced Services,0.600,yahoo,
VZ,Verizon Communications,4813,50,Communication Services,5010,Telecommunication Services,501020,Wireless Telecommunication Services,50102010,Wireless Telecommunication Services,0.750,model+crosswalk,
VZLA,Vizsla Silver Corp.,1040,15,Materials,1510,Materials,151040,Metals & Mining,15104020,Diversified Metals & Mining,0.750,yahoo+sic,
W,Wayfair Inc.,5961,25,Consumer Discretionary,2550,Consumer Discretionary Distribution & Retail,255040,Specialty Retail,25504060,Homefurnishing Retail,0.900,model+crosswalk,
WAB,Wabtec Inc.,3743,20,Industrials,2010,Capital Goods,201060,Machinery,20106010,Construction Machinery & Heavy Transportation Equipment,0.550,sic,
WABC,Westamerica Bancorporation,6021,40,Financials,4010,Banks,401010,Banks,40101015,Regional Banks,0.900,model+crosswalk,
WAFD,"WaFd, Inc. Common Stock",6021,40,Financials,4010,Banks,401010,Banks,40101015,Regional Banks,0.900,model+crosswalk,
WAFDP,"WaFd, Inc. Depositary Shares",6021,,,,,,,,,,,not_common_equity
WAFU,Wah Fu Education Group Limited Ordinary Shares,8200,25,Consumer Discretionary,2530,Consumer Services,253020,Diversified Consumer Services,25302010,Education Services,0.900,model+crosswalk,
WAL,Western Alliance Bancorporation,6022,40,Financials,4010,Banks,401010,Banks,40101015,Regional Banks,0.900,model+crosswalk,
WALD,Waldencast plc Class A Ordinary Share,2844,30,Consumer Staples,3030,Household & Personal Products,303020,Personal Care Products,30302010,Personal Care Products,0.900,model+crosswalk,
WASH,Washington Trust Bancorp Inc,6022,40,Financials,4010,Banks,401010,Banks,40101015,Regional Banks,0.925,model+crosswalk,
WAST,WASTE ENERGY CORP.,,20,Industrials,2020,Commercial & Professional Services,202010,Commercial Services & Supplies,20201050,Environmental & Facilities Services,0.650,model+crosswalk,
WAT,Waters Corp,3826,35,Health Care,3520,"Pharmaceuticals, Biotechnology & Life Sciences",352030,Life Sciences Tools & Services,35203010,Life Sciences Tools & Services,0.900,model+crosswalk,
WATR,Air Water Ventures Limited Ordinary Shares,,20,Industrials,2010,Capital Goods,201070,Trading Companies & Distributors,20107010,Trading Companies & Distributors,0.650,model+crosswalk,
WATT,Energous Corporation,3663,45,Information Technology,4520,Technology Hardware & Equipment,452010,Communications Equipment,45201020,Communications Equipment,0.900,model+crosswalk,
WAY,Waystar Holding Corp. Common Stock,7373,35,Health Care,3510,Health Care Equipment & Services,351030,Health Care Technology,35103010,Health Care Technology,0.600,yahoo,
WAYS,WAVE SYNC CORP,,,,,,,,,,,,no_evidence
WBBA,WB BURGERS ASIA INC,,25,Consumer Discretionary,2530,Consumer Services,253010,"Hotels, Restaurants & Leisure",25301040,Restaurants,0.718,model+crosswalk,
WBD,"Warner Bros. Discovery, Inc. Series A Common Stock",4841,50,Communication Services,5020,Media & Entertainment,502020,Entertainment,50202010,Movies & Entertainment,0.750,model+crosswalk,
WBHC,WILSON BK HLDG CO,,40,Financials,4010,Banks,401010,Banks,40101015,Regional Banks,0.650,model+crosswalk,
WBI,WaterBridge Infrastructure LLC,1389,10,Energy,1010,Energy,101010,Energy Equipment & Services,10101020,Oil & Gas Equipment & Services,0.900,model+crosswalk,
WBTN,WEBTOON Entertainment Inc. Common Stock,2741,50,Communication Services,5020,Media & Entertainment,502030,Interactive Media & Services,50203010,Interactive Media & Services,0.750,model+crosswalk,
WBUY,WEBUY GLOBAL LTD. Class A Ordinary Shares,5900,25,Consumer Discretionary,2550,Consumer Discretionary Distribution & Retail,255030,Broadline Retail,25503030,Broadline Retail,0.750,yahoo+sic,
WBX,Wallbox N.V.,3690,20,Industrials,2010,Capital Goods,201040,Electrical Equipment,20104010,Electrical Components & Equipment,0.900,model+crosswalk,
WCC,Wesco International Inc.,5063,20,Industrials,2010,Capital Goods,201070,Trading Companies & Distributors,20107010,Trading Companies & Distributors,0.900,model+crosswalk,
WCCB,West Coast Community Bancorp Common Stock,,40,Financials,4010,Banks,401010,Banks,40101015,Regional Banks,0.650,model+crosswalk,
WCN,"Waste Connections, Inc.",4953,20,Industrials,2020,Commercial & Professional Services,202010,Commercial Services & Supplies,20201050,Environmental & Facilities Services,0.900,model+crosswalk,
WCRS,WESTERN CAPITAL RES,,25,Consumer Discretionary,2550,Consumer Discretionary Distribution & Retail,255040,Specialty Retail,25504040,Other Specialty Retail,0.650,model+crosswalk,
WCT,Wellchange Holdings Company Limited Class A Ordinary shares,7372,45,Information Technology,4510,Software & Services,451030,Software,45103010,Application Software,0.900,model+crosswalk,
WD,"Walker & Dunlop, Inc.",6199,40,Financials,4020,Financial Services,402010,Financial Services,40201050,Commercial & Residential Mortgage Finance,0.900,model+crosswalk,
WDAY,"Workday, Inc. Class A Common Stock",7374,45,Information Technology,4510,Software & Services,451030,Software,45103010,Application Software,0.750,model+crosswalk,
WDC,Western Digital Corp.,3572,45,Information Technology,4520,Technology Hardware & Equipment,452020,"Technology Hardware, Storage & Peripherals",45202030,"Technology Hardware, Storage & Peripherals",0.900,model+crosswalk,
WDFC,Wd-40 Co,2890,15,Materials,1510,Materials,151010,Chemicals,15101050,Specialty Chemicals,0.900,model+crosswalk,
WDFN,WOODLANDS FINL SVCS CO,,40,Financials,4010,Banks,401010,Banks,40101015,Regional Banks,0.650,yahoo,
WDMSF,WISDOM ED INTL HLDGS CO,,25,Consumer Discretionary,2530,Consumer Services,253020,Diversified Consumer Services,25302010,Education Services,0.650,model+crosswalk,
WEAV,"Weave Communications, Inc.",7372,35,Health Care,3510,Health Care Equipment & Services,351030,Health Care Technology,35103010,Health Care Technology,0.600,yahoo,
WEC,"WEC Energy Group, Inc.",4931,55,Utilities,5510,Utilities,551010,Electric Utilities,55101010,Electric Utilities,0.750,model+crosswalk,
WELL,Welltower Inc.,6798,60,Real Estate,6010,Equity Real Estate Investment Trusts (REITs),601050,Health Care REITs,60105010,Health Care REITs,0.900,model+crosswalk,
WEN,The Wendy's Company,5810,25,Consumer Discretionary,2530,Consumer Services,253010,"Hotels, Restaurants & Leisure",25301040,Restaurants,0.900,model+crosswalk,
WENC,West Enclave Merger Corp.,6770,,,,,,,,,,,shell_company
WENN,Wen Acquisition Corp Class A Ordinary Shares,6770,,,,,,,,,,,shell_company
WERN,Werner Enterprises Inc,4213,20,Industrials,2030,Transportation,203040,Ground Transportation,20304030,Cargo Ground Transportation,0.900,model+crosswalk,
WES,"Western Midstream Partners, LP",4922,10,Energy,1010,Energy,101020,"Oil, Gas & Consumable Fuels",10102040,Oil & Gas Storage & Transportation,0.900,model+crosswalk,
WEST,Westrock Coffee Company Common Stock,2080,30,Consumer Staples,3020,"Food, Beverage & Tobacco",302020,Food Products,30202030,Packaged Foods & Meats,0.750,model+crosswalk,
WETH,Wetouch Technology Inc. Common Stock,3577,45,Information Technology,4520,Technology Hardware & Equipment,452030,"Electronic Equipment, Instruments & Components",45203015,Electronic Components,0.750,model+crosswalk,
WETO,Wetour Robotics Limited Ordinary Shares,4100,45,Information Technology,4510,Software & Services,451030,Software,45103020,Systems Software,0.600,model+crosswalk,
WEX,WEX Inc.,7389,40,Financials,4020,Financial Services,402010,Financial Services,40201060,Transaction & Payment Processing Services,0.900,model+crosswalk,
WEYS,Weyco Group Inc,5130,25,Consumer Discretionary,2520,Consumer Durables & Apparel,252030,"Textiles, Apparel & Luxury Goods",25203010,"Apparel, Accessories & Luxury Goods",0.700,model+crosswalk,
WFC,Wells Fargo & Co.,6021,40,Financials,4010,Banks,401010,Banks,40101010,Diversified Banks,0.750,yahoo+sic,
WFCF,"Where Food Comes From, Inc. Common Stock",7372,20,Industrials,2020,Commercial & Professional Services,202020,Professional Services,20202020,Research & Consulting Services,0.600,model+crosswalk,
WFCL,1867 WESTN FINL CORP,,40,Financials,4010,Banks,401010,Banks,40101015,Regional Banks,0.650,model+crosswalk,
WFF,WF Holding Limited Ordinary Shares,3990,20,Industrials,2010,Capital Goods,201060,Machinery,20106020,Industrial Machinery & Supplies & Components,0.600,model+crosswalk,
WFG,West Fraser Timber Co. Ltd,2421,15,Materials,1510,Materials,151050,Paper & Forest Products,15105010,Forest Products,0.931,model+crosswalk,
WFRD,Weatherford International plc Ordinary Shares,3533,10,Energy,1010,Energy,101010,Energy Equipment & Services,10101020,Oil & Gas Equipment & Services,0.900,model+crosswalk,
WGO,"Winnebago Industries, Inc.",3716,25,Consumer Discretionary,2520,Consumer Durables & Apparel,252020,Leisure Products,25202010,Leisure Products,0.900,model+crosswalk,
WGS,GeneDx Holdings Corp. Class A Common Stock,8000,35,Health Care,3520,"Pharmaceuticals, Biotechnology & Life Sciences",352030,Life Sciences Tools & Services,35203010,Life Sciences Tools & Services,0.700,model+crosswalk,
WH,"Wyndham Hotels & Resorts, Inc. Common Stock",7011,25,Consumer Discretionary,2530,Consumer Services,253010,"Hotels, Restaurants & Leisure",25301020,"Hotels, Resorts & Cruise Lines",0.900,model+crosswalk,
WHD,"Cactus, Inc.",3533,10,Energy,1010,Energy,101010,Energy Equipment & Services,10101020,Oil & Gas Equipment & Services,0.900,model+crosswalk,
WHF,"WhiteHorse Finance, Inc.",,40,Financials,4020,Financial Services,402030,Capital Markets,40203010,Asset Management & Custody Banks,0.650,model+crosswalk,
WHFCL,"WhiteHorse Finance, Inc. 7.875% Notes due 2028",,,,,,,,,,,,not_common_equity
WHG,"WESTWOOD HOLDINGS GROUP, INC.",6282,40,Financials,4020,Financial Services,402030,Capital Markets,40203010,Asset Management & Custody Banks,0.900,model+crosswalk,
WHK,WhiteHawk Minerals Corp.,1311,10,Energy,1010,Energy,101020,"Oil, Gas & Consumable Fuels",10102040,Oil & Gas Storage & Transportation,0.750,yahoo+sic,
WHLR,"Wheeler Real Estate Investment Trust, Inc",6798,60,Real Estate,6010,Equity Real Estate Investment Trusts (REITs),601070,Retail REITs,60107010,Retail REITs,0.900,model+crosswalk,
WHLRL,"Wheeler Real Estate Investment Trust, Inc. 7.00% Senior Subordinated Convertible Notes Due 2031",6798,,,,,,,,,,,not_common_equity
WHR,Whirlpool Corp.,3630,25,Consumer Discretionary,2520,Consumer Durables & Apparel,252010,Household Durables,25201040,Household Appliances,0.900,model+crosswalk,
WHWK,"Whitehawk Therapeutics, Inc. Common Stock",2834,35,Health Care,3520,"Pharmaceuticals, Biotechnology & Life Sciences",352010,Biotechnology,35201010,Biotechnology,0.900,model+crosswalk,
WIMI,WiMi Hologram Cloud Inc. Class B Ordinary Shares,7372,50,Communication Services,5020,Media & Entertainment,502010,Media,50201010,Advertising,0.600,yahoo,
WINA,Winmark Corp,5900,25,Consumer Discretionary,2550,Consumer Discretionary Distribution & Retail,255040,Specialty Retail,25504040,Other Specialty Retail,0.900,model+crosswalk,
WING,Wingstop Inc,5812,25,Consumer Discretionary,2530,Consumer Services,253010,"Hotels, Restaurants & Leisure",25301040,Restaurants,0.900,model+crosswalk,
WINT,WINDTREE THERAPEUTICS NEW,,35,Health Care,3520,"Pharmaceuticals, Biotechnology & Life Sciences",352010,Biotechnology,35201010,Biotechnology,0.779,model+crosswalk,
WIX,WIX.com Ltd.,7370,40,Financials,4020,Financial Services,402010,Financial Services,40201060,Transaction & Payment Processing Services,0.900,model+crosswalk,
WK,Workiva Inc.,7372,45,Information Technology,4510,Software & Services,451030,Software,45103010,Application Software,0.900,model+crosswalk,
WKC,World Kinect Corporation,5172,10,Energy,1010,Energy,101020,"Oil, Gas & Consumable Fuels",10102030,Oil & Gas Refining & Marketing,0.750,yahoo+sic,
WKHS,"Workhorse Group, Inc",3711,25,Consumer Discretionary,2510,Automobiles & Components,251020,Automobiles,25102010,Automobile Manufacturers,0.900,model+crosswalk,
WKSP,"Worksport, Ltd. Common Stock",3714,25,Consumer Discretionary,2510,Automobiles & Components,251010,Automobile Components,25101010,Automotive Parts & Equipment,0.900,model+crosswalk,
WLCO,Wilco 63 Corporation Class A Ordinary Shares,,,,,,,,,,,,shell_company
WLDN,"Willdan Group, Inc.",8711,20,Industrials,2010,Capital Goods,201030,Construction & Engineering,20103010,Construction & Engineering,0.900,model+crosswalk,
WLDS,Wearable Devices Ltd. Ordinary Share,3576,25,Consumer Discretionary,2520,Consumer Durables & Apparel,252010,Household Durables,25201010,Consumer Electronics,0.600,yahoo,
WLFC,Willis Lease Finance Corp,5080,20,Industrials,2010,Capital Goods,201070,Trading Companies & Distributors,20107010,Trading Companies & Distributors,0.900,model+crosswalk,
WLII,Willow Lane Acquisition Corp. II Class A Ordinary Shares,6770,,,,,,,,,,,shell_company
WLK,Westlake Corporation,2860,15,Materials,1510,Materials,151010,Chemicals,15101050,Specialty Chemicals,0.750,model+crosswalk,
WLKP,WESTLAKE CHEMICAL PARTNERS LP,2860,15,Materials,1510,Materials,151010,Chemicals,15101010,Commodity Chemicals,0.900,model+crosswalk,
WLPSF,WILLPLUS HOLDINGS CO LTD,,,,,,,,,,,,no_evidence
WLTH,Wealthfront Corporation Common Stock,6199,45,Information Technology,4510,Software & Services,451030,Software,45103010,Application Software,0.600,model+crosswalk,
WLY,"John Wiley & Sons, Inc. Class A",2731,50,Communication Services,5020,Media & Entertainment,502010,Media,50201040,Publishing,0.600,yahoo,
WLYB,"John Wiley & Sons, Inc. Class B",2731,50,Communication Services,5020,Media & Entertainment,502010,Media,50201040,Publishing,0.600,yahoo,
WM,"Waste Management, Inc.",4953,20,Industrials,2020,Commercial & Professional Services,202010,Commercial Services & Supplies,20201050,Environmental & Facilities Services,0.900,model+crosswalk,
WMB,Williams Companies Inc.,4922,10,Energy,1010,Energy,101020,"Oil, Gas & Consumable Fuels",10102040,Oil & Gas Storage & Transportation,0.900,model+crosswalk,
WMG,Warner Music Group Corp. Class A Common Stock,7900,50,Communication Services,5020,Media & Entertainment,502020,Entertainment,50202010,Movies & Entertainment,0.600,model+crosswalk,
WMK,"Weis Markets, Inc.",5411,30,Consumer Staples,3010,Consumer Staples Distribution & Retail,301010,Consumer Staples Distribution & Retail,30101030,Food Retail,0.900,model+crosswalk,
WMS,"ADVANCED DRAINAGE SYSTEMS, INC.",3086,20,Industrials,2010,Capital Goods,201020,Building Products,20102010,Building Products,0.600,model+crosswalk,
WMT,Walmart Inc. Common Stock,5331,30,Consumer Staples,3010,Consumer Staples Distribution & Retail,301010,Consumer Staples Distribution & Retail,30101040,Consumer Staples Merchandise Retail,0.900,model+crosswalk,
WNBD,WINNING BRANDS CORP,,30,Consumer Staples,3030,Household & Personal Products,303010,Household Products,30301010,Household Products,0.650,yahoo,
WNC,Wabash National Corp.,3715,20,Industrials,2010,Capital Goods,201060,Machinery,20106010,Construction Machinery & Heavy Transportation Equipment,0.900,model+crosswalk,
WNEB,"Western New England Bancorp, Inc.",6035,40,Financials,4010,Banks,401010,Banks,40101015,Regional Banks,0.900,model+crosswalk,
WNFT,WORLDWIDE NFT INC,,,,,,,,,,,,shell_company
WNRS,WINNERS INC,,25,Consumer Discretionary,2530,Consumer Services,253010,"Hotels, Restaurants & Leisure",25301010,Casinos & Gaming,0.650,model+crosswalk,
WNW,Meiwu Technology Company Limited Ordinary Shares,2840,25,Consumer Discretionary,2550,Consumer Discretionary Distribution & Retail,255030,Broadline Retail,25503030,Broadline Retail,0.600,yahoo,
WOBK,WOODSBORO BK MD,,40,Financials,4010,Banks,401010,Banks,40101015,Regional Banks,0.650,model+crosswalk,
WOEN,WOLF ENERGY SERVICES INC,,20,Industrials,2030,Transportation,203040,Ground Transportation,20304030,Cargo Ground Transportation,0.650,model+crosswalk,
WOK,WORK Medical Technology Group LTD Class A Ordinary Shares,3841,35,Health Care,3510,Health Care Equipment & Services,351010,Health Care Equipment & Supplies,35101020,Health Care Supplies,0.900,model+crosswalk,
WOLF,"Wolfspeed, Inc.",3674,45,Information Technology,4530,Semiconductors & Semiconductor Equipment,453010,Semiconductors & Semiconductor Equipment,45301020,Semiconductors,0.900,model+crosswalk,
WOOF,"Petco Health and Wellness Company, Inc. Class A Common Stock",5990,25,Consumer Discretionary,2550,Consumer Discretionary Distribution & Retail,255040,Specialty Retail,25504040,Other Specialty Retail,0.900,model+crosswalk,
WOR,"Worthington Enterprises, Inc.",3310,20,Industrials,2010,Capital Goods,201020,Building Products,20102010,Building Products,0.600,yahoo,
WOWI,METRO ONE TELECOMMUNS INC,,45,Information Technology,4510,Software & Services,451030,Software,45103010,Application Software,0.838,model+crosswalk,
WPAC,White Pearl Acquisition Corp.,6770,,,,,,,,,,,shell_company
WPC,W.P. Carey Inc. (REIT),6798,60,Real Estate,6010,Equity Real Estate Investment Trusts (REITs),601010,Diversified REITs,60101010,Diversified REITs,0.750,yahoo+sic,
WPM,Wheaton Precious Metals Corp. Common Stock,1040,15,Materials,1510,Materials,151040,Metals & Mining,15104030,Gold,0.832,model+crosswalk,
WPRT,Westport Fuel Systems Inc Common Shares,3510,25,Consumer Discretionary,2510,Automobiles & Components,251010,Automobile Components,25101010,Automotive Parts & Equipment,0.600,model+crosswalk,
WRAP,"Wrap Technologies, Inc. Common Stock",3480,45,Information Technology,4520,Technology Hardware & Equipment,452030,"Electronic Equipment, Instruments & Components",45203010,Electronic Equipment & Instruments,0.600,model+crosswalk,
WRB,W.R. Berkley Corporation,6331,40,Financials,4030,Insurance,403010,Insurance,40301040,Property & Casualty Insurance,0.936,model+crosswalk,
WRBY,Warby Parker Inc.,3851,35,Health Care,3510,Health Care Equipment & Services,351010,Health Care Equipment & Supplies,35101020,Health Care Supplies,0.900,model+crosswalk,
WRIV,WHITE RIVER BANCSHARES CO,,40,Financials,4010,Banks,401010,Banks,40101015,Regional Banks,0.650,model+crosswalk,
WRLC,WINDROCK LD CO,,20,Industrials,2010,Capital Goods,201050,Industrial Conglomerates,20105010,Industrial Conglomerates,0.650,yahoo,
WRLD,World Acceptance Corp,6141,40,Financials,4020,Financial Services,402020,Consumer Finance,40202010,Consumer Finance,0.900,model+crosswalk,
WRN,Western Copper and Gold Corporation,1000,15,Materials,1510,Materials,151040,Metals & Mining,15104020,Diversified Metals & Mining,0.750,model+crosswalk,
WS,"Worthington Steel, Inc.",3310,15,Materials,1510,Materials,151040,Metals & Mining,15104050,Steel,0.900,model+crosswalk,
WSBC,WesBanco Inc,6021,40,Financials,4010,Banks,401010,Banks,40101015,Regional Banks,0.900,model+crosswalk,
WSBCO,"WesBanco, Inc. Depositary Shares each representing 1/40th interest in a share of 7.375% Fixed-Rate Reset Non-Cumulative Perpetual Preferred Stock, Series B",6021,,,,,,,,,,,not_common_equity
WSBF,"Waterstone Financial, Inc.",6035,40,Financials,4010,Banks,401010,Banks,40101015,Regional Banks,0.900,model+crosswalk,
WSBK,"Winchester Bancorp, Inc. Common Stock",6036,40,Financials,4010,Banks,401010,Banks,40101015,Regional Banks,0.900,model+crosswalk,
WSC,WillScot Holdings Corporation Class A Common Stock,7350,20,Industrials,2010,Capital Goods,201070,Trading Companies & Distributors,20107010,Trading Companies & Distributors,0.900,model+crosswalk,
WSE,Wise Group plc Class A Ordinary Shares,7389,45,Information Technology,4510,Software & Services,451020,IT Services,45102010,IT Consulting & Other Services,0.750,yahoo+sic,
WSFS,WSFS Financial Corp,6021,40,Financials,4010,Banks,401010,Banks,40101015,Regional Banks,0.900,model+crosswalk,
WSHP,WeShop Holdings Limited Class A Ordinary Shares,5900,50,Communication Services,5020,Media & Entertainment,502030,Interactive Media & Services,50203010,Interactive Media & Services,0.600,model+crosswalk,
WSM,"Williams-Sonoma, Inc.",5700,25,Consumer Discretionary,2550,Consumer Discretionary Distribution & Retail,255040,Specialty Retail,25504060,Homefurnishing Retail,0.900,model+crosswalk,
WSO,"Watsco, Inc.",5070,20,Industrials,2010,Capital Goods,201070,Trading Companies & Distributors,20107010,Trading Companies & Distributors,0.900,model+crosswalk,
WSO.B,"Watsco, Inc. Class B",5070,20,Industrials,2010,Capital Goods,201070,Trading Companies & Distributors,20107010,Trading Companies & Distributors,0.900,model+crosswalk,
WSSH,WEST SHORE BANK CORP,,40,Financials,4010,Banks,401010,Banks,40101015,Regional Banks,0.650,model+crosswalk,
WST,"West Pharmaceutical Services, Inc.",3841,35,Health Care,3510,Health Care Equipment & Services,351010,Health Care Equipment & Supplies,35101020,Health Care Supplies,0.750,model+crosswalk,
WSTN,Westin Acquisition Corp Class A Ordinary Share,6770,,,,,,,,,,,shell_company
WT,"WisdomTree, Inc.",6211,40,Financials,4020,Financial Services,402030,Capital Markets,40203010,Asset Management & Custody Banks,0.900,model+crosswalk,
WTBA,West Bancorporation,6022,40,Financials,4010,Banks,401010,Banks,40101015,Regional Banks,0.900,model+crosswalk,
WTBFA,W T B FINANCIAL CRP A,,40,Financials,4010,Banks,401010,Banks,40101015,Regional Banks,0.650,model+crosswalk,
WTBFB,W T B FINANCIAL CRP B,,40,Financials,4010,Banks,401010,Banks,40101015,Regional Banks,0.650,model+crosswalk,
WTER,ALKALINE WATER CO,,30,Consumer Staples,3020,"Food, Beverage & Tobacco",302010,Beverages,30201030,Soft Drinks & Non-alcoholic Beverages,0.694,model+crosswalk,
WTF,Waton Financial Limited Ordinary Shares,6200,40,Financials,4020,Financial Services,402030,Capital Markets,40203020,Investment Banking & Brokerage,0.900,model+crosswalk,
WTFC,Wintrust Financial Corp,6022,40,Financials,4010,Banks,401010,Banks,40101015,Regional Banks,0.900,model+crosswalk,
WTG,Wintergreen Acquisition Corp. Ordinary Shares,7370,,,,,,,,,,,shell_company
WTI,"W&T Offshore, Inc.",1311,10,Energy,1010,Energy,101020,"Oil, Gas & Consumable Fuels",10102020,Oil & Gas Exploration & Production,0.900,model+crosswalk,
WTM,White Mountains Insurance Group Ltd.,6331,40,Financials,4030,Insurance,403010,Insurance,40301040,Property & Casualty Insurance,0.908,model+crosswalk,
WTRG,"Essential Utilities, Inc.",4941,55,Utilities,5510,Utilities,551040,Water Utilities,55104010,Water Utilities,0.900,model+crosswalk,
WTS,"Watts Water Technologies, Inc. Class A",3490,20,Industrials,2010,Capital Goods,201020,Building Products,20102010,Building Products,0.750,yahoo+sic,
WTTR,"Select Water Solutions, Inc.",1389,10,Energy,1010,Energy,101010,Energy Equipment & Services,10101020,Oil & Gas Equipment & Services,0.900,model+crosswalk,
WTW,Willis Towers Watson Public Limited Company Ordinary Shares,6411,40,Financials,4030,Insurance,403010,Insurance,40301010,Insurance Brokers,0.900,model+crosswalk,
WU,The Western Union Company,7389,40,Financials,4020,Financial Services,402010,Financial Services,40201060,Transaction & Payment Processing Services,0.600,model+crosswalk,
WULF,TeraWulf Inc. Common Stock,6199,40,Financials,4020,Financial Services,402030,Capital Markets,40203020,Investment Banking & Brokerage,0.750,model+crosswalk,
WVE,Wave Life Sciences Ltd. Ordinary Shares,2834,35,Health Care,3520,"Pharmaceuticals, Biotechnology & Life Sciences",352010,Biotechnology,35201010,Biotechnology,0.900,model+crosswalk,
WVFC,WVS FINCL CORP,,40,Financials,4010,Banks,401010,Banks,40101015,Regional Banks,0.650,model+crosswalk,
WVVI,Willamette Valley Vineyards,2080,30,Consumer Staples,3020,"Food, Beverage & Tobacco",302010,Beverages,30201020,Distillers & Vintners,0.900,model+crosswalk,
WW,"WW International, Inc. Common Stock",7200,35,Health Care,3510,Health Care Equipment & Services,351020,Health Care Providers & Services,35102020,Health Care Facilities,0.600,model+crosswalk,
WWD,"Woodward, Inc.",3620,20,Industrials,2010,Capital Goods,201010,Aerospace & Defense,20101010,Aerospace & Defense,0.750,model+crosswalk,
WWR,"Westwater Resources, Inc.",1000,15,Materials,1510,Materials,151040,Metals & Mining,15104020,Diversified Metals & Mining,0.900,model+crosswalk,
WWW,"Wolverine World Wide, Inc.",3140,25,Consumer Discretionary,2520,Consumer Durables & Apparel,252030,"Textiles, Apparel & Luxury Goods",25203010,"Apparel, Accessories & Luxury Goods",0.750,model+crosswalk,
WXM,WF International Limited Ordinary Shares,1700,20,Industrials,2010,Capital Goods,201070,Trading Companies & Distributors,20107010,Trading Companies & Distributors,0.750,yahoo+sic,
WY,Weyerhaeuser Company,6798,60,Real Estate,6010,Equity Real Estate Investment Trusts (REITs),601080,Specialized REITs,60108040,Timber REITs,0.932,model+crosswalk,
WYFI,"WhiteFiber, Inc. Ordinary Shares",6199,45,Information Technology,4510,Software & Services,451020,IT Services,45102030,Internet Services & Infrastructure,0.600,model+crosswalk,
WYNN,Wynn Resorts Ltd,7011,25,Consumer Discretionary,2530,Consumer Services,253010,"Hotels, Restaurants & Leisure",25301020,"Hotels, Resorts & Cruise Lines",0.900,model+crosswalk,
WYY,WidePoint Corporation,7373,45,Information Technology,4510,Software & Services,451020,IT Services,45102010,IT Consulting & Other Services,0.900,model+crosswalk,
XAIR,"Beyond Air, Inc. Common Stock",3841,35,Health Care,3510,Health Care Equipment & Services,351010,Health Care Equipment & Supplies,35101010,Health Care Equipment,0.900,model+crosswalk,
XBIO,"Xenetic Biosciences, Inc.",2834,35,Health Care,3520,"Pharmaceuticals, Biotechnology & Life Sciences",352010,Biotechnology,35201010,Biotechnology,0.900,model+crosswalk,
XBIT,XBiotech Inc,2834,35,Health Care,3520,"Pharmaceuticals, Biotechnology & Life Sciences",352010,Biotechnology,35201010,Biotechnology,0.900,model+crosswalk,
XBP,"XBP Global Holdings, Inc. Common Stock",7389,45,Information Technology,4510,Software & Services,451030,Software,45103020,Systems Software,0.750,yahoo+sic,
XCBE,X3 Acquisition Corp. Ltd. Class A Ordinary Shares,6770,,,,,,,,,,,shell_company
XCPL,XCPCNL BUSINESS SERVICES,,,,,,,,,,,,no_evidence
XCUR,"Exicure, Inc. Common Stock",2834,35,Health Care,3520,"Pharmaceuticals, Biotechnology & Life Sciences",352010,Biotechnology,35201010,Biotechnology,0.900,model+crosswalk,
XE,"X-Energy, Inc. Class A Common Stock",3443,20,Industrials,2010,Capital Goods,201060,Machinery,20106020,Industrial Machinery & Supplies & Components,0.900,model+crosswalk,
XEL,"Xcel Energy, Inc.",4931,55,Utilities,5510,Utilities,551010,Electric Utilities,55101010,Electric Utilities,0.750,model+crosswalk,
XELA,EXELA TECHNOLOGIES INC,,45,Information Technology,4510,Software & Services,451030,Software,45103010,Application Software,0.923,model+crosswalk,
XELB,XCEL BRANDS INC.,6794,25,Consumer Discretionary,2520,Consumer Durables & Apparel,252030,"Textiles, Apparel & Luxury Goods",25203010,"Apparel, Accessories & Luxury Goods",0.900,model+crosswalk,
XELLL,"Xcel Energy Inc. 6.25% Junior Subordinated Notes, Series due 2085",4931,,,,,,,,,,,not_common_equity
XENE,Xenon Pharmaceuticals Inc,2834,35,Health Care,3520,"Pharmaceuticals, Biotechnology & Life Sciences",352010,Biotechnology,35201010,Biotechnology,0.900,model+crosswalk,
XERS,"Xeris Biopharma Holdings, Inc. Common Stock",2834,35,Health Care,3520,"Pharmaceuticals, Biotechnology & Life Sciences",352020,Pharmaceuticals,35202010,Pharmaceuticals,0.750,yahoo+sic,
XFLH,XFLH Capital Corporation,6770,,,,,,,,,,,shell_company
XFOR,"X4 Pharmaceuticals, Inc. Common Stock",2836,35,Health Care,3520,"Pharmaceuticals, Biotechnology & Life Sciences",352010,Biotechnology,35201010,Biotechnology,0.900,model+crosswalk,
XGN,Exagen Inc. Common Stock,8071,35,Health Care,3510,Health Care Equipment & Services,351010,Health Care Equipment & Supplies,35101010,Health Care Equipment,0.750,yahoo+sic,
XHLD,"TEN Holdings, Inc. Common Stock",7389,50,Communication Services,5020,Media & Entertainment,502010,Media,50201020,Broadcasting,0.600,yahoo,
XHR,"Xenia Hotels & Resorts, Inc.",7011,60,Real Estate,6010,Equity Real Estate Investment Trusts (REITs),601030,Hotel & Resort REITs,60103010,Hotel & Resort REITs,0.600,model+crosswalk,
XIFR,"XPLR Infrastructure, LP",4911,55,Utilities,5510,Utilities,551050,Independent Power and Renewable Electricity Producers,55105020,Renewable Electricity,0.900,model+crosswalk,
XIII,Churchill Capital Corp XIII Class A Ordinary Shares,,,,,,,,,,,,shell_company
XLAB,Exascale Labs Holdings Inc. Class A Common Stock,,45,Information Technology,4510,Software & Services,451020,IT Services,45102030,Internet Services & Infrastructure,0.650,yahoo,
XLO,"Xilio Therapeutics, Inc. Common Stock",2834,35,Health Care,3520,"Pharmaceuticals, Biotechnology & Life Sciences",352010,Biotechnology,35201010,Biotechnology,0.900,model+crosswalk,
XMAX,"XMAX, Inc. Common Stock",2510,25,Consumer Discretionary,2520,Consumer Durables & Apparel,252010,Household Durables,25201020,Home Furnishings,0.900,model+crosswalk,
XMTR,"Xometry, Inc. Class A Common Stock",7389,20,Industrials,2010,Capital Goods,201070,Trading Companies & Distributors,20107010,Trading Companies & Distributors,0.700,model+crosswalk,
XNCR,"Xencor, Inc.",2834,35,Health Care,3520,"Pharmaceuticals, Biotechnology & Life Sciences",352010,Biotechnology,35201010,Biotechnology,0.900,model+crosswalk,
XNDU,Xanadu Quantum Technologies Limited Class B Subordinate Voting Shares,3571,45,Information Technology,4510,Software & Services,451030,Software,45103020,Systems Software,0.700,yahoo+sic,
XOM,ExxonMobil Holdings Corporation,2911,10,Energy,1010,Energy,101020,"Oil, Gas & Consumable Fuels",10102010,Integrated Oil & Gas,0.750,yahoo+sic,
XOS,"Xos, Inc. Common Stock",3714,20,Industrials,2010,Capital Goods,201060,Machinery,20106010,Construction Machinery & Heavy Transportation Equipment,0.600,model+crosswalk,
XP,XP Inc. Class A Common Stock,6211,40,Financials,4020,Financial Services,402030,Capital Markets,40203020,Investment Banking & Brokerage,0.900,model+crosswalk,
XPEL,"XPEL, Inc. Common Stock",3470,25,Consumer Discretionary,2510,Automobiles & Components,251010,Automobile Components,25101010,Automotive Parts & Equipment,0.600,model+crosswalk,
XPER,Xperi Inc,7372,45,Information Technology,4510,Software & Services,451030,Software,45103010,Application Software,0.900,model+crosswalk,
XPL,Solitario Resources Corp.,1040,15,Materials,1510,Materials,151040,Metals & Mining,15104020,Diversified Metals & Mining,0.750,yahoo+sic,
XPO,"XPO, Inc.",4700,20,Industrials,2030,Transportation,203040,Ground Transportation,20304030,Cargo Ground Transportation,0.750,model+crosswalk,
XPOF,"Xponential Fitness, Inc.",7990,25,Consumer Discretionary,2520,Consumer Durables & Apparel,252020,Leisure Products,25202010,Leisure Products,0.700,model+crosswalk,
XPON,"Expion Energy, Inc. Common Stock",3690,20,Industrials,2010,Capital Goods,201040,Electrical Equipment,20104010,Electrical Components & Equipment,0.900,model+crosswalk,
XPRO,Expro Ltd,1389,10,Energy,1010,Energy,101010,Energy Equipment & Services,10101020,Oil & Gas Equipment & Services,0.967,model+crosswalk,
XRAY,DENTSPLY SIRONA Inc.,3843,35,Health Care,3510,Health Care Equipment & Services,351010,Health Care Equipment & Supplies,35101010,Health Care Equipment,0.750,yahoo+sic,
XRN,Chiron Real Estate Inc.,6798,60,Real Estate,6010,Equity Real Estate Investment Trusts (REITs),601050,Health Care REITs,60105010,Health Care REITs,0.900,model+crosswalk,
XRPN,Armada Acquisition Corp. II Class A Ordinary Shares,6770,,,,,,,,,,,shell_company
XRTX,XORTX Therapeutics Inc. Common Stock,2834,35,Health Care,3520,"Pharmaceuticals, Biotechnology & Life Sciences",352010,Biotechnology,35201010,Biotechnology,0.900,model+crosswalk,
XRX,Xerox Holdings Corporation Common Stock,3577,20,Industrials,2020,Commercial & Professional Services,202010,Commercial Services & Supplies,20201060,Office Services & Supplies,0.600,yahoo,
XSLL,Xsolla SPAC 1 Class A Ordinary Shares,6770,,,,,,,,,,,shell_company
XTER,Karman Line Acquisition Corp. Class A Ordinary Shares,,,,,,,,,,,,shell_company
XTIA,"XTI Aerospace, Inc. Common Stock",7371,20,Industrials,2010,Capital Goods,201010,Aerospace & Defense,20101010,Aerospace & Defense,0.600,model+crosswalk,
XTND,"Xtend AI Robotics, Inc.",,45,Information Technology,4520,Technology Hardware & Equipment,452020,"Technology Hardware, Storage & Peripherals",45202030,"Technology Hardware, Storage & Peripherals",0.650,yahoo,
XTNT,"Xtant Medical Holdings, Inc.",3841,35,Health Care,3510,Health Care Equipment & Services,351010,Health Care Equipment & Supplies,35101010,Health Care Equipment,0.900,model+crosswalk,
XWEL,"XWELL, Inc. Common Stock",7200,35,Health Care,3520,"Pharmaceuticals, Biotechnology & Life Sciences",352030,Life Sciences Tools & Services,35203010,Life Sciences Tools & Services,0.600,model+crosswalk,
XXI,"Twenty One Capital, Inc.",6199,25,Consumer Discretionary,2530,Consumer Services,253020,Diversified Consumer Services,25302010,Education Services,0.600,model+crosswalk,
XXII,22nd Century Group Inc.,2111,30,Consumer Staples,3020,"Food, Beverage & Tobacco",302030,Tobacco,30203010,Tobacco,0.908,model+crosswalk,
XYL,Xylem Inc,3561,20,Industrials,2010,Capital Goods,201060,Machinery,20106020,Industrial Machinery & Supplies & Components,0.900,model+crosswalk,
XYZ,"Block, Inc.",7372,40,Financials,4020,Financial Services,402010,Financial Services,40201060,Transaction & Payment Processing Services,0.900,model+crosswalk,
XZO,"Exzeo Group, Inc.",7372,40,Financials,4030,Insurance,403010,Insurance,40301030,Multi-line Insurance,0.600,yahoo,
YAAS,Youxin Technology Ltd Class A Ordinary shares,7372,45,Information Technology,4510,Software & Services,451030,Software,45103010,Application Software,0.900,model+crosswalk,
YARW,"Yarrow Bioscience, Inc. Common Stock",2834,35,Health Care,3520,"Pharmaceuticals, Biotechnology & Life Sciences",352010,Biotechnology,35201010,Biotechnology,0.900,model+crosswalk,
YCBD,"cbdMD, Inc. Common Stock",2844,35,Health Care,3520,"Pharmaceuticals, Biotechnology & Life Sciences",352020,Pharmaceuticals,35202010,Pharmaceuticals,0.600,model+crosswalk,
YCSBF,YOUNG CO S BREWERY PLC A,,25,Consumer Discretionary,2530,Consumer Services,253010,"Hotels, Restaurants & Leisure",25301040,Restaurants,0.650,model+crosswalk,
YCY,AA Mission Acquisition Corp. II,6770,,,,,,,,,,,shell_company
YDDL,One and One Green Technologies. Inc Class A Ordinary Shares,5090,20,Industrials,2020,Commercial & Professional Services,202010,Commercial Services & Supplies,20201050,Environmental & Facilities Services,0.600,model+crosswalk,
YDES,YD Bio Limited Ordinary Shares,8071,35,Health Care,3520,"Pharmaceuticals, Biotechnology & Life Sciences",352010,Biotechnology,35201010,Biotechnology,0.700,model+crosswalk,
YDKG,Yueda Digital Holding Class A Ordinary Share,7311,50,Communication Services,5020,Media & Entertainment,502010,Media,50201010,Advertising,0.900,model+crosswalk,
YELP,YELP INC.,7200,50,Communication Services,5020,Media & Entertainment,502030,Interactive Media & Services,50203010,Interactive Media & Services,0.600,model+crosswalk,
YETI,"YETI Holdings, Inc. Common Stock",3949,25,Consumer Discretionary,2520,Consumer Durables & Apparel,252020,Leisure Products,25202010,Leisure Products,0.900,model+crosswalk,
YEXT,"Yext, Inc.",7374,45,Information Technology,4510,Software & Services,451030,Software,45103020,Systems Software,0.750,yahoo+sic,
YFOR,YYForce Inc. Class A Ordinary Shares,,20,Industrials,2020,Commercial & Professional Services,202010,Commercial Services & Supplies,20201070,Diversified Support Services,0.650,yahoo,
YHC,LQR House Inc. Common Stock,2080,30,Consumer Staples,3020,"Food, Beverage & Tobacco",302010,Beverages,30201020,Distillers & Vintners,0.900,model+crosswalk,
YHGJ,Yunhong Green CTI Ltd. Common Stock,3060,15,Materials,1510,Materials,151030,Containers & Packaging,15103020,Paper & Plastic Packaging Products & Materials,0.600,model+crosswalk,
YHNA,YHN Acquisition I Limited Ordinary Shares,6770,,,,,,,,,,,shell_company
YIBO,Planet Image International Limited Class A Ordinary Shares,3577,45,Information Technology,4520,Technology Hardware & Equipment,452020,"Technology Hardware, Storage & Peripherals",45202030,"Technology Hardware, Storage & Peripherals",0.900,model+crosswalk,
YICC,Yorkville International Capital Corp. Class A Ordinary Shares,6770,,,,,,,,,,,shell_company
YMAT,"J-Star Holding Co., Ltd. Class A Ordinary Shares",3949,15,Materials,1510,Materials,151010,Chemicals,15101050,Specialty Chemicals,0.600,yahoo,
YMFCF,YAMASHIN FILTER CORP,,,,,,,,,,,,no_evidence
YNOYF,YOSHINOYA HLDGS CO LTD,,25,Consumer Discretionary,2530,Consumer Services,253010,"Hotels, Restaurants & Leisure",25301040,Restaurants,0.650,model+crosswalk,
YOKHF,YOKOHAMA MARUUO CO LTD,,,,,,,,,,,,no_evidence
YORW,York Water Co,4941,55,Utilities,5510,Utilities,551040,Water Utilities,55104010,Water Utilities,0.900,model+crosswalk,
YOU,"Clear Secure, Inc.",7372,45,Information Technology,4510,Software & Services,451030,Software,45103010,Application Software,0.900,model+crosswalk,
YOWOF,YOKOWO MFG CO LTD,,,,,,,,,,,,no_evidence
YQAI,YOUNEEQAI TECH SVCS,,45,Information Technology,4510,Software & Services,451030,Software,45103020,Systems Software,0.650,model+crosswalk,
YSS,York Space Systems Inc.,3760,20,Industrials,2010,Capital Goods,201010,Aerospace & Defense,20101010,Aerospace & Defense,0.900,model+crosswalk,
YSWY,"Yesway, Inc. Class A Common Stock",5411,30,Consumer Staples,3010,Consumer Staples Distribution & Retail,301010,Consumer Staples Distribution & Retail,30101030,Food Retail,0.900,model+crosswalk,
YSXT,"YSX Tech. Co., Ltd Class A Ordinary Shares",7500,20,Industrials,2020,Commercial & Professional Services,202010,Commercial Services & Supplies,20201070,Diversified Support Services,0.600,yahoo,
YTRA,"Yatra Online, Inc. Ordinary Shares",4700,25,Consumer Discretionary,2530,Consumer Services,253010,"Hotels, Restaurants & Leisure",25301020,"Hotels, Resorts & Cruise Lines",0.600,yahoo,
YUM,"Yum! Brands, Inc.",5812,25,Consumer Discretionary,2530,Consumer Services,253010,"Hotels, Restaurants & Leisure",25301040,Restaurants,0.900,model+crosswalk,
YUMC,"Yum China Holdings, Inc. Common Stock",5812,25,Consumer Discretionary,2530,Consumer Services,253010,"Hotels, Restaurants & Leisure",25301040,Restaurants,0.900,model+crosswalk,
YYAI,AiRWA Inc. Common Stock,7370,45,Information Technology,4510,Software & Services,451030,Software,45103020,Systems Software,0.750,yahoo+sic,
YYGH,YY Group Holding Limited Class A Ordinary Shares,7363,20,Industrials,2020,Commercial & Professional Services,202020,Professional Services,20202010,Human Resource & Employment Services,0.900,model+crosswalk,
Z,"Zillow Group, Inc. Class C Capital Stock",7389,50,Communication Services,5020,Media & Entertainment,502030,Interactive Media & Services,50203010,Interactive Media & Services,0.600,model+crosswalk,
ZARE,ARES RL EST INC TR REIT E,,60,Real Estate,6010,Equity Real Estate Investment Trusts (REITs),601010,Diversified REITs,60101010,Diversified REITs,0.350,keywords,
ZBAO,Zhibao Technology Inc. Class A Ordinary Shares,6411,40,Financials,4030,Insurance,403010,Insurance,40301010,Insurance Brokers,0.900,model+crosswalk,
ZBH,"Zimmer Biomet Holdings, Inc.",3842,35,Health Care,3510,Health Care Equipment & Services,351010,Health Care Equipment & Supplies,35101010,Health Care Equipment,0.750,yahoo+sic,
ZBIO,"Zenas BioPharma, Inc. Common Stock",2834,35,Health Care,3520,"Pharmaceuticals, Biotechnology & Life Sciences",352010,Biotechnology,35201010,Biotechnology,0.900,model+crosswalk,
ZBRA,Zebra Technologies Corporation,3560,45,Information Technology,4520,Technology Hardware & Equipment,452010,Communications Equipment,45201020,Communications Equipment,0.600,yahoo,
ZCMD,Zhongchao Inc. Class A Ordinary Shares,8200,35,Health Care,3510,Health Care Equipment & Services,351030,Health Care Technology,35103010,Health Care Technology,0.600,yahoo,
ZD,"Ziff Davis, Inc. Common Stock",4822,50,Communication Services,5020,Media & Entertainment,502010,Media,50201010,Advertising,0.700,model+crosswalk,
ZDAI,"DirectBooking Technology Co., Ltd. Class A Ordinary Shares",1540,20,Industrials,2010,Capital Goods,201030,Construction & Engineering,20103010,Construction & Engineering,0.900,model+crosswalk,
ZDGE,"Zedge, Inc.",7372,50,Communication Services,5020,Media & Entertainment,502030,Interactive Media & Services,50203010,Interactive Media & Services,0.600,model+crosswalk,
ZENA,"ZenaTech, Inc. Common Stock",7372,45,Information Technology,4510,Software & Services,451030,Software,45103020,Systems Software,0.750,yahoo+sic,
ZENAF,ZENITH ENERGY LTD NEW,,10,Energy,1010,Energy,101020,"Oil, Gas & Consumable Fuels",10102020,Oil & Gas Exploration & Production,0.650,model+crosswalk,
ZEO,Zeo Energy Corporation Class A Common Stock,1700,20,Industrials,2010,Capital Goods,201040,Electrical Equipment,20104010,Electrical Components & Equipment,0.750,yahoo+sic,
ZETA,Zeta Global Holdings Corp.,7372,45,Information Technology,4510,Software & Services,451030,Software,45103020,Systems Software,0.750,yahoo+sic,
ZG,ZILLOW GROUP INC CLASS A,7389,50,Communication Services,5020,Media & Entertainment,502030,Interactive Media & Services,50203010,Interactive Media & Services,0.600,model+crosswalk,
ZGN,Ermenegildo Zegna N.V.,2300,25,Consumer Discretionary,2520,Consumer Durables & Apparel,252030,"Textiles, Apparel & Luxury Goods",25203010,"Apparel, Accessories & Luxury Goods",0.900,model+crosswalk,
ZGXNF,ZIGEXN CO LTD,,50,Communication Services,5020,Media & Entertainment,502030,Interactive Media & Services,50203010,Interactive Media & Services,0.650,model+crosswalk,
ZICX,ZICIX CORPORATION,,45,Information Technology,4510,Software & Services,451030,Software,45103010,Application Software,0.892,model+crosswalk,
ZIM,ZIM Integrated Shipping Services Ltd.,4412,20,Industrials,2030,Transportation,203030,Marine Transportation,20303010,Marine Transportation,0.900,model+crosswalk,
ZION,Zions Bancorporation N.A.,6021,40,Financials,4010,Banks,401010,Banks,40101015,Regional Banks,0.900,model+crosswalk,
ZIP,"ZipRecruiter, Inc.",7370,50,Communication Services,5020,Media & Entertainment,502030,Interactive Media & Services,50203010,Interactive Media & Services,0.600,model+crosswalk,
ZJK,"ZJK Industrial Co., Ltd. Class A Ordinary Shares",3452,20,Industrials,2010,Capital Goods,201060,Machinery,20106020,Industrial Machinery & Supplies & Components,0.900,model+crosswalk,
ZJYL,JIN MEDICAL INTERNATIONAL LTD. Class A Ordinary Shares,3842,35,Health Care,3510,Health Care Equipment & Services,351010,Health Care Equipment & Supplies,35101020,Health Care Supplies,0.900,model+crosswalk,
ZKIN,"ZK International Group Co., Ltd Ordinary Share",3490,15,Materials,1510,Materials,151040,Metals & Mining,15104050,Steel,0.600,yahoo,
ZKP,Lafayette Digital Acquisition Corp. I Class A Ordinary Shares,6770,,,,,,,,,,,shell_company
ZM,"Zoom Communications, Inc. Class A Common Stock",7370,45,Information Technology,4510,Software & Services,451030,Software,45103010,Application Software,0.900,model+crosswalk,
ZNB,Zeta Network Group Class A Ordinary Shares,8200,50,Communication Services,5020,Media & Entertainment,502020,Entertainment,50202010,Movies & Entertainment,0.600,model+crosswalk,
ZNTL,"Zentalis Pharmaceuticals, Inc. Common Stock",2834,35,Health Care,3520,"Pharmaceuticals, Biotechnology & Life Sciences",352010,Biotechnology,35201010,Biotechnology,0.900,model+crosswalk,
ZONE,Zone Frontier Inc.,2842,45,Information Technology,4510,Software & Services,451020,IT Services,45102010,IT Consulting & Other Services,0.600,yahoo,
ZOOZ,ZOOZ Strategy Ltd. Ordinary Shares,3590,20,Industrials,2010,Capital Goods,201040,Electrical Equipment,20104010,Electrical Components & Equipment,0.750,model+crosswalk,
ZS,"Zscaler, Inc. Common Stock",7371,45,Information Technology,4510,Software & Services,451030,Software,45103020,Systems Software,0.900,model+crosswalk,
ZSQR,Z Squared Inc. Common Stock,6199,45,Information Technology,4510,Software & Services,451020,IT Services,45102030,Internet Services & Infrastructure,0.600,yahoo,
ZSTK,ZeroStack Corp. Common Stock,5122,40,Financials,4020,Financial Services,402030,Capital Markets,40203010,Asset Management & Custody Banks,0.600,model+crosswalk,
ZTEK,Zentek Ltd. Common Stock,2890,35,Health Care,3510,Health Care Equipment & Services,351010,Health Care Equipment & Supplies,35101020,Health Care Supplies,0.600,model+crosswalk,
ZTFMF,ZOTEFOAMS PLC,,15,Materials,1510,Materials,151010,Chemicals,15101050,Specialty Chemicals,0.841,model+crosswalk,
ZTG,Zenta Group Company Limited Class A Ordinary Shares,8742,20,Industrials,2020,Commercial & Professional Services,202020,Professional Services,20202020,Research & Consulting Services,0.900,model+crosswalk,
ZTS,ZOETIS INC.,2834,35,Health Care,3520,"Pharmaceuticals, Biotechnology & Life Sciences",352020,Pharmaceuticals,35202010,Pharmaceuticals,0.900,model+crosswalk,
ZUMZ,Zumiez Inc.,5600,25,Consumer Discretionary,2550,Consumer Discretionary Distribution & Retail,255040,Specialty Retail,25504010,Apparel Retail,0.900,model+crosswalk,
ZURA,Zura Bio Limited Class A Ordinary Shares,2836,35,Health Care,3520,"Pharmaceuticals, Biotechnology & Life Sciences",352010,Biotechnology,35201010,Biotechnology,0.900,model+crosswalk,
ZUUS,ZEUUS INC,,20,Industrials,2020,Commercial & Professional Services,202010,Commercial Services & Supplies,20201070,Diversified Support Services,0.650,yahoo,
ZVIA,Zevia PBC,2086,30,Consumer Staples,3020,"Food, Beverage & Tobacco",302010,Beverages,30201030,Soft Drinks & Non-alcoholic Beverages,0.900,model+crosswalk,
ZVRA,"Zevra Therapeutics, Inc. Common Stock",2834,35,Health Care,3520,"Pharmaceuticals, Biotechnology & Life Sciences",352010,Biotechnology,35201010,Biotechnology,0.750,model+crosswalk,
ZWS,Zurn Elkay Water Solutions Corporation,3560,20,Industrials,2010,Capital Goods,201060,Machinery,20106020,Industrial Machinery & Supplies & Components,0.900,model+crosswalk,
ZYBT,Zhengye Biotechnology Holding Limited Class A Ordinary Shares,2834,35,Health Care,3520,"Pharmaceuticals, Biotechnology & Life Sciences",352020,Pharmaceuticals,35202010,Pharmaceuticals,0.750,model+crosswalk,
ZYME,Zymeworks Inc.,2834,35,Health Care,3520,"Pharmaceuticals, Biotechnology & Life Sciences",352010,Biotechnology,35201010,Biotechnology,0.900,model+crosswalk,
